checkpoint,eval_model,jpeg_quality,image,prompt,psnr_immunized,ssim_imm_orig,ssim_clean_edit,ssim_imm_edit,disrupted
sd15_only,sd15,none,image_1.png,A person in a weekend market,38.154,0.9931,0.4508,0.445,0
sd15_only,sd15,none,image_1.png,A person in a police evidence room,38.154,0.9931,0.432,0.4634,0
sd15_only,sd15,75,image_1.png,A person in a weekend market,35.368,0.9569,0.4508,0.4092,0
sd15_only,sd15,75,image_1.png,A person in a police evidence room,35.368,0.9569,0.432,0.4842,0
sd15_only,sd15,70,image_1.png,A person in a weekend market,35.063,0.9525,0.4508,0.4495,0
sd15_only,sd15,70,image_1.png,A person in a police evidence room,35.063,0.9525,0.432,0.4242,0
sd15_only,sd15,none,image_3.png,A person in a weekend market,35.213,0.9769,0.4519,0.4623,0
sd15_only,sd15,none,image_3.png,A person in a TV newsroom,35.213,0.9769,0.3637,0.3999,0
sd15_only,sd15,75,image_3.png,A person in a weekend market,33.172,0.9382,0.4519,0.5182,0
sd15_only,sd15,75,image_3.png,A person in a TV newsroom,33.172,0.9382,0.3637,0.4092,0
sd15_only,sd15,70,image_3.png,A person in a weekend market,32.93,0.9338,0.4519,0.4767,0
sd15_only,sd15,70,image_3.png,A person in a TV newsroom,32.93,0.9338,0.3637,0.3481,0
sd15_only,sd15,none,image_5.png,A person in a church sanctuary,36.225,0.9825,0.4858,0.5282,0
sd15_only,sd15,none,image_5.png,A person in a charity art auction,36.225,0.9825,0.5259,0.5371,0
sd15_only,sd15,75,image_5.png,A person in a church sanctuary,33.987,0.9486,0.4858,0.5032,0
sd15_only,sd15,75,image_5.png,A person in a charity art auction,33.987,0.9486,0.5259,0.4211,1
sd15_only,sd15,70,image_5.png,A person in a church sanctuary,33.707,0.9442,0.4858,0.3994,1
sd15_only,sd15,70,image_5.png,A person in a charity art auction,33.707,0.9442,0.5259,0.4755,1
sd15_only,sd15,none,image_9.png,A person in a sports field,31.713,0.9657,0.4647,0.3869,1
sd15_only,sd15,none,image_9.png,A person in a waterside cafe,31.713,0.9657,0.4803,0.4709,0
sd15_only,sd15,75,image_9.png,A person in a sports field,31.142,0.9401,0.4647,0.4575,0
sd15_only,sd15,75,image_9.png,A person in a waterside cafe,31.142,0.9401,0.4803,0.4363,0
sd15_only,sd15,70,image_9.png,A person in a sports field,30.992,0.936,0.4647,0.3475,1
sd15_only,sd15,70,image_9.png,A person in a waterside cafe,30.992,0.936,0.4803,0.4547,0
sd15_only,sd15,none,image_13.png,A person in a drive-in theater,38.915,0.9933,0.5869,0.5916,0
sd15_only,sd15,none,image_13.png,A person in a shelter,38.915,0.9933,0.7084,0.6813,0
sd15_only,sd15,75,image_13.png,A person in a drive-in theater,35.73,0.9587,0.5869,0.5854,0
sd15_only,sd15,75,image_13.png,A person in a shelter,35.73,0.9587,0.7084,0.5567,1
sd15_only,sd15,70,image_13.png,A person in a drive-in theater,35.393,0.9547,0.5869,0.5308,1
sd15_only,sd15,70,image_13.png,A person in a shelter,35.393,0.9547,0.7084,0.7272,0
sd15_only,sd15,none,image_18.png,A person in a food truck park,27.448,0.9596,0.6466,0.6847,0
sd15_only,sd15,none,image_18.png,A person in a ice cream parlor,27.448,0.9596,0.7067,0.6813,0
sd15_only,sd15,75,image_18.png,A person in a food truck park,27.139,0.9297,0.6466,0.6787,0
sd15_only,sd15,75,image_18.png,A person in a ice cream parlor,27.139,0.9297,0.7067,0.5931,1
sd15_only,sd15,70,image_18.png,A person in a food truck park,27.096,0.9262,0.6466,0.675,0
sd15_only,sd15,70,image_18.png,A person in a ice cream parlor,27.096,0.9262,0.7067,0.6565,1
sd15_only,sd15,none,image_22.png,A person in a betting shop,28.007,0.9262,0.6515,0.5913,1
sd15_only,sd15,none,image_22.png,A person in a charity art auction,28.007,0.9262,0.6035,0.5521,1
sd15_only,sd15,75,image_22.png,A person in a betting shop,27.706,0.8947,0.6515,0.5985,1
sd15_only,sd15,75,image_22.png,A person in a charity art auction,27.706,0.8947,0.6035,0.5924,0
sd15_only,sd15,70,image_22.png,A person in a betting shop,27.654,0.891,0.6515,0.5716,1
sd15_only,sd15,70,image_22.png,A person in a charity art auction,27.654,0.891,0.6035,0.5942,0
sd15_only,sd15,none,image_23.png,A person in a shelter,33.033,0.9764,0.5112,0.4404,1
sd15_only,sd15,none,image_23.png,A person in a local art market,33.033,0.9764,0.5029,0.4629,0
sd15_only,sd15,75,image_23.png,A person in a shelter,31.823,0.9343,0.5112,0.4478,1
sd15_only,sd15,75,image_23.png,A person in a local art market,31.823,0.9343,0.5029,0.4695,0
sd15_only,sd15,70,image_23.png,A person in a shelter,31.66,0.9295,0.5112,0.4571,1
sd15_only,sd15,70,image_23.png,A person in a local art market,31.66,0.9295,0.5029,0.488,0
sd15_only,sd15,none,image_29.png,A person in a historic landmark event,35.663,0.9885,0.752,0.6408,1
sd15_only,sd15,none,image_29.png,A person in a gymnasium,35.663,0.9885,0.7908,0.6552,1
sd15_only,sd15,75,image_29.png,A person in a historic landmark event,34.159,0.9645,0.752,0.6641,1
sd15_only,sd15,75,image_29.png,A person in a gymnasium,34.159,0.9645,0.7908,0.7055,1
sd15_only,sd15,70,image_29.png,A person in a historic landmark event,34.002,0.9617,0.752,0.6454,1
sd15_only,sd15,70,image_29.png,A person in a gymnasium,34.002,0.9617,0.7908,0.7246,1
sd15_only,sd15,none,image_32.png,A person in a local art market,31.702,0.9643,0.5623,0.5265,0
sd15_only,sd15,none,image_32.png,A person in a pet festival,31.702,0.9643,0.5775,0.5103,1
sd15_only,sd15,75,image_32.png,A person in a local art market,30.842,0.9299,0.5623,0.5179,0
sd15_only,sd15,75,image_32.png,A person in a pet festival,30.842,0.9299,0.5775,0.5473,0
sd15_only,sd15,70,image_32.png,A person in a local art market,30.739,0.9261,0.5623,0.5509,0
sd15_only,sd15,70,image_32.png,A person in a pet festival,30.739,0.9261,0.5775,0.5399,0
sd15_only,sd15,none,image_33.png,A person in a basement,33.229,0.9729,0.3672,0.3401,0
sd15_only,sd15,none,image_33.png,A person in a movie set,33.229,0.9729,0.5689,0.2777,1
sd15_only,sd15,75,image_33.png,A person in a basement,32.404,0.941,0.3672,0.4512,0
sd15_only,sd15,75,image_33.png,A person in a movie set,32.404,0.941,0.5689,0.421,1
sd15_only,sd15,70,image_33.png,A person in a basement,32.297,0.9371,0.3672,0.3536,0
sd15_only,sd15,70,image_33.png,A person in a movie set,32.297,0.9371,0.5689,0.4344,1
sd15_only,sd15,none,image_37.png,A person in a garage,29.556,0.9706,0.7032,0.6422,1
sd15_only,sd15,none,image_37.png,A person in a tech startup launch,29.556,0.9706,0.72,0.6994,0
sd15_only,sd15,75,image_37.png,A person in a garage,29.149,0.9415,0.7032,0.638,1
sd15_only,sd15,75,image_37.png,A person in a tech startup launch,29.149,0.9415,0.72,0.6936,0
sd15_only,sd15,70,image_37.png,A person in a garage,29.08,0.9386,0.7032,0.6913,0
sd15_only,sd15,70,image_37.png,A person in a tech startup launch,29.08,0.9386,0.72,0.6334,1
sd15_only,sd15,none,image_47.png,A person in a hot dog stand,34.299,0.9772,0.6578,0.615,0
sd15_only,sd15,none,image_47.png,A person in a creative writing event,34.299,0.9772,0.5904,0.5781,0
sd15_only,sd15,75,image_47.png,A person in a hot dog stand,32.825,0.9465,0.6578,0.6445,0
sd15_only,sd15,75,image_47.png,A person in a creative writing event,32.825,0.9465,0.5904,0.6217,0
sd15_only,sd15,70,image_47.png,A person in a hot dog stand,32.652,0.9432,0.6578,0.5876,1
sd15_only,sd15,70,image_47.png,A person in a creative writing event,32.652,0.9432,0.5904,0.5813,0
sd15_only,sd15,none,image_49.png,A person in a music and arts festival,25.175,0.8678,0.6287,0.4438,1
sd15_only,sd15,none,image_49.png,A person in a bus stop shelter,25.175,0.8678,0.6048,0.5201,1
sd15_only,sd15,75,image_49.png,A person in a music and arts festival,25.052,0.8352,0.6287,0.5183,1
sd15_only,sd15,75,image_49.png,A person in a bus stop shelter,25.052,0.8352,0.6048,0.4392,1
sd15_only,sd15,70,image_49.png,A person in a music and arts festival,25.012,0.8317,0.6287,0.4697,1
sd15_only,sd15,70,image_49.png,A person in a bus stop shelter,25.012,0.8317,0.6048,0.4819,1
sd15_only,sd15,none,image_53.png,A person in a parking structure,27.057,0.9041,0.5699,0.4385,1
sd15_only,sd15,none,image_53.png,A person in a science museum exhibit,27.057,0.9041,0.5381,0.4737,1
sd15_only,sd15,75,image_53.png,A person in a parking structure,26.864,0.8759,0.5699,0.4761,1
sd15_only,sd15,75,image_53.png,A person in a science museum exhibit,26.864,0.8759,0.5381,0.4781,1
sd15_only,sd15,70,image_53.png,A person in a parking structure,26.816,0.8715,0.5699,0.4847,1
sd15_only,sd15,70,image_53.png,A person in a science museum exhibit,26.816,0.8715,0.5381,0.4811,1
sd15_only,sd15,none,image_57.png,A person in a gym sauna,27.042,0.9291,0.55,0.5214,0
sd15_only,sd15,none,image_57.png,A person in a community theater production,27.042,0.9291,0.6058,0.483,1
sd15_only,sd15,75,image_57.png,A person in a gym sauna,26.815,0.9011,0.55,0.457,1
sd15_only,sd15,75,image_57.png,A person in a community theater production,26.815,0.9011,0.6058,0.6182,0
sd15_only,sd15,70,image_57.png,A person in a gym sauna,26.798,0.8979,0.55,0.5357,0
sd15_only,sd15,70,image_57.png,A person in a community theater production,26.798,0.8979,0.6058,0.6298,0
sd15_only,sd15,none,image_58.png,A person in a costume shop,29.321,0.9552,0.5861,0.5992,0
sd15_only,sd15,none,image_58.png,A person in a candle shop,29.321,0.9552,0.5614,0.6061,0
sd15_only,sd15,75,image_58.png,A person in a costume shop,28.297,0.9085,0.5861,0.5649,0
sd15_only,sd15,75,image_58.png,A person in a candle shop,28.297,0.9085,0.5614,0.5517,0
sd15_only,sd15,70,image_58.png,A person in a costume shop,28.133,0.9032,0.5861,0.6148,0
sd15_only,sd15,70,image_58.png,A person in a candle shop,28.133,0.9032,0.5614,0.568,0
sd15_only,sd15,none,image_66.png,A person in a gym sauna,33.417,0.9772,0.692,0.5667,1
sd15_only,sd15,none,image_66.png,A person in a technology fair,33.417,0.9772,0.7066,0.7285,0
sd15_only,sd15,75,image_66.png,A person in a gym sauna,32.749,0.9547,0.692,0.5676,1
sd15_only,sd15,75,image_66.png,A person in a technology fair,32.749,0.9547,0.7066,0.7845,0
sd15_only,sd15,70,image_66.png,A person in a gym sauna,32.621,0.9521,0.692,0.6542,0
sd15_only,sd15,70,image_66.png,A person in a technology fair,32.621,0.9521,0.7066,0.6756,0
sd15_only,sd15,none,image_67.png,A person in a butcher’s shop,26.972,0.9255,0.6198,0.5518,1
sd15_only,sd15,none,image_67.png,A person in a pet festival,26.972,0.9255,0.7058,0.6842,0
sd15_only,sd15,75,image_67.png,A person in a butcher’s shop,26.756,0.9005,0.6198,0.5852,0
sd15_only,sd15,75,image_67.png,A person in a pet festival,26.756,0.9005,0.7058,0.6468,1
sd15_only,sd15,70,image_67.png,A person in a butcher’s shop,26.724,0.8975,0.6198,0.6086,0
sd15_only,sd15,70,image_67.png,A person in a pet festival,26.724,0.8975,0.7058,0.6955,0
sd15_only,sd15,none,image_73.png,A person in a locker room,29.305,0.9699,0.4684,0.4234,0
sd15_only,sd15,none,image_73.png,A person in a street market,29.305,0.9699,0.4925,0.488,0
sd15_only,sd15,75,image_73.png,A person in a locker room,28.773,0.9269,0.4684,0.5056,0
sd15_only,sd15,75,image_73.png,A person in a street market,28.773,0.9269,0.4925,0.4968,0
sd15_only,sd15,70,image_73.png,A person in a locker room,28.697,0.922,0.4684,0.4071,1
sd15_only,sd15,70,image_73.png,A person in a street market,28.697,0.922,0.4925,0.4845,0
sd15_only,sd15,none,image_80.png,A person in a hot dog stand,27.964,0.9332,0.5323,0.5012,0
sd15_only,sd15,none,image_80.png,A person in a bridal fitting room,27.964,0.9332,0.4966,0.519,0
sd15_only,sd15,75,image_80.png,A person in a hot dog stand,27.528,0.9016,0.5323,0.4699,1
sd15_only,sd15,75,image_80.png,A person in a bridal fitting room,27.528,0.9016,0.4966,0.4659,0
sd15_only,sd15,70,image_80.png,A person in a hot dog stand,27.444,0.896,0.5323,0.501,0
sd15_only,sd15,70,image_80.png,A person in a bridal fitting room,27.444,0.896,0.4966,0.5232,0
sd15_only,sd15,none,image_82.png,A person in a beach resort,36.735,0.9886,0.6942,0.647,0
sd15_only,sd15,none,image_82.png,A person in a transit station,36.735,0.9886,0.7022,0.6722,0
sd15_only,sd15,75,image_82.png,A person in a beach resort,35.124,0.9629,0.6942,0.6728,0
sd15_only,sd15,75,image_82.png,A person in a transit station,35.124,0.9629,0.7022,0.638,1
sd15_only,sd15,70,image_82.png,A person in a beach resort,34.89,0.9591,0.6942,0.6782,0
sd15_only,sd15,70,image_82.png,A person in a transit station,34.89,0.9591,0.7022,0.709,0
sd15_only,sd15,none,image_93.png,A person in a motel room,32.244,0.9682,0.529,0.5313,0
sd15_only,sd15,none,image_93.png,A person in a tech launch event,32.244,0.9682,0.5684,0.5749,0
sd15_only,sd15,75,image_93.png,A person in a motel room,30.66,0.9349,0.529,0.5464,0
sd15_only,sd15,75,image_93.png,A person in a tech launch event,30.66,0.9349,0.5684,0.6285,0
sd15_only,sd15,70,image_93.png,A person in a motel room,30.395,0.9306,0.529,0.5111,0
sd15_only,sd15,70,image_93.png,A person in a tech launch event,30.395,0.9306,0.5684,0.5831,0
sd15_only,sd15,none,image_94.png,A person in a computer lab,36.83,0.9885,0.45,0.4683,0
sd15_only,sd15,none,image_94.png,A person in a lobby,36.83,0.9885,0.5634,0.5608,0
sd15_only,sd15,75,image_94.png,A person in a computer lab,34.272,0.9589,0.45,0.4584,0
sd15_only,sd15,75,image_94.png,A person in a lobby,34.272,0.9589,0.5634,0.5906,0
sd15_only,sd15,70,image_94.png,A person in a computer lab,33.921,0.9549,0.45,0.4592,0
sd15_only,sd15,70,image_94.png,A person in a lobby,33.921,0.9549,0.5634,0.6127,0
sd15_only,sd15,none,image_104.png,A person in a pet festival,38.031,0.993,0.6431,0.5824,1
sd15_only,sd15,none,image_104.png,A person in a slum,38.031,0.993,0.4927,0.4567,0
sd15_only,sd15,75,image_104.png,A person in a pet festival,35.463,0.9597,0.6431,0.503,1
sd15_only,sd15,75,image_104.png,A person in a slum,35.463,0.9597,0.4927,0.4438,0
sd15_only,sd15,70,image_104.png,A person in a pet festival,35.176,0.9561,0.6431,0.6386,0
sd15_only,sd15,70,image_104.png,A person in a slum,35.176,0.9561,0.4927,0.5165,0
sd15_only,sd15,none,image_110.png,A person in a gym sauna,37.51,0.9913,0.5716,0.592,0
sd15_only,sd15,none,image_110.png,A person in a glass factory,37.51,0.9913,0.6962,0.6742,0
sd15_only,sd15,75,image_110.png,A person in a gym sauna,35.397,0.9613,0.5716,0.6439,0
sd15_only,sd15,75,image_110.png,A person in a glass factory,35.397,0.9613,0.6962,0.6905,0
sd15_only,sd15,70,image_110.png,A person in a gym sauna,35.188,0.958,0.5716,0.5775,0
sd15_only,sd15,70,image_110.png,A person in a glass factory,35.188,0.958,0.6962,0.644,1
sd15_only,sd15,none,image_115.png,A person in a tram stop,30.55,0.9681,0.5396,0.5718,0
sd15_only,sd15,none,image_115.png,A person in a fish market,30.55,0.9681,0.4829,0.5091,0
sd15_only,sd15,75,image_115.png,A person in a tram stop,29.7,0.9299,0.5396,0.5545,0
sd15_only,sd15,75,image_115.png,A person in a fish market,29.7,0.9299,0.4829,0.5021,0
sd15_only,sd15,70,image_115.png,A person in a tram stop,29.514,0.9247,0.5396,0.5147,0
sd15_only,sd15,70,image_115.png,A person in a fish market,29.514,0.9247,0.4829,0.5241,0
sd15_only,sd15,none,image_121.png,A person in a basement,28.631,0.9388,0.5995,0.552,0
sd15_only,sd15,none,image_121.png,A person in a dormitory,28.631,0.9388,0.6028,0.5349,1
sd15_only,sd15,75,image_121.png,A person in a basement,28.378,0.9113,0.5995,0.5808,0
sd15_only,sd15,75,image_121.png,A person in a dormitory,28.378,0.9113,0.6028,0.5772,0
sd15_only,sd15,70,image_121.png,A person in a basement,28.326,0.9079,0.5995,0.5398,1
sd15_only,sd15,70,image_121.png,A person in a dormitory,28.326,0.9079,0.6028,0.5837,0
sd15_only,sd15,none,image_129.png,A person in a tech startup,38.104,0.9934,0.6297,0.6025,0
sd15_only,sd15,none,image_129.png,A person in a brewery tour,38.104,0.9934,0.6506,0.6516,0
sd15_only,sd15,75,image_129.png,A person in a tech startup,35.087,0.9684,0.6297,0.5804,0
sd15_only,sd15,75,image_129.png,A person in a brewery tour,35.087,0.9684,0.6506,0.5783,1
sd15_only,sd15,70,image_129.png,A person in a tech startup,34.684,0.9651,0.6297,0.6372,0
sd15_only,sd15,70,image_129.png,A person in a brewery tour,34.684,0.9651,0.6506,0.6214,0
sd15_only,sd15,none,image_133.png,A person in a laundry room,38.171,0.9911,0.2814,0.2853,0
sd15_only,sd15,none,image_133.png,A person in a tech startup,38.171,0.9911,0.2925,0.2896,0
sd15_only,sd15,75,image_133.png,A person in a laundry room,33.335,0.9549,0.2814,0.2724,0
sd15_only,sd15,75,image_133.png,A person in a tech startup,33.335,0.9549,0.2925,0.2998,0
sd15_only,sd15,70,image_133.png,A person in a laundry room,32.894,0.9499,0.2814,0.2831,0
sd15_only,sd15,70,image_133.png,A person in a tech startup,32.894,0.9499,0.2925,0.2977,0
sd15_only,sd15,none,image_135.png,A person in a music studio,31.583,0.938,0.5208,0.5287,0
sd15_only,sd15,none,image_135.png,A person in a local crafts market,31.583,0.938,0.5472,0.5657,0
sd15_only,sd15,75,image_135.png,A person in a music studio,30.597,0.9001,0.5208,0.5452,0
sd15_only,sd15,75,image_135.png,A person in a local crafts market,30.597,0.9001,0.5472,0.5196,0
sd15_only,sd15,70,image_135.png,A person in a music studio,30.462,0.8961,0.5208,0.521,0
sd15_only,sd15,70,image_135.png,A person in a local crafts market,30.462,0.8961,0.5472,0.5085,0
sd15_only,sd15,none,image_142.png,A person in a bowling alley,33.192,0.9812,0.5865,0.5898,0
sd15_only,sd15,none,image_142.png,A person in a climbing wall,33.192,0.9812,0.5978,0.5238,1
sd15_only,sd15,75,image_142.png,A person in a bowling alley,32.27,0.9449,0.5865,0.5635,0
sd15_only,sd15,75,image_142.png,A person in a climbing wall,32.27,0.9449,0.5978,0.5556,0
sd15_only,sd15,70,image_142.png,A person in a bowling alley,32.143,0.9404,0.5865,0.5294,1
sd15_only,sd15,70,image_142.png,A person in a climbing wall,32.143,0.9404,0.5978,0.559,0
sd15_only,sd15,none,image_149.png,A person in a music and arts festival,34.488,0.9766,0.5817,0.5984,0
sd15_only,sd15,none,image_149.png,A person in a costume party,34.488,0.9766,0.6053,0.5713,0
sd15_only,sd15,75,image_149.png,A person in a music and arts festival,33.682,0.9456,0.5817,0.6058,0
sd15_only,sd15,75,image_149.png,A person in a costume party,33.682,0.9456,0.6053,0.6073,0
sd15_only,sd15,70,image_149.png,A person in a music and arts festival,33.546,0.9418,0.5817,0.6107,0
sd15_only,sd15,70,image_149.png,A person in a costume party,33.546,0.9418,0.6053,0.6084,0
sd15_only,sd15,none,image_151.png,A person in a charity art auction,25.442,0.8622,0.7016,0.5759,1
sd15_only,sd15,none,image_151.png,A person in a customs checkpoint,25.442,0.8622,0.7002,0.6033,1
sd15_only,sd15,75,image_151.png,A person in a charity art auction,25.424,0.8387,0.7016,0.5645,1
sd15_only,sd15,75,image_151.png,A person in a customs checkpoint,25.424,0.8387,0.7002,0.6059,1
sd15_only,sd15,70,image_151.png,A person in a charity art auction,25.404,0.8355,0.7016,0.5501,1
sd15_only,sd15,70,image_151.png,A person in a customs checkpoint,25.404,0.8355,0.7002,0.5799,1
sd15_only,sd15,none,image_152.png,A person in a city food tour,36.167,0.988,0.5816,0.6028,0
sd15_only,sd15,none,image_152.png,A person in a flea market,36.167,0.988,0.6153,0.5449,1
sd15_only,sd15,75,image_152.png,A person in a city food tour,34.273,0.9525,0.5816,0.593,0
sd15_only,sd15,75,image_152.png,A person in a flea market,34.273,0.9525,0.6153,0.6062,0
sd15_only,sd15,70,image_152.png,A person in a city food tour,34.045,0.9481,0.5816,0.6042,0
sd15_only,sd15,70,image_152.png,A person in a flea market,34.045,0.9481,0.6153,0.6281,0
sd15_only,sd15,none,image_160.png,A person in a flower garden,35.15,0.9895,0.5171,0.5076,0
sd15_only,sd15,none,image_160.png,A person in a sports field,35.15,0.9895,0.4949,0.5189,0
sd15_only,sd15,75,image_160.png,A person in a flower garden,33.013,0.9458,0.5171,0.5182,0
sd15_only,sd15,75,image_160.png,A person in a sports field,33.013,0.9458,0.4949,0.5035,0
sd15_only,sd15,70,image_160.png,A person in a flower garden,32.74,0.9408,0.5171,0.5191,0
sd15_only,sd15,70,image_160.png,A person in a sports field,32.74,0.9408,0.4949,0.4985,0
sd15_only,sd15,none,image_163.png,A person in a slum,33.117,0.9824,0.3894,0.3725,0
sd15_only,sd15,none,image_163.png,A person in a nightclub,33.117,0.9824,0.3629,0.3616,0
sd15_only,sd15,75,image_163.png,A person in a slum,31.809,0.9505,0.3894,0.3776,0
sd15_only,sd15,75,image_163.png,A person in a nightclub,31.809,0.9505,0.3629,0.3111,1
sd15_only,sd15,70,image_163.png,A person in a slum,31.5,0.944,0.3894,0.3683,0
sd15_only,sd15,70,image_163.png,A person in a nightclub,31.5,0.944,0.3629,0.331,0
sd15_only,sd15,none,image_165.png,A person in a digital art gallery,36.207,0.9885,0.4927,0.4526,0
sd15_only,sd15,none,image_165.png,A person in a cocktail bar,36.207,0.9885,0.4134,0.43,0
sd15_only,sd15,75,image_165.png,A person in a digital art gallery,34.242,0.9532,0.4927,0.4229,1
sd15_only,sd15,75,image_165.png,A person in a cocktail bar,34.242,0.9532,0.4134,0.4137,0
sd15_only,sd15,70,image_165.png,A person in a digital art gallery,33.936,0.9487,0.4927,0.4586,0
sd15_only,sd15,70,image_165.png,A person in a cocktail bar,33.936,0.9487,0.4134,0.4506,0
sd15_only,sd15,none,image_169.png,A person in a technology fair,24.899,0.8917,0.6824,0.5217,1
sd15_only,sd15,none,image_169.png,A person in a food truck park,24.899,0.8917,0.6877,0.5674,1
sd15_only,sd15,75,image_169.png,A person in a technology fair,24.798,0.8637,0.6824,0.5756,1
sd15_only,sd15,75,image_169.png,A person in a food truck park,24.798,0.8637,0.6877,0.6203,1
sd15_only,sd15,70,image_169.png,A person in a technology fair,24.782,0.8602,0.6824,0.608,1
sd15_only,sd15,70,image_169.png,A person in a food truck park,24.782,0.8602,0.6877,0.6439,0
sd15_only,sd15,none,image_170.png,A person in a casino lounge,30.907,0.9719,0.5189,0.4871,0
sd15_only,sd15,none,image_170.png,A person in a dance festival,30.907,0.9719,0.5225,0.4702,1
sd15_only,sd15,75,image_170.png,A person in a casino lounge,30.054,0.9395,0.5189,0.4955,0
sd15_only,sd15,75,image_170.png,A person in a dance festival,30.054,0.9395,0.5225,0.4802,0
sd15_only,sd15,70,image_170.png,A person in a casino lounge,29.953,0.9357,0.5189,0.4907,0
sd15_only,sd15,70,image_170.png,A person in a dance festival,29.953,0.9357,0.5225,0.4576,1
sd15_only,sd15,none,image_180.png,A person in a rooftop lounge,27.576,0.9524,0.4683,0.4388,0
sd15_only,sd15,none,image_180.png,A person in a gym sauna,27.576,0.9524,0.4274,0.4345,0
sd15_only,sd15,75,image_180.png,A person in a rooftop lounge,27.026,0.9049,0.4683,0.3929,1
sd15_only,sd15,75,image_180.png,A person in a gym sauna,27.026,0.9049,0.4274,0.3609,1
sd15_only,sd15,70,image_180.png,A person in a rooftop lounge,26.935,0.899,0.4683,0.4009,1
sd15_only,sd15,70,image_180.png,A person in a gym sauna,26.935,0.899,0.4274,0.4216,0
sd15_only,sd15,none,image_181.png,A person in a butcher shop,39.274,0.9928,0.5386,0.4878,1
sd15_only,sd15,none,image_181.png,A person in a highway rest stop,39.274,0.9928,0.5713,0.5371,0
sd15_only,sd15,75,image_181.png,A person in a butcher shop,36.77,0.959,0.5386,0.5151,0
sd15_only,sd15,75,image_181.png,A person in a highway rest stop,36.77,0.959,0.5713,0.61,0
sd15_only,sd15,70,image_181.png,A person in a butcher shop,36.547,0.9555,0.5386,0.592,0
sd15_only,sd15,70,image_181.png,A person in a highway rest stop,36.547,0.9555,0.5713,0.5192,1
sd15_only,sd15,none,image_185.png,A person in a golf course clubhouse,27.632,0.935,0.5686,0.5139,1
sd15_only,sd15,none,image_185.png,A person in a rehab facility,27.632,0.935,0.6364,0.5622,1
sd15_only,sd15,75,image_185.png,A person in a golf course clubhouse,27.387,0.9066,0.5686,0.5317,0
sd15_only,sd15,75,image_185.png,A person in a rehab facility,27.387,0.9066,0.6364,0.5425,1
sd15_only,sd15,70,image_185.png,A person in a golf course clubhouse,27.341,0.9031,0.5686,0.5476,0
sd15_only,sd15,70,image_185.png,A person in a rehab facility,27.341,0.9031,0.6364,0.524,1
sd15_only,sd15,none,image_186.png,A person in a community arts and crafts market,35.078,0.981,0.4848,0.5035,0
sd15_only,sd15,none,image_186.png,A person in a church sanctuary,35.078,0.981,0.3986,0.4926,0
sd15_only,sd15,75,image_186.png,A person in a community arts and crafts market,32.461,0.9472,0.4848,0.4561,0
sd15_only,sd15,75,image_186.png,A person in a church sanctuary,32.461,0.9472,0.3986,0.4003,0
sd15_only,sd15,70,image_186.png,A person in a community arts and crafts market,32.077,0.9428,0.4848,0.4367,0
sd15_only,sd15,70,image_186.png,A person in a church sanctuary,32.077,0.9428,0.3986,0.4391,0
sd15_only,sd15,none,image_189.png,A person in a vintage arts fair,35.81,0.9867,0.5093,0.4916,0
sd15_only,sd15,none,image_189.png,A person in a bowling alley,35.81,0.9867,0.4357,0.4135,0
sd15_only,sd15,75,image_189.png,A person in a vintage arts fair,32.728,0.9446,0.5093,0.5232,0
sd15_only,sd15,75,image_189.png,A person in a bowling alley,32.728,0.9446,0.4357,0.4176,0
sd15_only,sd15,70,image_189.png,A person in a vintage arts fair,32.416,0.9401,0.5093,0.497,0
sd15_only,sd15,70,image_189.png,A person in a bowling alley,32.416,0.9401,0.4357,0.4046,0
sd15_only,sd15,none,image_201.png,A person in a high-end restaurant,34.065,0.9724,0.4475,0.5031,0
sd15_only,sd15,none,image_201.png,A person in a bowling alley,34.065,0.9724,0.4403,0.4975,0
sd15_only,sd15,75,image_201.png,A person in a high-end restaurant,32.911,0.9361,0.4475,0.4124,0
sd15_only,sd15,75,image_201.png,A person in a bowling alley,32.911,0.9361,0.4403,0.4457,0
sd15_only,sd15,70,image_201.png,A person in a high-end restaurant,32.787,0.9313,0.4475,0.3894,1
sd15_only,sd15,70,image_201.png,A person in a bowling alley,32.787,0.9313,0.4403,0.3622,1
sd15_only,sd15,none,image_203.png,A person in a gymnasium,37.749,0.9932,0.7644,0.5039,1
sd15_only,sd15,none,image_203.png,A person in a brothel,37.749,0.9932,0.7018,0.7466,0
sd15_only,sd15,75,image_203.png,A person in a gymnasium,35.945,0.9711,0.7644,0.687,1
sd15_only,sd15,75,image_203.png,A person in a brothel,35.945,0.9711,0.7018,0.6881,0
sd15_only,sd15,70,image_203.png,A person in a gymnasium,35.701,0.9686,0.7644,0.6834,1
sd15_only,sd15,70,image_203.png,A person in a brothel,35.701,0.9686,0.7018,0.4973,1
sd15_only,sd15,none,image_209.png,A person in a summer camp,34.921,0.9858,0.4762,0.4582,0
sd15_only,sd15,none,image_209.png,A person in a TV studio,34.921,0.9858,0.4963,0.4959,0
sd15_only,sd15,75,image_209.png,A person in a summer camp,33.459,0.9528,0.4762,0.4674,0
sd15_only,sd15,75,image_209.png,A person in a TV studio,33.459,0.9528,0.4963,0.5,0
sd15_only,sd15,70,image_209.png,A person in a summer camp,33.179,0.9473,0.4762,0.4957,0
sd15_only,sd15,70,image_209.png,A person in a TV studio,33.179,0.9473,0.4963,0.4925,0
sd15_only,sd15,none,image_212.png,A person in a street vendor stand,36.531,0.9853,0.5796,0.5451,0
sd15_only,sd15,none,image_212.png,A person in a dog park picnic,36.531,0.9853,0.6389,0.6139,0
sd15_only,sd15,75,image_212.png,A person in a street vendor stand,34.401,0.959,0.5796,0.6465,0
sd15_only,sd15,75,image_212.png,A person in a dog park picnic,34.401,0.959,0.6389,0.6722,0
sd15_only,sd15,70,image_212.png,A person in a street vendor stand,34.139,0.9555,0.5796,0.6375,0
sd15_only,sd15,70,image_212.png,A person in a dog park picnic,34.139,0.9555,0.6389,0.6944,0
sd15_only,sd15,none,image_213.png,A person in a science museum exhibit,29.628,0.945,0.6167,0.5152,1
sd15_only,sd15,none,image_213.png,A person in a woodworking shop,29.628,0.945,0.5426,0.5772,0
sd15_only,sd15,75,image_213.png,A person in a science museum exhibit,29.309,0.9175,0.6167,0.5799,0
sd15_only,sd15,75,image_213.png,A person in a woodworking shop,29.309,0.9175,0.5426,0.5747,0
sd15_only,sd15,70,image_213.png,A person in a science museum exhibit,29.255,0.9144,0.6167,0.5945,0
sd15_only,sd15,70,image_213.png,A person in a woodworking shop,29.255,0.9144,0.5426,0.5749,0
multimodel_h1a,sd15,none,image_1.png,A person in a weekend market,29.939,0.9754,0.4058,0.4272,0
multimodel_h1a,sd15,none,image_1.png,A person in a police evidence room,29.939,0.9754,0.4405,0.3939,0
multimodel_h1a,sd15,75,image_1.png,A person in a weekend market,29.574,0.9439,0.4058,0.3898,0
multimodel_h1a,sd15,75,image_1.png,A person in a police evidence room,29.574,0.9439,0.4405,0.3733,1
multimodel_h1a,sd15,70,image_1.png,A person in a weekend market,29.494,0.9396,0.4058,0.4522,0
multimodel_h1a,sd15,70,image_1.png,A person in a police evidence room,29.494,0.9396,0.4405,0.3994,0
multimodel_h1a,sd15,none,image_3.png,A person in a weekend market,31.311,0.9511,0.4801,0.4356,0
multimodel_h1a,sd15,none,image_3.png,A person in a TV newsroom,31.311,0.9511,0.4081,0.4006,0
multimodel_h1a,sd15,75,image_3.png,A person in a weekend market,30.604,0.9219,0.4801,0.4484,0
multimodel_h1a,sd15,75,image_3.png,A person in a TV newsroom,30.604,0.9219,0.4081,0.4495,0
multimodel_h1a,sd15,70,image_3.png,A person in a weekend market,30.476,0.9175,0.4801,0.4867,0
multimodel_h1a,sd15,70,image_3.png,A person in a TV newsroom,30.476,0.9175,0.4081,0.3903,0
multimodel_h1a,sd15,none,image_5.png,A person in a church sanctuary,42.015,0.9907,0.4768,0.4101,1
multimodel_h1a,sd15,none,image_5.png,A person in a charity art auction,42.015,0.9907,0.4934,0.4674,0
multimodel_h1a,sd15,75,image_5.png,A person in a church sanctuary,36.83,0.9599,0.4768,0.4033,1
multimodel_h1a,sd15,75,image_5.png,A person in a charity art auction,36.83,0.9599,0.4934,0.4803,0
multimodel_h1a,sd15,70,image_5.png,A person in a church sanctuary,36.243,0.9552,0.4768,0.4824,0
multimodel_h1a,sd15,70,image_5.png,A person in a charity art auction,36.243,0.9552,0.4934,0.4537,0
multimodel_h1a,sd15,none,image_9.png,A person in a sports field,33.228,0.9803,0.478,0.4751,0
multimodel_h1a,sd15,none,image_9.png,A person in a waterside cafe,33.228,0.9803,0.4935,0.482,0
multimodel_h1a,sd15,75,image_9.png,A person in a sports field,32.598,0.9571,0.478,0.4606,0
multimodel_h1a,sd15,75,image_9.png,A person in a waterside cafe,32.598,0.9571,0.4935,0.4136,1
multimodel_h1a,sd15,70,image_9.png,A person in a sports field,32.425,0.9527,0.478,0.4015,1
multimodel_h1a,sd15,70,image_9.png,A person in a waterside cafe,32.425,0.9527,0.4935,0.4541,0
multimodel_h1a,sd15,none,image_13.png,A person in a drive-in theater,39.797,0.9883,0.4945,0.4258,1
multimodel_h1a,sd15,none,image_13.png,A person in a shelter,39.797,0.9883,0.5634,0.564,0
multimodel_h1a,sd15,75,image_13.png,A person in a drive-in theater,36.564,0.9572,0.4945,0.6091,0
multimodel_h1a,sd15,75,image_13.png,A person in a shelter,36.564,0.9572,0.5634,0.6385,0
multimodel_h1a,sd15,70,image_13.png,A person in a drive-in theater,36.118,0.9532,0.4945,0.6278,0
multimodel_h1a,sd15,70,image_13.png,A person in a shelter,36.118,0.9532,0.5634,0.6009,0
multimodel_h1a,sd15,none,image_18.png,A person in a food truck park,26.189,0.9596,0.6387,0.6395,0
multimodel_h1a,sd15,none,image_18.png,A person in a ice cream parlor,26.189,0.9596,0.6615,0.5428,1
multimodel_h1a,sd15,75,image_18.png,A person in a food truck park,26.087,0.9343,0.6387,0.5778,1
multimodel_h1a,sd15,75,image_18.png,A person in a ice cream parlor,26.087,0.9343,0.6615,0.6703,0
multimodel_h1a,sd15,70,image_18.png,A person in a food truck park,26.04,0.9309,0.6387,0.6616,0
multimodel_h1a,sd15,70,image_18.png,A person in a ice cream parlor,26.04,0.9309,0.6615,0.6142,0
multimodel_h1a,sd15,none,image_22.png,A person in a betting shop,26.942,0.9498,0.6262,0.6002,0
multimodel_h1a,sd15,none,image_22.png,A person in a charity art auction,26.942,0.9498,0.6354,0.5376,1
multimodel_h1a,sd15,75,image_22.png,A person in a betting shop,26.735,0.9215,0.6262,0.5978,0
multimodel_h1a,sd15,75,image_22.png,A person in a charity art auction,26.735,0.9215,0.6354,0.5503,1
multimodel_h1a,sd15,70,image_22.png,A person in a betting shop,26.686,0.9174,0.6262,0.5538,1
multimodel_h1a,sd15,70,image_22.png,A person in a charity art auction,26.686,0.9174,0.6354,0.5873,0
multimodel_h1a,sd15,none,image_23.png,A person in a shelter,42.183,0.9911,0.5322,0.4392,1
multimodel_h1a,sd15,none,image_23.png,A person in a local art market,42.183,0.9911,0.528,0.4523,1
multimodel_h1a,sd15,75,image_23.png,A person in a shelter,36.689,0.9508,0.5322,0.4906,0
multimodel_h1a,sd15,75,image_23.png,A person in a local art market,36.689,0.9508,0.528,0.4721,1
multimodel_h1a,sd15,70,image_23.png,A person in a shelter,36.22,0.946,0.5322,0.4506,1
multimodel_h1a,sd15,70,image_23.png,A person in a local art market,36.22,0.946,0.528,0.5182,0
multimodel_h1a,sd15,none,image_29.png,A person in a historic landmark event,30.55,0.9703,0.6416,0.5591,1
multimodel_h1a,sd15,none,image_29.png,A person in a gymnasium,30.55,0.9703,0.6841,0.6547,0
multimodel_h1a,sd15,75,image_29.png,A person in a historic landmark event,30.309,0.9501,0.6416,0.7312,0
multimodel_h1a,sd15,75,image_29.png,A person in a gymnasium,30.309,0.9501,0.6841,0.6904,0
multimodel_h1a,sd15,70,image_29.png,A person in a historic landmark event,30.206,0.9477,0.6416,0.6194,0
multimodel_h1a,sd15,70,image_29.png,A person in a gymnasium,30.206,0.9477,0.6841,0.5673,1
multimodel_h1a,sd15,none,image_32.png,A person in a local art market,34.73,0.9719,0.5557,0.5544,0
multimodel_h1a,sd15,none,image_32.png,A person in a pet festival,34.73,0.9719,0.5599,0.53,0
multimodel_h1a,sd15,75,image_32.png,A person in a local art market,33.481,0.9423,0.5557,0.5733,0
multimodel_h1a,sd15,75,image_32.png,A person in a pet festival,33.481,0.9423,0.5599,0.5606,0
multimodel_h1a,sd15,70,image_32.png,A person in a local art market,33.24,0.938,0.5557,0.5656,0
multimodel_h1a,sd15,70,image_32.png,A person in a pet festival,33.24,0.938,0.5599,0.5876,0
multimodel_h1a,sd15,none,image_33.png,A person in a basement,38.754,0.9832,0.4087,0.3743,0
multimodel_h1a,sd15,none,image_33.png,A person in a movie set,38.754,0.9832,0.6056,0.6876,0
multimodel_h1a,sd15,75,image_33.png,A person in a basement,36.636,0.9549,0.4087,0.4382,0
multimodel_h1a,sd15,75,image_33.png,A person in a movie set,36.636,0.9549,0.6056,0.4245,1
multimodel_h1a,sd15,70,image_33.png,A person in a basement,36.341,0.9511,0.4087,0.4227,0
multimodel_h1a,sd15,70,image_33.png,A person in a movie set,36.341,0.9511,0.6056,0.4759,1
multimodel_h1a,sd15,none,image_37.png,A person in a garage,31.661,0.979,0.7014,0.7299,0
multimodel_h1a,sd15,none,image_37.png,A person in a tech startup launch,31.661,0.979,0.728,0.6778,1
multimodel_h1a,sd15,75,image_37.png,A person in a garage,31.149,0.9534,0.7014,0.6839,0
multimodel_h1a,sd15,75,image_37.png,A person in a tech startup launch,31.149,0.9534,0.728,0.7002,0
multimodel_h1a,sd15,70,image_37.png,A person in a garage,31.027,0.9504,0.7014,0.6783,0
multimodel_h1a,sd15,70,image_37.png,A person in a tech startup launch,31.027,0.9504,0.728,0.6918,0
multimodel_h1a,sd15,none,image_47.png,A person in a hot dog stand,38.441,0.9875,0.6233,0.6194,0
multimodel_h1a,sd15,none,image_47.png,A person in a creative writing event,38.441,0.9875,0.5868,0.6195,0
multimodel_h1a,sd15,75,image_47.png,A person in a hot dog stand,35.853,0.9598,0.6233,0.6101,0
multimodel_h1a,sd15,75,image_47.png,A person in a creative writing event,35.853,0.9598,0.5868,0.5829,0
multimodel_h1a,sd15,70,image_47.png,A person in a hot dog stand,35.528,0.9567,0.6233,0.6351,0
multimodel_h1a,sd15,70,image_47.png,A person in a creative writing event,35.528,0.9567,0.5868,0.5659,0
multimodel_h1a,sd15,none,image_49.png,A person in a music and arts festival,26.469,0.8897,0.6211,0.4653,1
multimodel_h1a,sd15,none,image_49.png,A person in a bus stop shelter,26.469,0.8897,0.595,0.4707,1
multimodel_h1a,sd15,75,image_49.png,A person in a music and arts festival,26.341,0.8615,0.6211,0.5362,1
multimodel_h1a,sd15,75,image_49.png,A person in a bus stop shelter,26.341,0.8615,0.595,0.5358,1
multimodel_h1a,sd15,70,image_49.png,A person in a music and arts festival,26.315,0.8583,0.6211,0.5419,1
multimodel_h1a,sd15,70,image_49.png,A person in a bus stop shelter,26.315,0.8583,0.595,0.5644,0
multimodel_h1a,sd15,none,image_53.png,A person in a parking structure,27.531,0.9114,0.5131,0.5192,0
multimodel_h1a,sd15,none,image_53.png,A person in a science museum exhibit,27.531,0.9114,0.502,0.4076,1
multimodel_h1a,sd15,75,image_53.png,A person in a parking structure,27.363,0.8844,0.5131,0.4955,0
multimodel_h1a,sd15,75,image_53.png,A person in a science museum exhibit,27.363,0.8844,0.502,0.4892,0
multimodel_h1a,sd15,70,image_53.png,A person in a parking structure,27.3,0.88,0.5131,0.4984,0
multimodel_h1a,sd15,70,image_53.png,A person in a science museum exhibit,27.3,0.88,0.502,0.4674,0
multimodel_h1a,sd15,none,image_57.png,A person in a gym sauna,37.182,0.9687,0.4739,0.4509,0
multimodel_h1a,sd15,none,image_57.png,A person in a community theater production,37.182,0.9687,0.7171,0.5485,1
multimodel_h1a,sd15,75,image_57.png,A person in a gym sauna,35.199,0.9438,0.4739,0.6289,0
multimodel_h1a,sd15,75,image_57.png,A person in a community theater production,35.199,0.9438,0.7171,0.507,1
multimodel_h1a,sd15,70,image_57.png,A person in a gym sauna,34.862,0.9399,0.4739,0.5802,0
multimodel_h1a,sd15,70,image_57.png,A person in a community theater production,34.862,0.9399,0.7171,0.5379,1
multimodel_h1a,sd15,none,image_58.png,A person in a costume shop,35.808,0.9773,0.5568,0.5457,0
multimodel_h1a,sd15,none,image_58.png,A person in a candle shop,35.808,0.9773,0.5059,0.5204,0
multimodel_h1a,sd15,75,image_58.png,A person in a costume shop,32.44,0.9305,0.5568,0.6016,0
multimodel_h1a,sd15,75,image_58.png,A person in a candle shop,32.44,0.9305,0.5059,0.6025,0
multimodel_h1a,sd15,70,image_58.png,A person in a costume shop,32.035,0.9245,0.5568,0.6046,0
multimodel_h1a,sd15,70,image_58.png,A person in a candle shop,32.035,0.9245,0.5059,0.5895,0
multimodel_h1a,sd15,none,image_66.png,A person in a gym sauna,28.498,0.9628,0.7157,0.7244,0
multimodel_h1a,sd15,none,image_66.png,A person in a technology fair,28.498,0.9628,0.7213,0.7406,0
multimodel_h1a,sd15,75,image_66.png,A person in a gym sauna,28.387,0.9437,0.7157,0.5156,1
multimodel_h1a,sd15,75,image_66.png,A person in a technology fair,28.387,0.9437,0.7213,0.6847,0
multimodel_h1a,sd15,70,image_66.png,A person in a gym sauna,28.371,0.9416,0.7157,0.6175,1
multimodel_h1a,sd15,70,image_66.png,A person in a technology fair,28.371,0.9416,0.7213,0.781,0
multimodel_h1a,sd15,none,image_67.png,A person in a butcher’s shop,28.36,0.9641,0.5626,0.675,0
multimodel_h1a,sd15,none,image_67.png,A person in a pet festival,28.36,0.9641,0.702,0.6539,0
multimodel_h1a,sd15,75,image_67.png,A person in a butcher’s shop,28.254,0.9429,0.5626,0.5567,0
multimodel_h1a,sd15,75,image_67.png,A person in a pet festival,28.254,0.9429,0.702,0.769,0
multimodel_h1a,sd15,70,image_67.png,A person in a butcher’s shop,28.201,0.94,0.5626,0.6308,0
multimodel_h1a,sd15,70,image_67.png,A person in a pet festival,28.201,0.94,0.702,0.7492,0
multimodel_h1a,sd15,none,image_73.png,A person in a locker room,41.04,0.9929,0.4686,0.43,0
multimodel_h1a,sd15,none,image_73.png,A person in a street market,41.04,0.9929,0.4742,0.5314,0
multimodel_h1a,sd15,75,image_73.png,A person in a locker room,36.245,0.9504,0.4686,0.4599,0
multimodel_h1a,sd15,75,image_73.png,A person in a street market,36.245,0.9504,0.4742,0.5102,0
multimodel_h1a,sd15,70,image_73.png,A person in a locker room,35.785,0.9453,0.4686,0.4727,0
multimodel_h1a,sd15,70,image_73.png,A person in a street market,35.785,0.9453,0.4742,0.5358,0
multimodel_h1a,sd15,none,image_80.png,A person in a hot dog stand,33.614,0.9792,0.5149,0.476,0
multimodel_h1a,sd15,none,image_80.png,A person in a bridal fitting room,33.614,0.9792,0.5655,0.5201,0
multimodel_h1a,sd15,75,image_80.png,A person in a hot dog stand,32.271,0.948,0.5149,0.5101,0
multimodel_h1a,sd15,75,image_80.png,A person in a bridal fitting room,32.271,0.948,0.5655,0.5421,0
multimodel_h1a,sd15,70,image_80.png,A person in a hot dog stand,32.017,0.942,0.5149,0.4815,0
multimodel_h1a,sd15,70,image_80.png,A person in a bridal fitting room,32.017,0.942,0.5655,0.5033,1
multimodel_h1a,sd15,none,image_82.png,A person in a beach resort,31.494,0.9821,0.6661,0.6652,0
multimodel_h1a,sd15,none,image_82.png,A person in a transit station,31.494,0.9821,0.6729,0.6397,0
multimodel_h1a,sd15,75,image_82.png,A person in a beach resort,31.092,0.9593,0.6661,0.6395,0
multimodel_h1a,sd15,75,image_82.png,A person in a transit station,31.092,0.9593,0.6729,0.6541,0
multimodel_h1a,sd15,70,image_82.png,A person in a beach resort,30.987,0.9554,0.6661,0.6598,0
multimodel_h1a,sd15,70,image_82.png,A person in a transit station,30.987,0.9554,0.6729,0.664,0
multimodel_h1a,sd15,none,image_93.png,A person in a motel room,34.326,0.9743,0.5194,0.5748,0
multimodel_h1a,sd15,none,image_93.png,A person in a tech launch event,34.326,0.9743,0.5679,0.5505,0
multimodel_h1a,sd15,75,image_93.png,A person in a motel room,32.352,0.9454,0.5194,0.5114,0
multimodel_h1a,sd15,75,image_93.png,A person in a tech launch event,32.352,0.9454,0.5679,0.6231,0
multimodel_h1a,sd15,70,image_93.png,A person in a motel room,31.986,0.941,0.5194,0.4647,1
multimodel_h1a,sd15,70,image_93.png,A person in a tech launch event,31.986,0.941,0.5679,0.5065,1
multimodel_h1a,sd15,none,image_94.png,A person in a computer lab,39.919,0.99,0.4243,0.561,0
multimodel_h1a,sd15,none,image_94.png,A person in a lobby,39.919,0.99,0.4891,0.6542,0
multimodel_h1a,sd15,75,image_94.png,A person in a computer lab,36.074,0.9636,0.4243,0.4243,0
multimodel_h1a,sd15,75,image_94.png,A person in a lobby,36.074,0.9636,0.4891,0.544,0
multimodel_h1a,sd15,70,image_94.png,A person in a computer lab,35.501,0.9593,0.4243,0.559,0
multimodel_h1a,sd15,70,image_94.png,A person in a lobby,35.501,0.9593,0.4891,0.479,0
multimodel_h1a,sd15,none,image_104.png,A person in a pet festival,45.774,0.9967,0.6151,0.6195,0
multimodel_h1a,sd15,none,image_104.png,A person in a slum,45.774,0.9967,0.5151,0.4888,0
multimodel_h1a,sd15,75,image_104.png,A person in a pet festival,38.31,0.9645,0.6151,0.5785,0
multimodel_h1a,sd15,75,image_104.png,A person in a slum,38.31,0.9645,0.5151,0.4884,0
multimodel_h1a,sd15,70,image_104.png,A person in a pet festival,37.769,0.9608,0.6151,0.6347,0
multimodel_h1a,sd15,70,image_104.png,A person in a slum,37.769,0.9608,0.5151,0.566,0
multimodel_h1a,sd15,none,image_110.png,A person in a gym sauna,39.405,0.9919,0.3647,0.5915,0
multimodel_h1a,sd15,none,image_110.png,A person in a glass factory,39.405,0.9919,0.5935,0.654,0
multimodel_h1a,sd15,75,image_110.png,A person in a gym sauna,36.937,0.9649,0.3647,0.5162,0
multimodel_h1a,sd15,75,image_110.png,A person in a glass factory,36.937,0.9649,0.5935,0.6346,0
multimodel_h1a,sd15,70,image_110.png,A person in a gym sauna,36.571,0.9613,0.3647,0.631,0
multimodel_h1a,sd15,70,image_110.png,A person in a glass factory,36.571,0.9613,0.5935,0.745,0
multimodel_h1a,sd15,none,image_115.png,A person in a tram stop,31.492,0.9672,0.5812,0.5353,0
multimodel_h1a,sd15,none,image_115.png,A person in a fish market,31.492,0.9672,0.538,0.5337,0
multimodel_h1a,sd15,75,image_115.png,A person in a tram stop,30.687,0.9363,0.5812,0.526,1
multimodel_h1a,sd15,75,image_115.png,A person in a fish market,30.687,0.9363,0.538,0.5108,0
multimodel_h1a,sd15,70,image_115.png,A person in a tram stop,30.502,0.9308,0.5812,0.5743,0
multimodel_h1a,sd15,70,image_115.png,A person in a fish market,30.502,0.9308,0.538,0.5188,0
multimodel_h1a,sd15,none,image_121.png,A person in a basement,33.971,0.9695,0.5714,0.5877,0
multimodel_h1a,sd15,none,image_121.png,A person in a dormitory,33.971,0.9695,0.5993,0.5861,0
multimodel_h1a,sd15,75,image_121.png,A person in a basement,33.188,0.9447,0.5714,0.5826,0
multimodel_h1a,sd15,75,image_121.png,A person in a dormitory,33.188,0.9447,0.5993,0.5538,0
multimodel_h1a,sd15,70,image_121.png,A person in a basement,33.022,0.9408,0.5714,0.5909,0
multimodel_h1a,sd15,70,image_121.png,A person in a dormitory,33.022,0.9408,0.5993,0.5761,0
multimodel_h1a,sd15,none,image_129.png,A person in a tech startup,27.587,0.9774,0.6628,0.6051,1
multimodel_h1a,sd15,none,image_129.png,A person in a brewery tour,27.587,0.9774,0.6395,0.6,0
multimodel_h1a,sd15,75,image_129.png,A person in a tech startup,27.341,0.9542,0.6628,0.563,1
multimodel_h1a,sd15,75,image_129.png,A person in a brewery tour,27.341,0.9542,0.6395,0.6035,0
multimodel_h1a,sd15,70,image_129.png,A person in a tech startup,27.275,0.9508,0.6628,0.5311,1
multimodel_h1a,sd15,70,image_129.png,A person in a brewery tour,27.275,0.9508,0.6395,0.6256,0
multimodel_h1a,sd15,none,image_133.png,A person in a laundry room,41.224,0.9929,0.2903,0.3072,0
multimodel_h1a,sd15,none,image_133.png,A person in a tech startup,41.224,0.9929,0.2988,0.3,0
multimodel_h1a,sd15,75,image_133.png,A person in a laundry room,34.25,0.9579,0.2903,0.2827,0
multimodel_h1a,sd15,75,image_133.png,A person in a tech startup,34.25,0.9579,0.2988,0.2969,0
multimodel_h1a,sd15,70,image_133.png,A person in a laundry room,33.724,0.953,0.2903,0.2664,0
multimodel_h1a,sd15,70,image_133.png,A person in a tech startup,33.724,0.953,0.2988,0.2939,0
multimodel_h1a,sd15,none,image_135.png,A person in a music studio,34.207,0.9592,0.5383,0.5254,0
multimodel_h1a,sd15,none,image_135.png,A person in a local crafts market,34.207,0.9592,0.5755,0.534,0
multimodel_h1a,sd15,75,image_135.png,A person in a music studio,32.798,0.9255,0.5383,0.5005,0
multimodel_h1a,sd15,75,image_135.png,A person in a local crafts market,32.798,0.9255,0.5755,0.5208,1
multimodel_h1a,sd15,70,image_135.png,A person in a music studio,32.579,0.9212,0.5383,0.4882,1
multimodel_h1a,sd15,70,image_135.png,A person in a local crafts market,32.579,0.9212,0.5755,0.5445,0
multimodel_h1a,sd15,none,image_142.png,A person in a bowling alley,28.987,0.9799,0.5887,0.5632,0
multimodel_h1a,sd15,none,image_142.png,A person in a climbing wall,28.987,0.9799,0.5001,0.5491,0
multimodel_h1a,sd15,75,image_142.png,A person in a bowling alley,28.721,0.9455,0.5887,0.5587,0
multimodel_h1a,sd15,75,image_142.png,A person in a climbing wall,28.721,0.9455,0.5001,0.5512,0
multimodel_h1a,sd15,70,image_142.png,A person in a bowling alley,28.664,0.9412,0.5887,0.5506,0
multimodel_h1a,sd15,70,image_142.png,A person in a climbing wall,28.664,0.9412,0.5001,0.5083,0
multimodel_h1a,sd15,none,image_149.png,A person in a music and arts festival,34.845,0.9855,0.6269,0.5757,1
multimodel_h1a,sd15,none,image_149.png,A person in a costume party,34.845,0.9855,0.5942,0.554,0
multimodel_h1a,sd15,75,image_149.png,A person in a music and arts festival,34.037,0.9566,0.6269,0.5784,0
multimodel_h1a,sd15,75,image_149.png,A person in a costume party,34.037,0.9566,0.5942,0.5451,0
multimodel_h1a,sd15,70,image_149.png,A person in a music and arts festival,33.911,0.9526,0.6269,0.5915,0
multimodel_h1a,sd15,70,image_149.png,A person in a costume party,33.911,0.9526,0.5942,0.5753,0
multimodel_h1a,sd15,none,image_151.png,A person in a charity art auction,25.1,0.8873,0.6439,0.6161,0
multimodel_h1a,sd15,none,image_151.png,A person in a customs checkpoint,25.1,0.8873,0.6632,0.5795,1
multimodel_h1a,sd15,75,image_151.png,A person in a charity art auction,25.118,0.8661,0.6439,0.5673,1
multimodel_h1a,sd15,75,image_151.png,A person in a customs checkpoint,25.118,0.8661,0.6632,0.6261,0
multimodel_h1a,sd15,70,image_151.png,A person in a charity art auction,25.101,0.8622,0.6439,0.5817,1
multimodel_h1a,sd15,70,image_151.png,A person in a customs checkpoint,25.101,0.8622,0.6632,0.5993,1
multimodel_h1a,sd15,none,image_152.png,A person in a city food tour,39.444,0.9936,0.5951,0.5773,0
multimodel_h1a,sd15,none,image_152.png,A person in a flea market,39.444,0.9936,0.6326,0.574,1
multimodel_h1a,sd15,75,image_152.png,A person in a city food tour,36.234,0.9591,0.5951,0.6207,0
multimodel_h1a,sd15,75,image_152.png,A person in a flea market,36.234,0.9591,0.6326,0.6081,0
multimodel_h1a,sd15,70,image_152.png,A person in a city food tour,35.842,0.9547,0.5951,0.6423,0
multimodel_h1a,sd15,70,image_152.png,A person in a flea market,35.842,0.9547,0.6326,0.6128,0
multimodel_h1a,sd15,none,image_160.png,A person in a flower garden,41.864,0.9955,0.5271,0.4766,1
multimodel_h1a,sd15,none,image_160.png,A person in a sports field,41.864,0.9955,0.5141,0.5608,0
multimodel_h1a,sd15,75,image_160.png,A person in a flower garden,35.775,0.9524,0.5271,0.5444,0
multimodel_h1a,sd15,75,image_160.png,A person in a sports field,35.775,0.9524,0.5141,0.5326,0
multimodel_h1a,sd15,70,image_160.png,A person in a flower garden,35.267,0.9472,0.5271,0.5551,0
multimodel_h1a,sd15,70,image_160.png,A person in a sports field,35.267,0.9472,0.5141,0.5465,0
multimodel_h1a,sd15,none,image_163.png,A person in a slum,38.104,0.9915,0.3923,0.3568,0
multimodel_h1a,sd15,none,image_163.png,A person in a nightclub,38.104,0.9915,0.3422,0.3148,0
multimodel_h1a,sd15,75,image_163.png,A person in a slum,34.939,0.9606,0.3923,0.39,0
multimodel_h1a,sd15,75,image_163.png,A person in a nightclub,34.939,0.9606,0.3422,0.3341,0
multimodel_h1a,sd15,70,image_163.png,A person in a slum,34.321,0.9541,0.3923,0.3522,0
multimodel_h1a,sd15,70,image_163.png,A person in a nightclub,34.321,0.9541,0.3422,0.3205,0
multimodel_h1a,sd15,none,image_165.png,A person in a digital art gallery,36.437,0.9902,0.5567,0.4803,1
multimodel_h1a,sd15,none,image_165.png,A person in a cocktail bar,36.437,0.9902,0.4693,0.4168,1
multimodel_h1a,sd15,75,image_165.png,A person in a digital art gallery,34.648,0.9574,0.5567,0.4957,1
multimodel_h1a,sd15,75,image_165.png,A person in a cocktail bar,34.648,0.9574,0.4693,0.4895,0
multimodel_h1a,sd15,70,image_165.png,A person in a digital art gallery,34.34,0.953,0.5567,0.5163,0
multimodel_h1a,sd15,70,image_165.png,A person in a cocktail bar,34.34,0.953,0.4693,0.5094,0
multimodel_h1a,sd15,none,image_169.png,A person in a technology fair,34.151,0.9661,0.5974,0.5408,1
multimodel_h1a,sd15,none,image_169.png,A person in a food truck park,34.151,0.9661,0.6557,0.6663,0
multimodel_h1a,sd15,75,image_169.png,A person in a technology fair,33.367,0.9396,0.5974,0.613,0
multimodel_h1a,sd15,75,image_169.png,A person in a food truck park,33.367,0.9396,0.6557,0.6676,0
multimodel_h1a,sd15,70,image_169.png,A person in a technology fair,33.206,0.9357,0.5974,0.503,1
multimodel_h1a,sd15,70,image_169.png,A person in a food truck park,33.206,0.9357,0.6557,0.6777,0
multimodel_h1a,sd15,none,image_170.png,A person in a casino lounge,33.054,0.9754,0.4952,0.4378,1
multimodel_h1a,sd15,none,image_170.png,A person in a dance festival,33.054,0.9754,0.5066,0.4731,0
multimodel_h1a,sd15,75,image_170.png,A person in a casino lounge,32.095,0.9482,0.4952,0.4708,0
multimodel_h1a,sd15,75,image_170.png,A person in a dance festival,32.095,0.9482,0.5066,0.4968,0
multimodel_h1a,sd15,70,image_170.png,A person in a casino lounge,31.916,0.9445,0.4952,0.4845,0
multimodel_h1a,sd15,70,image_170.png,A person in a dance festival,31.916,0.9445,0.5066,0.4505,1
multimodel_h1a,sd15,none,image_180.png,A person in a rooftop lounge,30.06,0.9653,0.4882,0.4171,1
multimodel_h1a,sd15,none,image_180.png,A person in a gym sauna,30.06,0.9653,0.4389,0.3975,0
multimodel_h1a,sd15,75,image_180.png,A person in a rooftop lounge,29.14,0.9205,0.4882,0.4375,1
multimodel_h1a,sd15,75,image_180.png,A person in a gym sauna,29.14,0.9205,0.4389,0.3929,0
multimodel_h1a,sd15,70,image_180.png,A person in a rooftop lounge,28.989,0.9143,0.4882,0.4148,1
multimodel_h1a,sd15,70,image_180.png,A person in a gym sauna,28.989,0.9143,0.4389,0.4017,0
multimodel_h1a,sd15,none,image_181.png,A person in a butcher shop,43.225,0.9955,0.5269,0.5002,0
multimodel_h1a,sd15,none,image_181.png,A person in a highway rest stop,43.225,0.9955,0.5981,0.5279,1
multimodel_h1a,sd15,75,image_181.png,A person in a butcher shop,38.88,0.9628,0.5269,0.4913,0
multimodel_h1a,sd15,75,image_181.png,A person in a highway rest stop,38.88,0.9628,0.5981,0.5028,1
multimodel_h1a,sd15,70,image_181.png,A person in a butcher shop,38.434,0.9591,0.5269,0.5572,0
multimodel_h1a,sd15,70,image_181.png,A person in a highway rest stop,38.434,0.9591,0.5981,0.4469,1
multimodel_h1a,sd15,none,image_185.png,A person in a golf course clubhouse,26.937,0.9458,0.5909,0.5551,0
multimodel_h1a,sd15,none,image_185.png,A person in a rehab facility,26.937,0.9458,0.6354,0.569,1
multimodel_h1a,sd15,75,image_185.png,A person in a golf course clubhouse,26.823,0.9216,0.5909,0.568,0
multimodel_h1a,sd15,75,image_185.png,A person in a rehab facility,26.823,0.9216,0.6354,0.5677,1
multimodel_h1a,sd15,70,image_185.png,A person in a golf course clubhouse,26.788,0.9182,0.5909,0.564,0
multimodel_h1a,sd15,70,image_185.png,A person in a rehab facility,26.788,0.9182,0.6354,0.5646,1
multimodel_h1a,sd15,none,image_186.png,A person in a community arts and crafts market,36.769,0.9845,0.5445,0.4882,1
multimodel_h1a,sd15,none,image_186.png,A person in a church sanctuary,36.769,0.9845,0.4849,0.4825,0
multimodel_h1a,sd15,75,image_186.png,A person in a community arts and crafts market,33.807,0.9547,0.5445,0.5781,0
multimodel_h1a,sd15,75,image_186.png,A person in a church sanctuary,33.807,0.9547,0.4849,0.5819,0
multimodel_h1a,sd15,70,image_186.png,A person in a community arts and crafts market,33.336,0.9506,0.5445,0.518,0
multimodel_h1a,sd15,70,image_186.png,A person in a church sanctuary,33.336,0.9506,0.4849,0.3734,1
multimodel_h1a,sd15,none,image_189.png,A person in a vintage arts fair,38.083,0.9894,0.4935,0.5014,0
multimodel_h1a,sd15,none,image_189.png,A person in a bowling alley,38.083,0.9894,0.3995,0.434,0
multimodel_h1a,sd15,75,image_189.png,A person in a vintage arts fair,34.037,0.9497,0.4935,0.5164,0
multimodel_h1a,sd15,75,image_189.png,A person in a bowling alley,34.037,0.9497,0.3995,0.4198,0
multimodel_h1a,sd15,70,image_189.png,A person in a vintage arts fair,33.594,0.9451,0.4935,0.5153,0
multimodel_h1a,sd15,70,image_189.png,A person in a bowling alley,33.594,0.9451,0.3995,0.42,0
multimodel_h1a,sd15,none,image_201.png,A person in a high-end restaurant,39.452,0.984,0.3935,0.3424,1
multimodel_h1a,sd15,none,image_201.png,A person in a bowling alley,39.452,0.984,0.4179,0.4567,0
multimodel_h1a,sd15,75,image_201.png,A person in a high-end restaurant,36.549,0.949,0.3935,0.5289,0
multimodel_h1a,sd15,75,image_201.png,A person in a bowling alley,36.549,0.949,0.4179,0.4954,0
multimodel_h1a,sd15,70,image_201.png,A person in a high-end restaurant,36.188,0.9437,0.3935,0.4955,0
multimodel_h1a,sd15,70,image_201.png,A person in a bowling alley,36.188,0.9437,0.4179,0.4677,0
multimodel_h1a,sd15,none,image_203.png,A person in a gymnasium,42.008,0.9942,0.6733,0.7764,0
multimodel_h1a,sd15,none,image_203.png,A person in a brothel,42.008,0.9942,0.6478,0.6895,0
multimodel_h1a,sd15,75,image_203.png,A person in a gymnasium,38.558,0.974,0.6733,0.6764,0
multimodel_h1a,sd15,75,image_203.png,A person in a brothel,38.558,0.974,0.6478,0.761,0
multimodel_h1a,sd15,70,image_203.png,A person in a gymnasium,38.18,0.9715,0.6733,0.7609,0
multimodel_h1a,sd15,70,image_203.png,A person in a brothel,38.18,0.9715,0.6478,0.6912,0
multimodel_h1a,sd15,none,image_209.png,A person in a summer camp,38.641,0.9875,0.4645,0.4824,0
multimodel_h1a,sd15,none,image_209.png,A person in a TV studio,38.641,0.9875,0.4935,0.4938,0
multimodel_h1a,sd15,75,image_209.png,A person in a summer camp,35.94,0.9576,0.4645,0.4825,0
multimodel_h1a,sd15,75,image_209.png,A person in a TV studio,35.94,0.9576,0.4935,0.519,0
multimodel_h1a,sd15,70,image_209.png,A person in a summer camp,35.428,0.9522,0.4645,0.4345,0
multimodel_h1a,sd15,70,image_209.png,A person in a TV studio,35.428,0.9522,0.4935,0.5048,0
multimodel_h1a,sd15,none,image_212.png,A person in a street vendor stand,39.166,0.9796,0.6151,0.5222,1
multimodel_h1a,sd15,none,image_212.png,A person in a dog park picnic,39.166,0.9796,0.7137,0.6448,1
multimodel_h1a,sd15,75,image_212.png,A person in a street vendor stand,36.288,0.9577,0.6151,0.6554,0
multimodel_h1a,sd15,75,image_212.png,A person in a dog park picnic,36.288,0.9577,0.7137,0.7046,0
multimodel_h1a,sd15,70,image_212.png,A person in a street vendor stand,35.855,0.9545,0.6151,0.504,1
multimodel_h1a,sd15,70,image_212.png,A person in a dog park picnic,35.855,0.9545,0.7137,0.6841,0
multimodel_h1a,sd15,none,image_213.png,A person in a science museum exhibit,30.717,0.955,0.6209,0.6129,0
multimodel_h1a,sd15,none,image_213.png,A person in a woodworking shop,30.717,0.955,0.5882,0.5349,1
multimodel_h1a,sd15,75,image_213.png,A person in a science museum exhibit,30.35,0.9315,0.6209,0.6026,0
multimodel_h1a,sd15,75,image_213.png,A person in a woodworking shop,30.35,0.9315,0.5882,0.5112,1
multimodel_h1a,sd15,70,image_213.png,A person in a science museum exhibit,30.282,0.9287,0.6209,0.5919,0
multimodel_h1a,sd15,70,image_213.png,A person in a woodworking shop,30.282,0.9287,0.5882,0.5535,0
sd15_only,flux_schnell,none,image_1.png,A person in a weekend market,38.154,0.9931,0.5507,0.5406,0
sd15_only,flux_schnell,none,image_1.png,A person in a police evidence room,38.154,0.9931,0.547,0.5361,0
sd15_only,flux_schnell,75,image_1.png,A person in a weekend market,35.368,0.9569,0.5507,0.5444,0
sd15_only,flux_schnell,75,image_1.png,A person in a police evidence room,35.368,0.9569,0.547,0.5303,0
sd15_only,flux_schnell,70,image_1.png,A person in a weekend market,35.063,0.9525,0.5507,0.5397,0
sd15_only,flux_schnell,70,image_1.png,A person in a police evidence room,35.063,0.9525,0.547,0.5364,0
sd15_only,flux_schnell,none,image_3.png,A person in a weekend market,35.213,0.9769,0.4947,0.4956,0
sd15_only,flux_schnell,none,image_3.png,A person in a TV newsroom,35.213,0.9769,0.523,0.5162,0
sd15_only,flux_schnell,75,image_3.png,A person in a weekend market,33.172,0.9382,0.4947,0.4774,0
sd15_only,flux_schnell,75,image_3.png,A person in a TV newsroom,33.172,0.9382,0.523,0.4759,0
sd15_only,flux_schnell,70,image_3.png,A person in a weekend market,32.93,0.9338,0.4947,0.4802,0
sd15_only,flux_schnell,70,image_3.png,A person in a TV newsroom,32.93,0.9338,0.523,0.469,1
sd15_only,flux_schnell,none,image_5.png,A person in a church sanctuary,36.225,0.9825,0.7635,0.7365,0
sd15_only,flux_schnell,none,image_5.png,A person in a charity art auction,36.225,0.9825,0.7639,0.7517,0
sd15_only,flux_schnell,75,image_5.png,A person in a church sanctuary,33.987,0.9486,0.7635,0.7609,0
sd15_only,flux_schnell,75,image_5.png,A person in a charity art auction,33.987,0.9486,0.7639,0.7558,0
sd15_only,flux_schnell,70,image_5.png,A person in a church sanctuary,33.707,0.9442,0.7635,0.7454,0
sd15_only,flux_schnell,70,image_5.png,A person in a charity art auction,33.707,0.9442,0.7639,0.7406,0
sd15_only,flux_schnell,none,image_9.png,A person in a sports field,31.713,0.9657,0.5861,0.5622,0
sd15_only,flux_schnell,none,image_9.png,A person in a waterside cafe,31.713,0.9657,0.6137,0.5863,0
sd15_only,flux_schnell,75,image_9.png,A person in a sports field,31.142,0.9401,0.5861,0.5972,0
sd15_only,flux_schnell,75,image_9.png,A person in a waterside cafe,31.142,0.9401,0.6137,0.5169,1
sd15_only,flux_schnell,70,image_9.png,A person in a sports field,30.992,0.936,0.5861,0.5506,0
sd15_only,flux_schnell,70,image_9.png,A person in a waterside cafe,30.992,0.936,0.6137,0.57,0
sd15_only,flux_schnell,none,image_13.png,A person in a drive-in theater,38.915,0.9933,0.7535,0.7457,0
sd15_only,flux_schnell,none,image_13.png,A person in a shelter,38.915,0.9933,0.7437,0.7319,0
sd15_only,flux_schnell,75,image_13.png,A person in a drive-in theater,35.73,0.9587,0.7535,0.7306,0
sd15_only,flux_schnell,75,image_13.png,A person in a shelter,35.73,0.9587,0.7437,0.7259,0
sd15_only,flux_schnell,70,image_13.png,A person in a drive-in theater,35.393,0.9547,0.7535,0.7277,0
sd15_only,flux_schnell,70,image_13.png,A person in a shelter,35.393,0.9547,0.7437,0.7194,0
sd15_only,flux_schnell,none,image_18.png,A person in a food truck park,27.448,0.9596,0.7464,0.7366,0
sd15_only,flux_schnell,none,image_18.png,A person in a ice cream parlor,27.448,0.9596,0.7732,0.7444,0
sd15_only,flux_schnell,75,image_18.png,A person in a food truck park,27.139,0.9297,0.7464,0.7006,0
sd15_only,flux_schnell,75,image_18.png,A person in a ice cream parlor,27.139,0.9297,0.7732,0.6947,1
sd15_only,flux_schnell,70,image_18.png,A person in a food truck park,27.096,0.9262,0.7464,0.718,0
sd15_only,flux_schnell,70,image_18.png,A person in a ice cream parlor,27.096,0.9262,0.7732,0.7091,1
sd15_only,flux_schnell,none,image_22.png,A person in a betting shop,28.007,0.9262,0.624,0.5539,1
sd15_only,flux_schnell,none,image_22.png,A person in a charity art auction,28.007,0.9262,0.6,0.5548,0
sd15_only,flux_schnell,75,image_22.png,A person in a betting shop,27.706,0.8947,0.624,0.5335,1
sd15_only,flux_schnell,75,image_22.png,A person in a charity art auction,27.706,0.8947,0.6,0.5307,1
sd15_only,flux_schnell,70,image_22.png,A person in a betting shop,27.654,0.891,0.624,0.5578,1
sd15_only,flux_schnell,70,image_22.png,A person in a charity art auction,27.654,0.891,0.6,0.5608,0
sd15_only,flux_schnell,none,image_23.png,A person in a shelter,33.033,0.9764,0.5478,0.5216,0
sd15_only,flux_schnell,none,image_23.png,A person in a local art market,33.033,0.9764,0.5435,0.5111,0
sd15_only,flux_schnell,75,image_23.png,A person in a shelter,31.823,0.9343,0.5478,0.4958,1
sd15_only,flux_schnell,75,image_23.png,A person in a local art market,31.823,0.9343,0.5435,0.5258,0
sd15_only,flux_schnell,70,image_23.png,A person in a shelter,31.66,0.9295,0.5478,0.4956,1
sd15_only,flux_schnell,70,image_23.png,A person in a local art market,31.66,0.9295,0.5435,0.4995,0
sd15_only,flux_schnell,none,image_29.png,A person in a historic landmark event,35.663,0.9885,0.8225,0.8211,0
sd15_only,flux_schnell,none,image_29.png,A person in a gymnasium,35.663,0.9885,0.8216,0.8054,0
sd15_only,flux_schnell,75,image_29.png,A person in a historic landmark event,34.159,0.9645,0.8225,0.8037,0
sd15_only,flux_schnell,75,image_29.png,A person in a gymnasium,34.159,0.9645,0.8216,0.7989,0
sd15_only,flux_schnell,70,image_29.png,A person in a historic landmark event,34.002,0.9617,0.8225,0.8034,0
sd15_only,flux_schnell,70,image_29.png,A person in a gymnasium,34.002,0.9617,0.8216,0.7914,0
sd15_only,flux_schnell,none,image_32.png,A person in a local art market,31.702,0.9643,0.5832,0.5443,0
sd15_only,flux_schnell,none,image_32.png,A person in a pet festival,31.702,0.9643,0.5885,0.5422,0
sd15_only,flux_schnell,75,image_32.png,A person in a local art market,30.842,0.9299,0.5832,0.5391,0
sd15_only,flux_schnell,75,image_32.png,A person in a pet festival,30.842,0.9299,0.5885,0.5325,1
sd15_only,flux_schnell,70,image_32.png,A person in a local art market,30.739,0.9261,0.5832,0.5318,1
sd15_only,flux_schnell,70,image_32.png,A person in a pet festival,30.739,0.9261,0.5885,0.5457,0
sd15_only,flux_schnell,none,image_33.png,A person in a basement,33.229,0.9729,0.8046,0.8,0
sd15_only,flux_schnell,none,image_33.png,A person in a movie set,33.229,0.9729,0.8299,0.8081,0
sd15_only,flux_schnell,75,image_33.png,A person in a basement,32.404,0.941,0.8046,0.7993,0
sd15_only,flux_schnell,75,image_33.png,A person in a movie set,32.404,0.941,0.8299,0.794,0
sd15_only,flux_schnell,70,image_33.png,A person in a basement,32.297,0.9371,0.8046,0.7932,0
sd15_only,flux_schnell,70,image_33.png,A person in a movie set,32.297,0.9371,0.8299,0.8101,0
sd15_only,flux_schnell,none,image_37.png,A person in a garage,29.556,0.9706,0.7475,0.7227,0
sd15_only,flux_schnell,none,image_37.png,A person in a tech startup launch,29.556,0.9706,0.7565,0.7444,0
sd15_only,flux_schnell,75,image_37.png,A person in a garage,29.149,0.9415,0.7475,0.7208,0
sd15_only,flux_schnell,75,image_37.png,A person in a tech startup launch,29.149,0.9415,0.7565,0.706,1
sd15_only,flux_schnell,70,image_37.png,A person in a garage,29.08,0.9386,0.7475,0.7157,0
sd15_only,flux_schnell,70,image_37.png,A person in a tech startup launch,29.08,0.9386,0.7565,0.7212,0
sd15_only,flux_schnell,none,image_47.png,A person in a hot dog stand,34.299,0.9772,0.6929,0.6692,0
sd15_only,flux_schnell,none,image_47.png,A person in a creative writing event,34.299,0.9772,0.6927,0.6855,0
sd15_only,flux_schnell,75,image_47.png,A person in a hot dog stand,32.825,0.9465,0.6929,0.6599,0
sd15_only,flux_schnell,75,image_47.png,A person in a creative writing event,32.825,0.9465,0.6927,0.6849,0
sd15_only,flux_schnell,70,image_47.png,A person in a hot dog stand,32.652,0.9432,0.6929,0.6543,0
sd15_only,flux_schnell,70,image_47.png,A person in a creative writing event,32.652,0.9432,0.6927,0.6853,0
sd15_only,flux_schnell,none,image_49.png,A person in a music and arts festival,25.175,0.8678,0.5922,0.4747,1
sd15_only,flux_schnell,none,image_49.png,A person in a bus stop shelter,25.175,0.8678,0.6199,0.4911,1
sd15_only,flux_schnell,75,image_49.png,A person in a music and arts festival,25.052,0.8352,0.5922,0.4699,1
sd15_only,flux_schnell,75,image_49.png,A person in a bus stop shelter,25.052,0.8352,0.6199,0.4755,1
sd15_only,flux_schnell,70,image_49.png,A person in a music and arts festival,25.012,0.8317,0.5922,0.5016,1
sd15_only,flux_schnell,70,image_49.png,A person in a bus stop shelter,25.012,0.8317,0.6199,0.4874,1
sd15_only,flux_schnell,none,image_53.png,A person in a parking structure,27.057,0.9041,0.5717,0.4884,1
sd15_only,flux_schnell,none,image_53.png,A person in a science museum exhibit,27.057,0.9041,0.5765,0.4764,1
sd15_only,flux_schnell,75,image_53.png,A person in a parking structure,26.864,0.8759,0.5717,0.4914,1
sd15_only,flux_schnell,75,image_53.png,A person in a science museum exhibit,26.864,0.8759,0.5765,0.5005,1
sd15_only,flux_schnell,70,image_53.png,A person in a parking structure,26.816,0.8715,0.5717,0.5009,1
sd15_only,flux_schnell,70,image_53.png,A person in a science museum exhibit,26.816,0.8715,0.5765,0.4822,1
sd15_only,flux_schnell,none,image_57.png,A person in a gym sauna,27.042,0.9291,0.7713,0.7149,1
sd15_only,flux_schnell,none,image_57.png,A person in a community theater production,27.042,0.9291,0.7763,0.7058,1
sd15_only,flux_schnell,75,image_57.png,A person in a gym sauna,26.815,0.9011,0.7713,0.7026,1
sd15_only,flux_schnell,75,image_57.png,A person in a community theater production,26.815,0.9011,0.7763,0.6975,1
sd15_only,flux_schnell,70,image_57.png,A person in a gym sauna,26.798,0.8979,0.7713,0.6968,1
sd15_only,flux_schnell,70,image_57.png,A person in a community theater production,26.798,0.8979,0.7763,0.7006,1
sd15_only,flux_schnell,none,image_58.png,A person in a costume shop,29.321,0.9552,0.6916,0.6576,0
sd15_only,flux_schnell,none,image_58.png,A person in a candle shop,29.321,0.9552,0.6951,0.6636,0
sd15_only,flux_schnell,75,image_58.png,A person in a costume shop,28.297,0.9085,0.6916,0.6488,0
sd15_only,flux_schnell,75,image_58.png,A person in a candle shop,28.297,0.9085,0.6951,0.6376,1
sd15_only,flux_schnell,70,image_58.png,A person in a costume shop,28.133,0.9032,0.6916,0.6501,0
sd15_only,flux_schnell,70,image_58.png,A person in a candle shop,28.133,0.9032,0.6951,0.6497,0
sd15_only,flux_schnell,none,image_66.png,A person in a gym sauna,33.417,0.9772,0.8327,0.8046,0
sd15_only,flux_schnell,none,image_66.png,A person in a technology fair,33.417,0.9772,0.8348,0.8147,0
sd15_only,flux_schnell,75,image_66.png,A person in a gym sauna,32.749,0.9547,0.8327,0.8039,0
sd15_only,flux_schnell,75,image_66.png,A person in a technology fair,32.749,0.9547,0.8348,0.8075,0
sd15_only,flux_schnell,70,image_66.png,A person in a gym sauna,32.621,0.9521,0.8327,0.7981,0
sd15_only,flux_schnell,70,image_66.png,A person in a technology fair,32.621,0.9521,0.8348,0.8049,0
sd15_only,flux_schnell,none,image_67.png,A person in a butcher’s shop,26.972,0.9255,0.8191,0.7471,1
sd15_only,flux_schnell,none,image_67.png,A person in a pet festival,26.972,0.9255,0.8177,0.7541,1
sd15_only,flux_schnell,75,image_67.png,A person in a butcher’s shop,26.756,0.9005,0.8191,0.7376,1
sd15_only,flux_schnell,75,image_67.png,A person in a pet festival,26.756,0.9005,0.8177,0.7225,1
sd15_only,flux_schnell,70,image_67.png,A person in a butcher’s shop,26.724,0.8975,0.8191,0.7477,1
sd15_only,flux_schnell,70,image_67.png,A person in a pet festival,26.724,0.8975,0.8177,0.726,1
sd15_only,flux_schnell,none,image_73.png,A person in a locker room,29.305,0.9699,0.6211,0.5855,0
sd15_only,flux_schnell,none,image_73.png,A person in a street market,29.305,0.9699,0.6002,0.5708,0
sd15_only,flux_schnell,75,image_73.png,A person in a locker room,28.773,0.9269,0.6211,0.5851,0
sd15_only,flux_schnell,75,image_73.png,A person in a street market,28.773,0.9269,0.6002,0.5768,0
sd15_only,flux_schnell,70,image_73.png,A person in a locker room,28.697,0.922,0.6211,0.5858,0
sd15_only,flux_schnell,70,image_73.png,A person in a street market,28.697,0.922,0.6002,0.5806,0
sd15_only,flux_schnell,none,image_80.png,A person in a hot dog stand,27.964,0.9332,0.655,0.5898,1
sd15_only,flux_schnell,none,image_80.png,A person in a bridal fitting room,27.964,0.9332,0.6413,0.5583,1
sd15_only,flux_schnell,75,image_80.png,A person in a hot dog stand,27.528,0.9016,0.655,0.5719,1
sd15_only,flux_schnell,75,image_80.png,A person in a bridal fitting room,27.528,0.9016,0.6413,0.5486,1
sd15_only,flux_schnell,70,image_80.png,A person in a hot dog stand,27.444,0.896,0.655,0.5782,1
sd15_only,flux_schnell,70,image_80.png,A person in a bridal fitting room,27.444,0.896,0.6413,0.5692,1
sd15_only,flux_schnell,none,image_82.png,A person in a beach resort,36.735,0.9886,0.6833,0.6562,0
sd15_only,flux_schnell,none,image_82.png,A person in a transit station,36.735,0.9886,0.6799,0.6709,0
sd15_only,flux_schnell,75,image_82.png,A person in a beach resort,35.124,0.9629,0.6833,0.6578,0
sd15_only,flux_schnell,75,image_82.png,A person in a transit station,35.124,0.9629,0.6799,0.6526,0
sd15_only,flux_schnell,70,image_82.png,A person in a beach resort,34.89,0.9591,0.6833,0.6519,0
sd15_only,flux_schnell,70,image_82.png,A person in a transit station,34.89,0.9591,0.6799,0.6411,0
sd15_only,flux_schnell,none,image_93.png,A person in a motel room,32.244,0.9682,0.7249,0.7074,0
sd15_only,flux_schnell,none,image_93.png,A person in a tech launch event,32.244,0.9682,0.7278,0.7157,0
sd15_only,flux_schnell,75,image_93.png,A person in a motel room,30.66,0.9349,0.7249,0.6997,0
sd15_only,flux_schnell,75,image_93.png,A person in a tech launch event,30.66,0.9349,0.7278,0.7111,0
sd15_only,flux_schnell,70,image_93.png,A person in a motel room,30.395,0.9306,0.7249,0.6996,0
sd15_only,flux_schnell,70,image_93.png,A person in a tech launch event,30.395,0.9306,0.7278,0.6806,0
sd15_only,flux_schnell,none,image_94.png,A person in a computer lab,36.83,0.9885,0.853,0.8532,0
sd15_only,flux_schnell,none,image_94.png,A person in a lobby,36.83,0.9885,0.8644,0.8428,0
sd15_only,flux_schnell,75,image_94.png,A person in a computer lab,34.272,0.9589,0.853,0.8446,0
sd15_only,flux_schnell,75,image_94.png,A person in a lobby,34.272,0.9589,0.8644,0.8459,0
sd15_only,flux_schnell,70,image_94.png,A person in a computer lab,33.921,0.9549,0.853,0.8341,0
sd15_only,flux_schnell,70,image_94.png,A person in a lobby,33.921,0.9549,0.8644,0.8387,0
sd15_only,flux_schnell,none,image_104.png,A person in a pet festival,38.031,0.993,0.7383,0.7322,0
sd15_only,flux_schnell,none,image_104.png,A person in a slum,38.031,0.993,0.7407,0.7367,0
sd15_only,flux_schnell,75,image_104.png,A person in a pet festival,35.463,0.9597,0.7383,0.7044,0
sd15_only,flux_schnell,75,image_104.png,A person in a slum,35.463,0.9597,0.7407,0.7385,0
sd15_only,flux_schnell,70,image_104.png,A person in a pet festival,35.176,0.9561,0.7383,0.7105,0
sd15_only,flux_schnell,70,image_104.png,A person in a slum,35.176,0.9561,0.7407,0.6995,0
sd15_only,flux_schnell,none,image_110.png,A person in a gym sauna,37.51,0.9913,0.7395,0.7272,0
sd15_only,flux_schnell,none,image_110.png,A person in a glass factory,37.51,0.9913,0.7092,0.7242,0
sd15_only,flux_schnell,75,image_110.png,A person in a gym sauna,35.397,0.9613,0.7395,0.7044,0
sd15_only,flux_schnell,75,image_110.png,A person in a glass factory,35.397,0.9613,0.7092,0.7309,0
sd15_only,flux_schnell,70,image_110.png,A person in a gym sauna,35.188,0.958,0.7395,0.7131,0
sd15_only,flux_schnell,70,image_110.png,A person in a glass factory,35.188,0.958,0.7092,0.7266,0
sd15_only,flux_schnell,none,image_115.png,A person in a tram stop,30.55,0.9681,0.6093,0.5807,0
sd15_only,flux_schnell,none,image_115.png,A person in a fish market,30.55,0.9681,0.6197,0.5969,0
sd15_only,flux_schnell,75,image_115.png,A person in a tram stop,29.7,0.9299,0.6093,0.6007,0
sd15_only,flux_schnell,75,image_115.png,A person in a fish market,29.7,0.9299,0.6197,0.5906,0
sd15_only,flux_schnell,70,image_115.png,A person in a tram stop,29.514,0.9247,0.6093,0.5966,0
sd15_only,flux_schnell,70,image_115.png,A person in a fish market,29.514,0.9247,0.6197,0.5868,0
sd15_only,flux_schnell,none,image_121.png,A person in a basement,28.631,0.9388,0.7177,0.6698,0
sd15_only,flux_schnell,none,image_121.png,A person in a dormitory,28.631,0.9388,0.704,0.6567,0
sd15_only,flux_schnell,75,image_121.png,A person in a basement,28.378,0.9113,0.7177,0.634,1
sd15_only,flux_schnell,75,image_121.png,A person in a dormitory,28.378,0.9113,0.704,0.6346,1
sd15_only,flux_schnell,70,image_121.png,A person in a basement,28.326,0.9079,0.7177,0.6647,1
sd15_only,flux_schnell,70,image_121.png,A person in a dormitory,28.326,0.9079,0.704,0.6431,1
sd15_only,flux_schnell,none,image_129.png,A person in a tech startup,38.104,0.9934,0.7105,0.6866,0
sd15_only,flux_schnell,none,image_129.png,A person in a brewery tour,38.104,0.9934,0.6989,0.6865,0
sd15_only,flux_schnell,75,image_129.png,A person in a tech startup,35.087,0.9684,0.7105,0.6793,0
sd15_only,flux_schnell,75,image_129.png,A person in a brewery tour,35.087,0.9684,0.6989,0.677,0
sd15_only,flux_schnell,70,image_129.png,A person in a tech startup,34.684,0.9651,0.7105,0.7032,0
sd15_only,flux_schnell,70,image_129.png,A person in a brewery tour,34.684,0.9651,0.6989,0.6898,0
sd15_only,flux_schnell,none,image_133.png,A person in a laundry room,38.171,0.9911,0.4208,0.3944,0
sd15_only,flux_schnell,none,image_133.png,A person in a tech startup,38.171,0.9911,0.432,0.3884,0
sd15_only,flux_schnell,75,image_133.png,A person in a laundry room,33.335,0.9549,0.4208,0.4165,0
sd15_only,flux_schnell,75,image_133.png,A person in a tech startup,33.335,0.9549,0.432,0.4127,0
sd15_only,flux_schnell,70,image_133.png,A person in a laundry room,32.894,0.9499,0.4208,0.422,0
sd15_only,flux_schnell,70,image_133.png,A person in a tech startup,32.894,0.9499,0.432,0.4229,0
sd15_only,flux_schnell,none,image_135.png,A person in a music studio,31.583,0.938,0.6617,0.6307,0
sd15_only,flux_schnell,none,image_135.png,A person in a local crafts market,31.583,0.938,0.6739,0.6298,0
sd15_only,flux_schnell,75,image_135.png,A person in a music studio,30.597,0.9001,0.6617,0.6278,0
sd15_only,flux_schnell,75,image_135.png,A person in a local crafts market,30.597,0.9001,0.6739,0.6075,1
sd15_only,flux_schnell,70,image_135.png,A person in a music studio,30.462,0.8961,0.6617,0.622,0
sd15_only,flux_schnell,70,image_135.png,A person in a local crafts market,30.462,0.8961,0.6739,0.6384,0
sd15_only,flux_schnell,none,image_142.png,A person in a bowling alley,33.192,0.9812,0.6385,0.6252,0
sd15_only,flux_schnell,none,image_142.png,A person in a climbing wall,33.192,0.9812,0.6419,0.6341,0
sd15_only,flux_schnell,75,image_142.png,A person in a bowling alley,32.27,0.9449,0.6385,0.6075,0
sd15_only,flux_schnell,75,image_142.png,A person in a climbing wall,32.27,0.9449,0.6419,0.6348,0
sd15_only,flux_schnell,70,image_142.png,A person in a bowling alley,32.143,0.9404,0.6385,0.6129,0
sd15_only,flux_schnell,70,image_142.png,A person in a climbing wall,32.143,0.9404,0.6419,0.5984,0
sd15_only,flux_schnell,none,image_149.png,A person in a music and arts festival,34.488,0.9766,0.6018,0.5431,1
sd15_only,flux_schnell,none,image_149.png,A person in a costume party,34.488,0.9766,0.5995,0.5848,0
sd15_only,flux_schnell,75,image_149.png,A person in a music and arts festival,33.682,0.9456,0.6018,0.6038,0
sd15_only,flux_schnell,75,image_149.png,A person in a costume party,33.682,0.9456,0.5995,0.6115,0
sd15_only,flux_schnell,70,image_149.png,A person in a music and arts festival,33.546,0.9418,0.6018,0.5894,0
sd15_only,flux_schnell,70,image_149.png,A person in a costume party,33.546,0.9418,0.5995,0.5876,0
sd15_only,flux_schnell,none,image_151.png,A person in a charity art auction,25.442,0.8622,0.7553,0.6428,1
sd15_only,flux_schnell,none,image_151.png,A person in a customs checkpoint,25.442,0.8622,0.7622,0.6293,1
sd15_only,flux_schnell,75,image_151.png,A person in a charity art auction,25.424,0.8387,0.7553,0.6344,1
sd15_only,flux_schnell,75,image_151.png,A person in a customs checkpoint,25.424,0.8387,0.7622,0.6248,1
sd15_only,flux_schnell,70,image_151.png,A person in a charity art auction,25.404,0.8355,0.7553,0.6323,1
sd15_only,flux_schnell,70,image_151.png,A person in a customs checkpoint,25.404,0.8355,0.7622,0.6408,1
sd15_only,flux_schnell,none,image_152.png,A person in a city food tour,36.167,0.988,0.7003,0.6898,0
sd15_only,flux_schnell,none,image_152.png,A person in a flea market,36.167,0.988,0.7111,0.6989,0
sd15_only,flux_schnell,75,image_152.png,A person in a city food tour,34.273,0.9525,0.7003,0.6748,0
sd15_only,flux_schnell,75,image_152.png,A person in a flea market,34.273,0.9525,0.7111,0.6735,0
sd15_only,flux_schnell,70,image_152.png,A person in a city food tour,34.045,0.9481,0.7003,0.6913,0
sd15_only,flux_schnell,70,image_152.png,A person in a flea market,34.045,0.9481,0.7111,0.6728,0
sd15_only,flux_schnell,none,image_160.png,A person in a flower garden,35.15,0.9895,0.6427,0.6344,0
sd15_only,flux_schnell,none,image_160.png,A person in a sports field,35.15,0.9895,0.641,0.6082,0
sd15_only,flux_schnell,75,image_160.png,A person in a flower garden,33.013,0.9458,0.6427,0.6003,0
sd15_only,flux_schnell,75,image_160.png,A person in a sports field,33.013,0.9458,0.641,0.6226,0
sd15_only,flux_schnell,70,image_160.png,A person in a flower garden,32.74,0.9408,0.6427,0.6398,0
sd15_only,flux_schnell,70,image_160.png,A person in a sports field,32.74,0.9408,0.641,0.6097,0
sd15_only,flux_schnell,none,image_163.png,A person in a slum,33.117,0.9824,0.4117,0.3893,0
sd15_only,flux_schnell,none,image_163.png,A person in a nightclub,33.117,0.9824,0.3987,0.3755,0
sd15_only,flux_schnell,75,image_163.png,A person in a slum,31.809,0.9505,0.4117,0.3702,0
sd15_only,flux_schnell,75,image_163.png,A person in a nightclub,31.809,0.9505,0.3987,0.3896,0
sd15_only,flux_schnell,70,image_163.png,A person in a slum,31.5,0.944,0.4117,0.4001,0
sd15_only,flux_schnell,70,image_163.png,A person in a nightclub,31.5,0.944,0.3987,0.3641,0
sd15_only,flux_schnell,none,image_165.png,A person in a digital art gallery,36.207,0.9885,0.6516,0.6332,0
sd15_only,flux_schnell,none,image_165.png,A person in a cocktail bar,36.207,0.9885,0.6311,0.6453,0
sd15_only,flux_schnell,75,image_165.png,A person in a digital art gallery,34.242,0.9532,0.6516,0.6407,0
sd15_only,flux_schnell,75,image_165.png,A person in a cocktail bar,34.242,0.9532,0.6311,0.6193,0
sd15_only,flux_schnell,70,image_165.png,A person in a digital art gallery,33.936,0.9487,0.6516,0.6459,0
sd15_only,flux_schnell,70,image_165.png,A person in a cocktail bar,33.936,0.9487,0.6311,0.6318,0
sd15_only,flux_schnell,none,image_169.png,A person in a technology fair,24.899,0.8917,0.6723,0.5996,1
sd15_only,flux_schnell,none,image_169.png,A person in a food truck park,24.899,0.8917,0.6864,0.5877,1
sd15_only,flux_schnell,75,image_169.png,A person in a technology fair,24.798,0.8637,0.6723,0.5888,1
sd15_only,flux_schnell,75,image_169.png,A person in a food truck park,24.798,0.8637,0.6864,0.5796,1
sd15_only,flux_schnell,70,image_169.png,A person in a technology fair,24.782,0.8602,0.6723,0.5786,1
sd15_only,flux_schnell,70,image_169.png,A person in a food truck park,24.782,0.8602,0.6864,0.5791,1
sd15_only,flux_schnell,none,image_170.png,A person in a casino lounge,30.907,0.9719,0.5649,0.5527,0
sd15_only,flux_schnell,none,image_170.png,A person in a dance festival,30.907,0.9719,0.5581,0.5468,0
sd15_only,flux_schnell,75,image_170.png,A person in a casino lounge,30.054,0.9395,0.5649,0.5094,1
sd15_only,flux_schnell,75,image_170.png,A person in a dance festival,30.054,0.9395,0.5581,0.5503,0
sd15_only,flux_schnell,70,image_170.png,A person in a casino lounge,29.953,0.9357,0.5649,0.5382,0
sd15_only,flux_schnell,70,image_170.png,A person in a dance festival,29.953,0.9357,0.5581,0.5433,0
sd15_only,flux_schnell,none,image_180.png,A person in a rooftop lounge,27.576,0.9524,0.51,0.4544,1
sd15_only,flux_schnell,none,image_180.png,A person in a gym sauna,27.576,0.9524,0.5052,0.4355,1
sd15_only,flux_schnell,75,image_180.png,A person in a rooftop lounge,27.026,0.9049,0.51,0.4601,0
sd15_only,flux_schnell,75,image_180.png,A person in a gym sauna,27.026,0.9049,0.5052,0.4555,0
sd15_only,flux_schnell,70,image_180.png,A person in a rooftop lounge,26.935,0.899,0.51,0.4486,1
sd15_only,flux_schnell,70,image_180.png,A person in a gym sauna,26.935,0.899,0.5052,0.452,1
sd15_only,flux_schnell,none,image_181.png,A person in a butcher shop,39.274,0.9928,0.6908,0.6849,0
sd15_only,flux_schnell,none,image_181.png,A person in a highway rest stop,39.274,0.9928,0.7036,0.6961,0
sd15_only,flux_schnell,75,image_181.png,A person in a butcher shop,36.77,0.959,0.6908,0.6682,0
sd15_only,flux_schnell,75,image_181.png,A person in a highway rest stop,36.77,0.959,0.7036,0.6717,0
sd15_only,flux_schnell,70,image_181.png,A person in a butcher shop,36.547,0.9555,0.6908,0.6628,0
sd15_only,flux_schnell,70,image_181.png,A person in a highway rest stop,36.547,0.9555,0.7036,0.684,0
sd15_only,flux_schnell,none,image_185.png,A person in a golf course clubhouse,27.632,0.935,0.5968,0.5371,1
sd15_only,flux_schnell,none,image_185.png,A person in a rehab facility,27.632,0.935,0.5978,0.5311,1
sd15_only,flux_schnell,75,image_185.png,A person in a golf course clubhouse,27.387,0.9066,0.5968,0.5306,1
sd15_only,flux_schnell,75,image_185.png,A person in a rehab facility,27.387,0.9066,0.5978,0.5241,1
sd15_only,flux_schnell,70,image_185.png,A person in a golf course clubhouse,27.341,0.9031,0.5968,0.5343,1
sd15_only,flux_schnell,70,image_185.png,A person in a rehab facility,27.341,0.9031,0.5978,0.529,1
sd15_only,flux_schnell,none,image_186.png,A person in a community arts and crafts market,35.078,0.981,0.6857,0.6658,0
sd15_only,flux_schnell,none,image_186.png,A person in a church sanctuary,35.078,0.981,0.6681,0.675,0
sd15_only,flux_schnell,75,image_186.png,A person in a community arts and crafts market,32.461,0.9472,0.6857,0.6568,0
sd15_only,flux_schnell,75,image_186.png,A person in a church sanctuary,32.461,0.9472,0.6681,0.6646,0
sd15_only,flux_schnell,70,image_186.png,A person in a community arts and crafts market,32.077,0.9428,0.6857,0.6508,0
sd15_only,flux_schnell,70,image_186.png,A person in a church sanctuary,32.077,0.9428,0.6681,0.6589,0
sd15_only,flux_schnell,none,image_189.png,A person in a vintage arts fair,35.81,0.9867,0.6084,0.6146,0
sd15_only,flux_schnell,none,image_189.png,A person in a bowling alley,35.81,0.9867,0.6177,0.6209,0
sd15_only,flux_schnell,75,image_189.png,A person in a vintage arts fair,32.728,0.9446,0.6084,0.5969,0
sd15_only,flux_schnell,75,image_189.png,A person in a bowling alley,32.728,0.9446,0.6177,0.5905,0
sd15_only,flux_schnell,70,image_189.png,A person in a vintage arts fair,32.416,0.9401,0.6084,0.6043,0
sd15_only,flux_schnell,70,image_189.png,A person in a bowling alley,32.416,0.9401,0.6177,0.6176,0
sd15_only,flux_schnell,none,image_201.png,A person in a high-end restaurant,34.065,0.9724,0.6472,0.6388,0
sd15_only,flux_schnell,none,image_201.png,A person in a bowling alley,34.065,0.9724,0.6593,0.6165,0
sd15_only,flux_schnell,75,image_201.png,A person in a high-end restaurant,32.911,0.9361,0.6472,0.6258,0
sd15_only,flux_schnell,75,image_201.png,A person in a bowling alley,32.911,0.9361,0.6593,0.6131,0
sd15_only,flux_schnell,70,image_201.png,A person in a high-end restaurant,32.787,0.9313,0.6472,0.6225,0
sd15_only,flux_schnell,70,image_201.png,A person in a bowling alley,32.787,0.9313,0.6593,0.627,0
sd15_only,flux_schnell,none,image_203.png,A person in a gymnasium,37.749,0.9932,0.8473,0.8443,0
sd15_only,flux_schnell,none,image_203.png,A person in a brothel,37.749,0.9932,0.8568,0.8446,0
sd15_only,flux_schnell,75,image_203.png,A person in a gymnasium,35.945,0.9711,0.8473,0.835,0
sd15_only,flux_schnell,75,image_203.png,A person in a brothel,35.945,0.9711,0.8568,0.84,0
sd15_only,flux_schnell,70,image_203.png,A person in a gymnasium,35.701,0.9686,0.8473,0.8342,0
sd15_only,flux_schnell,70,image_203.png,A person in a brothel,35.701,0.9686,0.8568,0.839,0
sd15_only,flux_schnell,none,image_209.png,A person in a summer camp,34.921,0.9858,0.6628,0.6422,0
sd15_only,flux_schnell,none,image_209.png,A person in a TV studio,34.921,0.9858,0.6489,0.6429,0
sd15_only,flux_schnell,75,image_209.png,A person in a summer camp,33.459,0.9528,0.6628,0.6525,0
sd15_only,flux_schnell,75,image_209.png,A person in a TV studio,33.459,0.9528,0.6489,0.6361,0
sd15_only,flux_schnell,70,image_209.png,A person in a summer camp,33.179,0.9473,0.6628,0.6409,0
sd15_only,flux_schnell,70,image_209.png,A person in a TV studio,33.179,0.9473,0.6489,0.6373,0
sd15_only,flux_schnell,none,image_212.png,A person in a street vendor stand,36.531,0.9853,0.8277,0.8035,0
sd15_only,flux_schnell,none,image_212.png,A person in a dog park picnic,36.531,0.9853,0.8395,0.8193,0
sd15_only,flux_schnell,75,image_212.png,A person in a street vendor stand,34.401,0.959,0.8277,0.8082,0
sd15_only,flux_schnell,75,image_212.png,A person in a dog park picnic,34.401,0.959,0.8395,0.8107,0
sd15_only,flux_schnell,70,image_212.png,A person in a street vendor stand,34.139,0.9555,0.8277,0.8088,0
sd15_only,flux_schnell,70,image_212.png,A person in a dog park picnic,34.139,0.9555,0.8395,0.8142,0
sd15_only,flux_schnell,none,image_213.png,A person in a science museum exhibit,29.628,0.945,0.6215,0.5789,0
sd15_only,flux_schnell,none,image_213.png,A person in a woodworking shop,29.628,0.945,0.6442,0.5963,0
sd15_only,flux_schnell,75,image_213.png,A person in a science museum exhibit,29.309,0.9175,0.6215,0.5636,1
sd15_only,flux_schnell,75,image_213.png,A person in a woodworking shop,29.309,0.9175,0.6442,0.594,1
sd15_only,flux_schnell,70,image_213.png,A person in a science museum exhibit,29.255,0.9144,0.6215,0.586,0
sd15_only,flux_schnell,70,image_213.png,A person in a woodworking shop,29.255,0.9144,0.6442,0.5804,1
multimodel_h1a,flux_schnell,none,image_1.png,A person in a weekend market,29.939,0.9754,0.5463,0.5211,0
multimodel_h1a,flux_schnell,none,image_1.png,A person in a police evidence room,29.939,0.9754,0.5597,0.5052,1
multimodel_h1a,flux_schnell,75,image_1.png,A person in a weekend market,29.574,0.9439,0.5463,0.5298,0
multimodel_h1a,flux_schnell,75,image_1.png,A person in a police evidence room,29.574,0.9439,0.5597,0.5059,1
multimodel_h1a,flux_schnell,70,image_1.png,A person in a weekend market,29.494,0.9396,0.5463,0.5129,0
multimodel_h1a,flux_schnell,70,image_1.png,A person in a police evidence room,29.494,0.9396,0.5597,0.5182,0
multimodel_h1a,flux_schnell,none,image_3.png,A person in a weekend market,31.311,0.9511,0.5054,0.4758,0
multimodel_h1a,flux_schnell,none,image_3.png,A person in a TV newsroom,31.311,0.9511,0.5085,0.4512,1
multimodel_h1a,flux_schnell,75,image_3.png,A person in a weekend market,30.604,0.9219,0.5054,0.4491,1
multimodel_h1a,flux_schnell,75,image_3.png,A person in a TV newsroom,30.604,0.9219,0.5085,0.4555,1
multimodel_h1a,flux_schnell,70,image_3.png,A person in a weekend market,30.476,0.9175,0.5054,0.4582,0
multimodel_h1a,flux_schnell,70,image_3.png,A person in a TV newsroom,30.476,0.9175,0.5085,0.4698,0
multimodel_h1a,flux_schnell,none,image_5.png,A person in a church sanctuary,42.015,0.9907,0.7691,0.7449,0
multimodel_h1a,flux_schnell,none,image_5.png,A person in a charity art auction,42.015,0.9907,0.7613,0.7538,0
multimodel_h1a,flux_schnell,75,image_5.png,A person in a church sanctuary,36.83,0.9599,0.7691,0.7583,0
multimodel_h1a,flux_schnell,75,image_5.png,A person in a charity art auction,36.83,0.9599,0.7613,0.7515,0
multimodel_h1a,flux_schnell,70,image_5.png,A person in a church sanctuary,36.243,0.9552,0.7691,0.7499,0
multimodel_h1a,flux_schnell,70,image_5.png,A person in a charity art auction,36.243,0.9552,0.7613,0.7413,0
multimodel_h1a,flux_schnell,none,image_9.png,A person in a sports field,33.228,0.9803,0.5844,0.5947,0
multimodel_h1a,flux_schnell,none,image_9.png,A person in a waterside cafe,33.228,0.9803,0.6183,0.533,1
multimodel_h1a,flux_schnell,75,image_9.png,A person in a sports field,32.598,0.9571,0.5844,0.5706,0
multimodel_h1a,flux_schnell,75,image_9.png,A person in a waterside cafe,32.598,0.9571,0.6183,0.5971,0
multimodel_h1a,flux_schnell,70,image_9.png,A person in a sports field,32.425,0.9527,0.5844,0.5679,0
multimodel_h1a,flux_schnell,70,image_9.png,A person in a waterside cafe,32.425,0.9527,0.6183,0.5632,1
multimodel_h1a,flux_schnell,none,image_13.png,A person in a drive-in theater,39.797,0.9883,0.744,0.7365,0
multimodel_h1a,flux_schnell,none,image_13.png,A person in a shelter,39.797,0.9883,0.7454,0.7339,0
multimodel_h1a,flux_schnell,75,image_13.png,A person in a drive-in theater,36.564,0.9572,0.744,0.7288,0
multimodel_h1a,flux_schnell,75,image_13.png,A person in a shelter,36.564,0.9572,0.7454,0.7243,0
multimodel_h1a,flux_schnell,70,image_13.png,A person in a drive-in theater,36.118,0.9532,0.744,0.7312,0
multimodel_h1a,flux_schnell,70,image_13.png,A person in a shelter,36.118,0.9532,0.7454,0.7244,0
multimodel_h1a,flux_schnell,none,image_18.png,A person in a food truck park,26.189,0.9596,0.7686,0.6954,1
multimodel_h1a,flux_schnell,none,image_18.png,A person in a ice cream parlor,26.189,0.9596,0.7668,0.7243,0
multimodel_h1a,flux_schnell,75,image_18.png,A person in a food truck park,26.087,0.9343,0.7686,0.741,0
multimodel_h1a,flux_schnell,75,image_18.png,A person in a ice cream parlor,26.087,0.9343,0.7668,0.7156,1
multimodel_h1a,flux_schnell,70,image_18.png,A person in a food truck park,26.04,0.9309,0.7686,0.7247,0
multimodel_h1a,flux_schnell,70,image_18.png,A person in a ice cream parlor,26.04,0.9309,0.7668,0.7328,0
multimodel_h1a,flux_schnell,none,image_22.png,A person in a betting shop,26.942,0.9498,0.6267,0.567,1
multimodel_h1a,flux_schnell,none,image_22.png,A person in a charity art auction,26.942,0.9498,0.6331,0.58,1
multimodel_h1a,flux_schnell,75,image_22.png,A person in a betting shop,26.735,0.9215,0.6267,0.5605,1
multimodel_h1a,flux_schnell,75,image_22.png,A person in a charity art auction,26.735,0.9215,0.6331,0.5702,1
multimodel_h1a,flux_schnell,70,image_22.png,A person in a betting shop,26.686,0.9174,0.6267,0.5474,1
multimodel_h1a,flux_schnell,70,image_22.png,A person in a charity art auction,26.686,0.9174,0.6331,0.5717,1
multimodel_h1a,flux_schnell,none,image_23.png,A person in a shelter,42.183,0.9911,0.5379,0.5248,0
multimodel_h1a,flux_schnell,none,image_23.png,A person in a local art market,42.183,0.9911,0.5415,0.5216,0
multimodel_h1a,flux_schnell,75,image_23.png,A person in a shelter,36.689,0.9508,0.5379,0.5037,0
multimodel_h1a,flux_schnell,75,image_23.png,A person in a local art market,36.689,0.9508,0.5415,0.5218,0
multimodel_h1a,flux_schnell,70,image_23.png,A person in a shelter,36.22,0.946,0.5379,0.5339,0
multimodel_h1a,flux_schnell,70,image_23.png,A person in a local art market,36.22,0.946,0.5415,0.5057,0
multimodel_h1a,flux_schnell,none,image_29.png,A person in a historic landmark event,30.55,0.9703,0.8214,0.7942,0
multimodel_h1a,flux_schnell,none,image_29.png,A person in a gymnasium,30.55,0.9703,0.8263,0.7974,0
multimodel_h1a,flux_schnell,75,image_29.png,A person in a historic landmark event,30.309,0.9501,0.8214,0.7846,0
multimodel_h1a,flux_schnell,75,image_29.png,A person in a gymnasium,30.309,0.9501,0.8263,0.7955,0
multimodel_h1a,flux_schnell,70,image_29.png,A person in a historic landmark event,30.206,0.9477,0.8214,0.7881,0
multimodel_h1a,flux_schnell,70,image_29.png,A person in a gymnasium,30.206,0.9477,0.8263,0.7915,0
multimodel_h1a,flux_schnell,none,image_32.png,A person in a local art market,34.73,0.9719,0.5815,0.545,0
multimodel_h1a,flux_schnell,none,image_32.png,A person in a pet festival,34.73,0.9719,0.5839,0.5405,0
multimodel_h1a,flux_schnell,75,image_32.png,A person in a local art market,33.481,0.9423,0.5815,0.5531,0
multimodel_h1a,flux_schnell,75,image_32.png,A person in a pet festival,33.481,0.9423,0.5839,0.5521,0
multimodel_h1a,flux_schnell,70,image_32.png,A person in a local art market,33.24,0.938,0.5815,0.5621,0
multimodel_h1a,flux_schnell,70,image_32.png,A person in a pet festival,33.24,0.938,0.5839,0.5514,0
multimodel_h1a,flux_schnell,none,image_33.png,A person in a basement,38.754,0.9832,0.8247,0.8182,0
multimodel_h1a,flux_schnell,none,image_33.png,A person in a movie set,38.754,0.9832,0.8159,0.8156,0
multimodel_h1a,flux_schnell,75,image_33.png,A person in a basement,36.636,0.9549,0.8247,0.7876,0
multimodel_h1a,flux_schnell,75,image_33.png,A person in a movie set,36.636,0.9549,0.8159,0.8064,0
multimodel_h1a,flux_schnell,70,image_33.png,A person in a basement,36.341,0.9511,0.8247,0.8186,0
multimodel_h1a,flux_schnell,70,image_33.png,A person in a movie set,36.341,0.9511,0.8159,0.8097,0
multimodel_h1a,flux_schnell,none,image_37.png,A person in a garage,31.661,0.979,0.7458,0.7276,0
multimodel_h1a,flux_schnell,none,image_37.png,A person in a tech startup launch,31.661,0.979,0.7592,0.7405,0
multimodel_h1a,flux_schnell,75,image_37.png,A person in a garage,31.149,0.9534,0.7458,0.7213,0
multimodel_h1a,flux_schnell,75,image_37.png,A person in a tech startup launch,31.149,0.9534,0.7592,0.7236,0
multimodel_h1a,flux_schnell,70,image_37.png,A person in a garage,31.027,0.9504,0.7458,0.727,0
multimodel_h1a,flux_schnell,70,image_37.png,A person in a tech startup launch,31.027,0.9504,0.7592,0.7165,0
multimodel_h1a,flux_schnell,none,image_47.png,A person in a hot dog stand,38.441,0.9875,0.6851,0.6968,0
multimodel_h1a,flux_schnell,none,image_47.png,A person in a creative writing event,38.441,0.9875,0.6968,0.6946,0
multimodel_h1a,flux_schnell,75,image_47.png,A person in a hot dog stand,35.853,0.9598,0.6851,0.6793,0
multimodel_h1a,flux_schnell,75,image_47.png,A person in a creative writing event,35.853,0.9598,0.6968,0.6819,0
multimodel_h1a,flux_schnell,70,image_47.png,A person in a hot dog stand,35.528,0.9567,0.6851,0.7054,0
multimodel_h1a,flux_schnell,70,image_47.png,A person in a creative writing event,35.528,0.9567,0.6968,0.6905,0
multimodel_h1a,flux_schnell,none,image_49.png,A person in a music and arts festival,26.469,0.8897,0.6386,0.5288,1
multimodel_h1a,flux_schnell,none,image_49.png,A person in a bus stop shelter,26.469,0.8897,0.6003,0.5149,1
multimodel_h1a,flux_schnell,75,image_49.png,A person in a music and arts festival,26.341,0.8615,0.6386,0.5289,1
multimodel_h1a,flux_schnell,75,image_49.png,A person in a bus stop shelter,26.341,0.8615,0.6003,0.5148,1
multimodel_h1a,flux_schnell,70,image_49.png,A person in a music and arts festival,26.315,0.8583,0.6386,0.5052,1
multimodel_h1a,flux_schnell,70,image_49.png,A person in a bus stop shelter,26.315,0.8583,0.6003,0.5135,1
multimodel_h1a,flux_schnell,none,image_53.png,A person in a parking structure,27.531,0.9114,0.57,0.4782,1
multimodel_h1a,flux_schnell,none,image_53.png,A person in a science museum exhibit,27.531,0.9114,0.58,0.4891,1
multimodel_h1a,flux_schnell,75,image_53.png,A person in a parking structure,27.363,0.8844,0.57,0.5118,1
multimodel_h1a,flux_schnell,75,image_53.png,A person in a science museum exhibit,27.363,0.8844,0.58,0.4771,1
multimodel_h1a,flux_schnell,70,image_53.png,A person in a parking structure,27.3,0.88,0.57,0.4858,1
multimodel_h1a,flux_schnell,70,image_53.png,A person in a science museum exhibit,27.3,0.88,0.58,0.4954,1
multimodel_h1a,flux_schnell,none,image_57.png,A person in a gym sauna,37.182,0.9687,0.7793,0.7391,0
multimodel_h1a,flux_schnell,none,image_57.png,A person in a community theater production,37.182,0.9687,0.7757,0.7408,0
multimodel_h1a,flux_schnell,75,image_57.png,A person in a gym sauna,35.199,0.9438,0.7793,0.7366,0
multimodel_h1a,flux_schnell,75,image_57.png,A person in a community theater production,35.199,0.9438,0.7757,0.7422,0
multimodel_h1a,flux_schnell,70,image_57.png,A person in a gym sauna,34.862,0.9399,0.7793,0.7402,0
multimodel_h1a,flux_schnell,70,image_57.png,A person in a community theater production,34.862,0.9399,0.7757,0.7305,0
multimodel_h1a,flux_schnell,none,image_58.png,A person in a costume shop,35.808,0.9773,0.6827,0.6712,0
multimodel_h1a,flux_schnell,none,image_58.png,A person in a candle shop,35.808,0.9773,0.6883,0.6706,0
multimodel_h1a,flux_schnell,75,image_58.png,A person in a costume shop,32.44,0.9305,0.6827,0.6561,0
multimodel_h1a,flux_schnell,75,image_58.png,A person in a candle shop,32.44,0.9305,0.6883,0.6516,0
multimodel_h1a,flux_schnell,70,image_58.png,A person in a costume shop,32.035,0.9245,0.6827,0.6655,0
multimodel_h1a,flux_schnell,70,image_58.png,A person in a candle shop,32.035,0.9245,0.6883,0.649,0
multimodel_h1a,flux_schnell,none,image_66.png,A person in a gym sauna,28.498,0.9628,0.8304,0.7968,0
multimodel_h1a,flux_schnell,none,image_66.png,A person in a technology fair,28.498,0.9628,0.835,0.7931,0
multimodel_h1a,flux_schnell,75,image_66.png,A person in a gym sauna,28.387,0.9437,0.8304,0.8018,0
multimodel_h1a,flux_schnell,75,image_66.png,A person in a technology fair,28.387,0.9437,0.835,0.7903,0
multimodel_h1a,flux_schnell,70,image_66.png,A person in a gym sauna,28.371,0.9416,0.8304,0.7912,0
multimodel_h1a,flux_schnell,70,image_66.png,A person in a technology fair,28.371,0.9416,0.835,0.7968,0
multimodel_h1a,flux_schnell,none,image_67.png,A person in a butcher’s shop,28.36,0.9641,0.797,0.7691,0
multimodel_h1a,flux_schnell,none,image_67.png,A person in a pet festival,28.36,0.9641,0.8141,0.7966,0
multimodel_h1a,flux_schnell,75,image_67.png,A person in a butcher’s shop,28.254,0.9429,0.797,0.7818,0
multimodel_h1a,flux_schnell,75,image_67.png,A person in a pet festival,28.254,0.9429,0.8141,0.7872,0
multimodel_h1a,flux_schnell,70,image_67.png,A person in a butcher’s shop,28.201,0.94,0.797,0.7789,0
multimodel_h1a,flux_schnell,70,image_67.png,A person in a pet festival,28.201,0.94,0.8141,0.7719,0
multimodel_h1a,flux_schnell,none,image_73.png,A person in a locker room,41.04,0.9929,0.6147,0.5954,0
multimodel_h1a,flux_schnell,none,image_73.png,A person in a street market,41.04,0.9929,0.6037,0.5991,0
multimodel_h1a,flux_schnell,75,image_73.png,A person in a locker room,36.245,0.9504,0.6147,0.6077,0
multimodel_h1a,flux_schnell,75,image_73.png,A person in a street market,36.245,0.9504,0.6037,0.6141,0
multimodel_h1a,flux_schnell,70,image_73.png,A person in a locker room,35.785,0.9453,0.6147,0.6075,0
multimodel_h1a,flux_schnell,70,image_73.png,A person in a street market,35.785,0.9453,0.6037,0.5847,0
multimodel_h1a,flux_schnell,none,image_80.png,A person in a hot dog stand,33.614,0.9792,0.6511,0.6316,0
multimodel_h1a,flux_schnell,none,image_80.png,A person in a bridal fitting room,33.614,0.9792,0.6374,0.6107,0
multimodel_h1a,flux_schnell,75,image_80.png,A person in a hot dog stand,32.271,0.948,0.6511,0.6332,0
multimodel_h1a,flux_schnell,75,image_80.png,A person in a bridal fitting room,32.271,0.948,0.6374,0.621,0
multimodel_h1a,flux_schnell,70,image_80.png,A person in a hot dog stand,32.017,0.942,0.6511,0.6114,0
multimodel_h1a,flux_schnell,70,image_80.png,A person in a bridal fitting room,32.017,0.942,0.6374,0.6193,0
multimodel_h1a,flux_schnell,none,image_82.png,A person in a beach resort,31.494,0.9821,0.6835,0.6513,0
multimodel_h1a,flux_schnell,none,image_82.png,A person in a transit station,31.494,0.9821,0.6738,0.6576,0
multimodel_h1a,flux_schnell,75,image_82.png,A person in a beach resort,31.092,0.9593,0.6835,0.6445,0
multimodel_h1a,flux_schnell,75,image_82.png,A person in a transit station,31.092,0.9593,0.6738,0.6562,0
multimodel_h1a,flux_schnell,70,image_82.png,A person in a beach resort,30.987,0.9554,0.6835,0.6398,0
multimodel_h1a,flux_schnell,70,image_82.png,A person in a transit station,30.987,0.9554,0.6738,0.6329,0
multimodel_h1a,flux_schnell,none,image_93.png,A person in a motel room,34.326,0.9743,0.7268,0.7054,0
multimodel_h1a,flux_schnell,none,image_93.png,A person in a tech launch event,34.326,0.9743,0.7409,0.7208,0
multimodel_h1a,flux_schnell,75,image_93.png,A person in a motel room,32.352,0.9454,0.7268,0.7119,0
multimodel_h1a,flux_schnell,75,image_93.png,A person in a tech launch event,32.352,0.9454,0.7409,0.7154,0
multimodel_h1a,flux_schnell,70,image_93.png,A person in a motel room,31.986,0.941,0.7268,0.7004,0
multimodel_h1a,flux_schnell,70,image_93.png,A person in a tech launch event,31.986,0.941,0.7409,0.7137,0
multimodel_h1a,flux_schnell,none,image_94.png,A person in a computer lab,39.919,0.99,0.8562,0.8402,0
multimodel_h1a,flux_schnell,none,image_94.png,A person in a lobby,39.919,0.99,0.8553,0.8504,0
multimodel_h1a,flux_schnell,75,image_94.png,A person in a computer lab,36.074,0.9636,0.8562,0.8501,0
multimodel_h1a,flux_schnell,75,image_94.png,A person in a lobby,36.074,0.9636,0.8553,0.8411,0
multimodel_h1a,flux_schnell,70,image_94.png,A person in a computer lab,35.501,0.9593,0.8562,0.8365,0
multimodel_h1a,flux_schnell,70,image_94.png,A person in a lobby,35.501,0.9593,0.8553,0.8282,0
multimodel_h1a,flux_schnell,none,image_104.png,A person in a pet festival,45.774,0.9967,0.7412,0.7247,0
multimodel_h1a,flux_schnell,none,image_104.png,A person in a slum,45.774,0.9967,0.7311,0.7459,0
multimodel_h1a,flux_schnell,75,image_104.png,A person in a pet festival,38.31,0.9645,0.7412,0.7144,0
multimodel_h1a,flux_schnell,75,image_104.png,A person in a slum,38.31,0.9645,0.7311,0.7196,0
multimodel_h1a,flux_schnell,70,image_104.png,A person in a pet festival,37.769,0.9608,0.7412,0.7175,0
multimodel_h1a,flux_schnell,70,image_104.png,A person in a slum,37.769,0.9608,0.7311,0.7159,0
multimodel_h1a,flux_schnell,none,image_110.png,A person in a gym sauna,39.405,0.9919,0.7514,0.7221,0
multimodel_h1a,flux_schnell,none,image_110.png,A person in a glass factory,39.405,0.9919,0.7296,0.7079,0
multimodel_h1a,flux_schnell,75,image_110.png,A person in a gym sauna,36.937,0.9649,0.7514,0.7355,0
multimodel_h1a,flux_schnell,75,image_110.png,A person in a glass factory,36.937,0.9649,0.7296,0.6999,0
multimodel_h1a,flux_schnell,70,image_110.png,A person in a gym sauna,36.571,0.9613,0.7514,0.7226,0
multimodel_h1a,flux_schnell,70,image_110.png,A person in a glass factory,36.571,0.9613,0.7296,0.7032,0
multimodel_h1a,flux_schnell,none,image_115.png,A person in a tram stop,31.492,0.9672,0.6337,0.5825,1
multimodel_h1a,flux_schnell,none,image_115.png,A person in a fish market,31.492,0.9672,0.6455,0.5989,0
multimodel_h1a,flux_schnell,75,image_115.png,A person in a tram stop,30.687,0.9363,0.6337,0.5904,0
multimodel_h1a,flux_schnell,75,image_115.png,A person in a fish market,30.687,0.9363,0.6455,0.5833,1
multimodel_h1a,flux_schnell,70,image_115.png,A person in a tram stop,30.502,0.9308,0.6337,0.5788,1
multimodel_h1a,flux_schnell,70,image_115.png,A person in a fish market,30.502,0.9308,0.6455,0.5941,1
multimodel_h1a,flux_schnell,none,image_121.png,A person in a basement,33.971,0.9695,0.7179,0.6934,0
multimodel_h1a,flux_schnell,none,image_121.png,A person in a dormitory,33.971,0.9695,0.7076,0.6852,0
multimodel_h1a,flux_schnell,75,image_121.png,A person in a basement,33.188,0.9447,0.7179,0.6853,0
multimodel_h1a,flux_schnell,75,image_121.png,A person in a dormitory,33.188,0.9447,0.7076,0.6897,0
multimodel_h1a,flux_schnell,70,image_121.png,A person in a basement,33.022,0.9408,0.7179,0.6911,0
multimodel_h1a,flux_schnell,70,image_121.png,A person in a dormitory,33.022,0.9408,0.7076,0.6819,0
multimodel_h1a,flux_schnell,none,image_129.png,A person in a tech startup,27.587,0.9774,0.6904,0.7048,0
multimodel_h1a,flux_schnell,none,image_129.png,A person in a brewery tour,27.587,0.9774,0.712,0.6918,0
multimodel_h1a,flux_schnell,75,image_129.png,A person in a tech startup,27.341,0.9542,0.6904,0.6635,0
multimodel_h1a,flux_schnell,75,image_129.png,A person in a brewery tour,27.341,0.9542,0.712,0.6801,0
multimodel_h1a,flux_schnell,70,image_129.png,A person in a tech startup,27.275,0.9508,0.6904,0.6686,0
multimodel_h1a,flux_schnell,70,image_129.png,A person in a brewery tour,27.275,0.9508,0.712,0.6895,0
multimodel_h1a,flux_schnell,none,image_133.png,A person in a laundry room,41.224,0.9929,0.4087,0.4125,0
multimodel_h1a,flux_schnell,none,image_133.png,A person in a tech startup,41.224,0.9929,0.3607,0.401,0
multimodel_h1a,flux_schnell,75,image_133.png,A person in a laundry room,34.25,0.9579,0.4087,0.3858,0
multimodel_h1a,flux_schnell,75,image_133.png,A person in a tech startup,34.25,0.9579,0.3607,0.393,0
multimodel_h1a,flux_schnell,70,image_133.png,A person in a laundry room,33.724,0.953,0.4087,0.3986,0
multimodel_h1a,flux_schnell,70,image_133.png,A person in a tech startup,33.724,0.953,0.3607,0.3939,0
multimodel_h1a,flux_schnell,none,image_135.png,A person in a music studio,34.207,0.9592,0.6798,0.6589,0
multimodel_h1a,flux_schnell,none,image_135.png,A person in a local crafts market,34.207,0.9592,0.6693,0.6491,0
multimodel_h1a,flux_schnell,75,image_135.png,A person in a music studio,32.798,0.9255,0.6798,0.6475,0
multimodel_h1a,flux_schnell,75,image_135.png,A person in a local crafts market,32.798,0.9255,0.6693,0.6621,0
multimodel_h1a,flux_schnell,70,image_135.png,A person in a music studio,32.579,0.9212,0.6798,0.6185,1
multimodel_h1a,flux_schnell,70,image_135.png,A person in a local crafts market,32.579,0.9212,0.6693,0.6505,0
multimodel_h1a,flux_schnell,none,image_142.png,A person in a bowling alley,28.987,0.9799,0.6241,0.6014,0
multimodel_h1a,flux_schnell,none,image_142.png,A person in a climbing wall,28.987,0.9799,0.6218,0.601,0
multimodel_h1a,flux_schnell,75,image_142.png,A person in a bowling alley,28.721,0.9455,0.6241,0.6274,0
multimodel_h1a,flux_schnell,75,image_142.png,A person in a climbing wall,28.721,0.9455,0.6218,0.5831,0
multimodel_h1a,flux_schnell,70,image_142.png,A person in a bowling alley,28.664,0.9412,0.6241,0.6045,0
multimodel_h1a,flux_schnell,70,image_142.png,A person in a climbing wall,28.664,0.9412,0.6218,0.6379,0
multimodel_h1a,flux_schnell,none,image_149.png,A person in a music and arts festival,34.845,0.9855,0.5838,0.5947,0
multimodel_h1a,flux_schnell,none,image_149.png,A person in a costume party,34.845,0.9855,0.6006,0.5799,0
multimodel_h1a,flux_schnell,75,image_149.png,A person in a music and arts festival,34.037,0.9566,0.5838,0.5581,0
multimodel_h1a,flux_schnell,75,image_149.png,A person in a costume party,34.037,0.9566,0.6006,0.5922,0
multimodel_h1a,flux_schnell,70,image_149.png,A person in a music and arts festival,33.911,0.9526,0.5838,0.5851,0
multimodel_h1a,flux_schnell,70,image_149.png,A person in a costume party,33.911,0.9526,0.6006,0.5908,0
multimodel_h1a,flux_schnell,none,image_151.png,A person in a charity art auction,25.1,0.8873,0.767,0.6626,1
multimodel_h1a,flux_schnell,none,image_151.png,A person in a customs checkpoint,25.1,0.8873,0.777,0.6612,1
multimodel_h1a,flux_schnell,75,image_151.png,A person in a charity art auction,25.118,0.8661,0.767,0.6609,1
multimodel_h1a,flux_schnell,75,image_151.png,A person in a customs checkpoint,25.118,0.8661,0.777,0.6608,1
multimodel_h1a,flux_schnell,70,image_151.png,A person in a charity art auction,25.101,0.8622,0.767,0.6696,1
multimodel_h1a,flux_schnell,70,image_151.png,A person in a customs checkpoint,25.101,0.8622,0.777,0.6762,1
multimodel_h1a,flux_schnell,none,image_152.png,A person in a city food tour,39.444,0.9936,0.6979,0.703,0
multimodel_h1a,flux_schnell,none,image_152.png,A person in a flea market,39.444,0.9936,0.6918,0.7035,0
multimodel_h1a,flux_schnell,75,image_152.png,A person in a city food tour,36.234,0.9591,0.6979,0.6953,0
multimodel_h1a,flux_schnell,75,image_152.png,A person in a flea market,36.234,0.9591,0.6918,0.6801,0
multimodel_h1a,flux_schnell,70,image_152.png,A person in a city food tour,35.842,0.9547,0.6979,0.7041,0
multimodel_h1a,flux_schnell,70,image_152.png,A person in a flea market,35.842,0.9547,0.6918,0.6893,0
multimodel_h1a,flux_schnell,none,image_160.png,A person in a flower garden,41.864,0.9955,0.6188,0.6111,0
multimodel_h1a,flux_schnell,none,image_160.png,A person in a sports field,41.864,0.9955,0.6365,0.6417,0
multimodel_h1a,flux_schnell,75,image_160.png,A person in a flower garden,35.775,0.9524,0.6188,0.6195,0
multimodel_h1a,flux_schnell,75,image_160.png,A person in a sports field,35.775,0.9524,0.6365,0.6281,0
multimodel_h1a,flux_schnell,70,image_160.png,A person in a flower garden,35.267,0.9472,0.6188,0.5886,0
multimodel_h1a,flux_schnell,70,image_160.png,A person in a sports field,35.267,0.9472,0.6365,0.6314,0
multimodel_h1a,flux_schnell,none,image_163.png,A person in a slum,38.104,0.9915,0.4052,0.3874,0
multimodel_h1a,flux_schnell,none,image_163.png,A person in a nightclub,38.104,0.9915,0.3717,0.3727,0
multimodel_h1a,flux_schnell,75,image_163.png,A person in a slum,34.939,0.9606,0.4052,0.3971,0
multimodel_h1a,flux_schnell,75,image_163.png,A person in a nightclub,34.939,0.9606,0.3717,0.3919,0
multimodel_h1a,flux_schnell,70,image_163.png,A person in a slum,34.321,0.9541,0.4052,0.3856,0
multimodel_h1a,flux_schnell,70,image_163.png,A person in a nightclub,34.321,0.9541,0.3717,0.3808,0
multimodel_h1a,flux_schnell,none,image_165.png,A person in a digital art gallery,36.437,0.9902,0.6553,0.6389,0
multimodel_h1a,flux_schnell,none,image_165.png,A person in a cocktail bar,36.437,0.9902,0.643,0.6368,0
multimodel_h1a,flux_schnell,75,image_165.png,A person in a digital art gallery,34.648,0.9574,0.6553,0.6234,0
multimodel_h1a,flux_schnell,75,image_165.png,A person in a cocktail bar,34.648,0.9574,0.643,0.646,0
multimodel_h1a,flux_schnell,70,image_165.png,A person in a digital art gallery,34.34,0.953,0.6553,0.6356,0
multimodel_h1a,flux_schnell,70,image_165.png,A person in a cocktail bar,34.34,0.953,0.643,0.6333,0
multimodel_h1a,flux_schnell,none,image_169.png,A person in a technology fair,34.151,0.9661,0.6808,0.6499,0
multimodel_h1a,flux_schnell,none,image_169.png,A person in a food truck park,34.151,0.9661,0.6735,0.6688,0
multimodel_h1a,flux_schnell,75,image_169.png,A person in a technology fair,33.367,0.9396,0.6808,0.6522,0
multimodel_h1a,flux_schnell,75,image_169.png,A person in a food truck park,33.367,0.9396,0.6735,0.6477,0
multimodel_h1a,flux_schnell,70,image_169.png,A person in a technology fair,33.206,0.9357,0.6808,0.6546,0
multimodel_h1a,flux_schnell,70,image_169.png,A person in a food truck park,33.206,0.9357,0.6735,0.646,0
multimodel_h1a,flux_schnell,none,image_170.png,A person in a casino lounge,33.054,0.9754,0.5767,0.5363,0
multimodel_h1a,flux_schnell,none,image_170.png,A person in a dance festival,33.054,0.9754,0.567,0.5198,0
multimodel_h1a,flux_schnell,75,image_170.png,A person in a casino lounge,32.095,0.9482,0.5767,0.5444,0
multimodel_h1a,flux_schnell,75,image_170.png,A person in a dance festival,32.095,0.9482,0.567,0.4974,1
multimodel_h1a,flux_schnell,70,image_170.png,A person in a casino lounge,31.916,0.9445,0.5767,0.5408,0
multimodel_h1a,flux_schnell,70,image_170.png,A person in a dance festival,31.916,0.9445,0.567,0.5448,0
multimodel_h1a,flux_schnell,none,image_180.png,A person in a rooftop lounge,30.06,0.9653,0.4869,0.4617,0
multimodel_h1a,flux_schnell,none,image_180.png,A person in a gym sauna,30.06,0.9653,0.4919,0.463,0
multimodel_h1a,flux_schnell,75,image_180.png,A person in a rooftop lounge,29.14,0.9205,0.4869,0.4653,0
multimodel_h1a,flux_schnell,75,image_180.png,A person in a gym sauna,29.14,0.9205,0.4919,0.4643,0
multimodel_h1a,flux_schnell,70,image_180.png,A person in a rooftop lounge,28.989,0.9143,0.4869,0.4596,0
multimodel_h1a,flux_schnell,70,image_180.png,A person in a gym sauna,28.989,0.9143,0.4919,0.473,0
multimodel_h1a,flux_schnell,none,image_181.png,A person in a butcher shop,43.225,0.9955,0.6716,0.6798,0
multimodel_h1a,flux_schnell,none,image_181.png,A person in a highway rest stop,43.225,0.9955,0.6778,0.6671,0
multimodel_h1a,flux_schnell,75,image_181.png,A person in a butcher shop,38.88,0.9628,0.6716,0.6403,0
multimodel_h1a,flux_schnell,75,image_181.png,A person in a highway rest stop,38.88,0.9628,0.6778,0.6962,0
multimodel_h1a,flux_schnell,70,image_181.png,A person in a butcher shop,38.434,0.9591,0.6716,0.6911,0
multimodel_h1a,flux_schnell,70,image_181.png,A person in a highway rest stop,38.434,0.9591,0.6778,0.682,0
multimodel_h1a,flux_schnell,none,image_185.png,A person in a golf course clubhouse,26.937,0.9458,0.5924,0.5565,0
multimodel_h1a,flux_schnell,none,image_185.png,A person in a rehab facility,26.937,0.9458,0.5956,0.5573,0
multimodel_h1a,flux_schnell,75,image_185.png,A person in a golf course clubhouse,26.823,0.9216,0.5924,0.5407,1
multimodel_h1a,flux_schnell,75,image_185.png,A person in a rehab facility,26.823,0.9216,0.5956,0.5602,0
multimodel_h1a,flux_schnell,70,image_185.png,A person in a golf course clubhouse,26.788,0.9182,0.5924,0.5418,1
multimodel_h1a,flux_schnell,70,image_185.png,A person in a rehab facility,26.788,0.9182,0.5956,0.5471,0
multimodel_h1a,flux_schnell,none,image_186.png,A person in a community arts and crafts market,36.769,0.9845,0.6859,0.6602,0
multimodel_h1a,flux_schnell,none,image_186.png,A person in a church sanctuary,36.769,0.9845,0.6833,0.6628,0
multimodel_h1a,flux_schnell,75,image_186.png,A person in a community arts and crafts market,33.807,0.9547,0.6859,0.6702,0
multimodel_h1a,flux_schnell,75,image_186.png,A person in a church sanctuary,33.807,0.9547,0.6833,0.655,0
multimodel_h1a,flux_schnell,70,image_186.png,A person in a community arts and crafts market,33.336,0.9506,0.6859,0.6594,0
multimodel_h1a,flux_schnell,70,image_186.png,A person in a church sanctuary,33.336,0.9506,0.6833,0.6631,0
multimodel_h1a,flux_schnell,none,image_189.png,A person in a vintage arts fair,38.083,0.9894,0.6177,0.5856,0
multimodel_h1a,flux_schnell,none,image_189.png,A person in a bowling alley,38.083,0.9894,0.6157,0.6006,0
multimodel_h1a,flux_schnell,75,image_189.png,A person in a vintage arts fair,34.037,0.9497,0.6177,0.6084,0
multimodel_h1a,flux_schnell,75,image_189.png,A person in a bowling alley,34.037,0.9497,0.6157,0.5953,0
multimodel_h1a,flux_schnell,70,image_189.png,A person in a vintage arts fair,33.594,0.9451,0.6177,0.5995,0
multimodel_h1a,flux_schnell,70,image_189.png,A person in a bowling alley,33.594,0.9451,0.6157,0.5896,0
multimodel_h1a,flux_schnell,none,image_201.png,A person in a high-end restaurant,39.452,0.984,0.6431,0.6302,0
multimodel_h1a,flux_schnell,none,image_201.png,A person in a bowling alley,39.452,0.984,0.6729,0.6405,0
multimodel_h1a,flux_schnell,75,image_201.png,A person in a high-end restaurant,36.549,0.949,0.6431,0.6407,0
multimodel_h1a,flux_schnell,75,image_201.png,A person in a bowling alley,36.549,0.949,0.6729,0.6488,0
multimodel_h1a,flux_schnell,70,image_201.png,A person in a high-end restaurant,36.188,0.9437,0.6431,0.6128,0
multimodel_h1a,flux_schnell,70,image_201.png,A person in a bowling alley,36.188,0.9437,0.6729,0.6244,0
multimodel_h1a,flux_schnell,none,image_203.png,A person in a gymnasium,42.008,0.9942,0.8534,0.8455,0
multimodel_h1a,flux_schnell,none,image_203.png,A person in a brothel,42.008,0.9942,0.8568,0.8509,0
multimodel_h1a,flux_schnell,75,image_203.png,A person in a gymnasium,38.558,0.974,0.8534,0.843,0
multimodel_h1a,flux_schnell,75,image_203.png,A person in a brothel,38.558,0.974,0.8568,0.8425,0
multimodel_h1a,flux_schnell,70,image_203.png,A person in a gymnasium,38.18,0.9715,0.8534,0.8337,0
multimodel_h1a,flux_schnell,70,image_203.png,A person in a brothel,38.18,0.9715,0.8568,0.8361,0
multimodel_h1a,flux_schnell,none,image_209.png,A person in a summer camp,38.641,0.9875,0.6558,0.6527,0
multimodel_h1a,flux_schnell,none,image_209.png,A person in a TV studio,38.641,0.9875,0.6683,0.6413,0
multimodel_h1a,flux_schnell,75,image_209.png,A person in a summer camp,35.94,0.9576,0.6558,0.647,0
multimodel_h1a,flux_schnell,75,image_209.png,A person in a TV studio,35.94,0.9576,0.6683,0.634,0
multimodel_h1a,flux_schnell,70,image_209.png,A person in a summer camp,35.428,0.9522,0.6558,0.6255,0
multimodel_h1a,flux_schnell,70,image_209.png,A person in a TV studio,35.428,0.9522,0.6683,0.6221,0
multimodel_h1a,flux_schnell,none,image_212.png,A person in a street vendor stand,39.166,0.9796,0.8249,0.8058,0
multimodel_h1a,flux_schnell,none,image_212.png,A person in a dog park picnic,39.166,0.9796,0.8311,0.8117,0
multimodel_h1a,flux_schnell,75,image_212.png,A person in a street vendor stand,36.288,0.9577,0.8249,0.806,0
multimodel_h1a,flux_schnell,75,image_212.png,A person in a dog park picnic,36.288,0.9577,0.8311,0.8079,0
multimodel_h1a,flux_schnell,70,image_212.png,A person in a street vendor stand,35.855,0.9545,0.8249,0.7991,0
multimodel_h1a,flux_schnell,70,image_212.png,A person in a dog park picnic,35.855,0.9545,0.8311,0.816,0
multimodel_h1a,flux_schnell,none,image_213.png,A person in a science museum exhibit,30.717,0.955,0.6423,0.5917,1
multimodel_h1a,flux_schnell,none,image_213.png,A person in a woodworking shop,30.717,0.955,0.6425,0.5941,0
multimodel_h1a,flux_schnell,75,image_213.png,A person in a science museum exhibit,30.35,0.9315,0.6423,0.6116,0
multimodel_h1a,flux_schnell,75,image_213.png,A person in a woodworking shop,30.35,0.9315,0.6425,0.5955,0
multimodel_h1a,flux_schnell,70,image_213.png,A person in a science museum exhibit,30.282,0.9287,0.6423,0.5867,1
multimodel_h1a,flux_schnell,70,image_213.png,A person in a woodworking shop,30.282,0.9287,0.6425,0.5874,1
sd15_only,sd35,none,image_1.png,A person in a weekend market,38.154,0.9931,0.2556,0.2538,0
sd15_only,sd35,none,image_1.png,A person in a police evidence room,38.154,0.9931,0.2545,0.25,0
sd15_only,sd35,75,image_1.png,A person in a weekend market,35.368,0.9569,0.2556,0.2524,0
sd15_only,sd35,75,image_1.png,A person in a police evidence room,35.368,0.9569,0.2545,0.252,0
sd15_only,sd35,70,image_1.png,A person in a weekend market,35.063,0.9525,0.2556,0.2502,0
sd15_only,sd35,70,image_1.png,A person in a police evidence room,35.063,0.9525,0.2545,0.2489,0
sd15_only,sd35,none,image_3.png,A person in a weekend market,35.213,0.9769,0.236,0.2232,0
sd15_only,sd35,none,image_3.png,A person in a TV newsroom,35.213,0.9769,0.2308,0.2208,0
sd15_only,sd35,75,image_3.png,A person in a weekend market,33.172,0.9382,0.236,0.2182,0
sd15_only,sd35,75,image_3.png,A person in a TV newsroom,33.172,0.9382,0.2308,0.2172,0
sd15_only,sd35,70,image_3.png,A person in a weekend market,32.93,0.9338,0.236,0.2197,0
sd15_only,sd35,70,image_3.png,A person in a TV newsroom,32.93,0.9338,0.2308,0.2191,0
sd15_only,sd35,none,image_5.png,A person in a church sanctuary,36.225,0.9825,0.2368,0.2284,0
sd15_only,sd35,none,image_5.png,A person in a charity art auction,36.225,0.9825,0.2395,0.2294,0
sd15_only,sd35,75,image_5.png,A person in a church sanctuary,33.987,0.9486,0.2368,0.2249,0
sd15_only,sd35,75,image_5.png,A person in a charity art auction,33.987,0.9486,0.2395,0.2254,0
sd15_only,sd35,70,image_5.png,A person in a church sanctuary,33.707,0.9442,0.2368,0.2266,0
sd15_only,sd35,70,image_5.png,A person in a charity art auction,33.707,0.9442,0.2395,0.2241,0
sd15_only,sd35,none,image_9.png,A person in a sports field,31.713,0.9657,0.182,0.1552,0
sd15_only,sd35,none,image_9.png,A person in a waterside cafe,31.713,0.9657,0.1831,0.1569,0
sd15_only,sd35,75,image_9.png,A person in a sports field,31.142,0.9401,0.182,0.1541,0
sd15_only,sd35,75,image_9.png,A person in a waterside cafe,31.142,0.9401,0.1831,0.154,0
sd15_only,sd35,70,image_9.png,A person in a sports field,30.992,0.936,0.182,0.1542,0
sd15_only,sd35,70,image_9.png,A person in a waterside cafe,30.992,0.936,0.1831,0.1547,0
sd15_only,sd35,none,image_13.png,A person in a drive-in theater,38.915,0.9933,0.1883,0.1864,0
sd15_only,sd35,none,image_13.png,A person in a shelter,38.915,0.9933,0.1898,0.1867,0
sd15_only,sd35,75,image_13.png,A person in a drive-in theater,35.73,0.9587,0.1883,0.1878,0
sd15_only,sd35,75,image_13.png,A person in a shelter,35.73,0.9587,0.1898,0.186,0
sd15_only,sd35,70,image_13.png,A person in a drive-in theater,35.393,0.9547,0.1883,0.1851,0
sd15_only,sd35,70,image_13.png,A person in a shelter,35.393,0.9547,0.1898,0.1872,0
sd15_only,sd35,none,image_18.png,A person in a food truck park,27.448,0.9596,0.261,0.2315,0
sd15_only,sd35,none,image_18.png,A person in a ice cream parlor,27.448,0.9596,0.2635,0.2281,0
sd15_only,sd35,75,image_18.png,A person in a food truck park,27.139,0.9297,0.261,0.2279,0
sd15_only,sd35,75,image_18.png,A person in a ice cream parlor,27.139,0.9297,0.2635,0.2277,0
sd15_only,sd35,70,image_18.png,A person in a food truck park,27.096,0.9262,0.261,0.2276,0
sd15_only,sd35,70,image_18.png,A person in a ice cream parlor,27.096,0.9262,0.2635,0.2269,0
sd15_only,sd35,none,image_22.png,A person in a betting shop,28.007,0.9262,0.1605,0.1031,1
sd15_only,sd35,none,image_22.png,A person in a charity art auction,28.007,0.9262,0.1606,0.1021,1
sd15_only,sd35,75,image_22.png,A person in a betting shop,27.706,0.8947,0.1605,0.1033,1
sd15_only,sd35,75,image_22.png,A person in a charity art auction,27.706,0.8947,0.1606,0.101,1
sd15_only,sd35,70,image_22.png,A person in a betting shop,27.654,0.891,0.1605,0.101,1
sd15_only,sd35,70,image_22.png,A person in a charity art auction,27.654,0.891,0.1606,0.1027,1
sd15_only,sd35,none,image_23.png,A person in a shelter,33.033,0.9764,0.233,0.2192,0
sd15_only,sd35,none,image_23.png,A person in a local art market,33.033,0.9764,0.2311,0.2179,0
sd15_only,sd35,75,image_23.png,A person in a shelter,31.823,0.9343,0.233,0.2155,0
sd15_only,sd35,75,image_23.png,A person in a local art market,31.823,0.9343,0.2311,0.2169,0
sd15_only,sd35,70,image_23.png,A person in a shelter,31.66,0.9295,0.233,0.2155,0
sd15_only,sd35,70,image_23.png,A person in a local art market,31.66,0.9295,0.2311,0.2146,0
sd15_only,sd35,none,image_29.png,A person in a historic landmark event,35.663,0.9885,0.2507,0.2465,0
sd15_only,sd35,none,image_29.png,A person in a gymnasium,35.663,0.9885,0.2493,0.2443,0
sd15_only,sd35,75,image_29.png,A person in a historic landmark event,34.159,0.9645,0.2507,0.2424,0
sd15_only,sd35,75,image_29.png,A person in a gymnasium,34.159,0.9645,0.2493,0.2414,0
sd15_only,sd35,70,image_29.png,A person in a historic landmark event,34.002,0.9617,0.2507,0.243,0
sd15_only,sd35,70,image_29.png,A person in a gymnasium,34.002,0.9617,0.2493,0.242,0
sd15_only,sd35,none,image_32.png,A person in a local art market,31.702,0.9643,0.2076,0.1833,0
sd15_only,sd35,none,image_32.png,A person in a pet festival,31.702,0.9643,0.2044,0.1819,0
sd15_only,sd35,75,image_32.png,A person in a local art market,30.842,0.9299,0.2076,0.1805,0
sd15_only,sd35,75,image_32.png,A person in a pet festival,30.842,0.9299,0.2044,0.181,0
sd15_only,sd35,70,image_32.png,A person in a local art market,30.739,0.9261,0.2076,0.1821,0
sd15_only,sd35,70,image_32.png,A person in a pet festival,30.739,0.9261,0.2044,0.1819,0
sd15_only,sd35,none,image_33.png,A person in a basement,33.229,0.9729,0.2365,0.2163,0
sd15_only,sd35,none,image_33.png,A person in a movie set,33.229,0.9729,0.2362,0.2167,0
sd15_only,sd35,75,image_33.png,A person in a basement,32.404,0.941,0.2365,0.2127,0
sd15_only,sd35,75,image_33.png,A person in a movie set,32.404,0.941,0.2362,0.2119,0
sd15_only,sd35,70,image_33.png,A person in a basement,32.297,0.9371,0.2365,0.2145,0
sd15_only,sd35,70,image_33.png,A person in a movie set,32.297,0.9371,0.2362,0.2136,0
sd15_only,sd35,none,image_37.png,A person in a garage,29.556,0.9706,0.2636,0.2401,0
sd15_only,sd35,none,image_37.png,A person in a tech startup launch,29.556,0.9706,0.2645,0.2398,0
sd15_only,sd35,75,image_37.png,A person in a garage,29.149,0.9415,0.2636,0.2397,0
sd15_only,sd35,75,image_37.png,A person in a tech startup launch,29.149,0.9415,0.2645,0.2386,0
sd15_only,sd35,70,image_37.png,A person in a garage,29.08,0.9386,0.2636,0.2379,0
sd15_only,sd35,70,image_37.png,A person in a tech startup launch,29.08,0.9386,0.2645,0.2362,0
sd15_only,sd35,none,image_47.png,A person in a hot dog stand,34.299,0.9772,0.2322,0.2183,0
sd15_only,sd35,none,image_47.png,A person in a creative writing event,34.299,0.9772,0.2335,0.22,0
sd15_only,sd35,75,image_47.png,A person in a hot dog stand,32.825,0.9465,0.2322,0.2173,0
sd15_only,sd35,75,image_47.png,A person in a creative writing event,32.825,0.9465,0.2335,0.2195,0
sd15_only,sd35,70,image_47.png,A person in a hot dog stand,32.652,0.9432,0.2322,0.2175,0
sd15_only,sd35,70,image_47.png,A person in a creative writing event,32.652,0.9432,0.2335,0.2156,0
sd15_only,sd35,none,image_49.png,A person in a music and arts festival,25.175,0.8678,0.2686,0.1607,1
sd15_only,sd35,none,image_49.png,A person in a bus stop shelter,25.175,0.8678,0.2673,0.1609,1
sd15_only,sd35,75,image_49.png,A person in a music and arts festival,25.052,0.8352,0.2686,0.1582,1
sd15_only,sd35,75,image_49.png,A person in a bus stop shelter,25.052,0.8352,0.2673,0.1598,1
sd15_only,sd35,70,image_49.png,A person in a music and arts festival,25.012,0.8317,0.2686,0.1612,1
sd15_only,sd35,70,image_49.png,A person in a bus stop shelter,25.012,0.8317,0.2673,0.1615,1
sd15_only,sd35,none,image_53.png,A person in a parking structure,27.057,0.9041,0.1957,0.1278,1
sd15_only,sd35,none,image_53.png,A person in a science museum exhibit,27.057,0.9041,0.1951,0.1302,1
sd15_only,sd35,75,image_53.png,A person in a parking structure,26.864,0.8759,0.1957,0.1292,1
sd15_only,sd35,75,image_53.png,A person in a science museum exhibit,26.864,0.8759,0.1951,0.1265,1
sd15_only,sd35,70,image_53.png,A person in a parking structure,26.816,0.8715,0.1957,0.1267,1
sd15_only,sd35,70,image_53.png,A person in a science museum exhibit,26.816,0.8715,0.1951,0.1301,1
sd15_only,sd35,none,image_57.png,A person in a gym sauna,27.042,0.9291,0.243,0.1913,1
sd15_only,sd35,none,image_57.png,A person in a community theater production,27.042,0.9291,0.2439,0.1902,1
sd15_only,sd35,75,image_57.png,A person in a gym sauna,26.815,0.9011,0.243,0.1892,1
sd15_only,sd35,75,image_57.png,A person in a community theater production,26.815,0.9011,0.2439,0.1888,1
sd15_only,sd35,70,image_57.png,A person in a gym sauna,26.798,0.8979,0.243,0.1883,1
sd15_only,sd35,70,image_57.png,A person in a community theater production,26.798,0.8979,0.2439,0.189,1
sd15_only,sd35,none,image_58.png,A person in a costume shop,29.321,0.9552,0.2503,0.2255,0
sd15_only,sd35,none,image_58.png,A person in a candle shop,29.321,0.9552,0.2513,0.2251,0
sd15_only,sd35,75,image_58.png,A person in a costume shop,28.297,0.9085,0.2503,0.2184,0
sd15_only,sd35,75,image_58.png,A person in a candle shop,28.297,0.9085,0.2513,0.2222,0
sd15_only,sd35,70,image_58.png,A person in a costume shop,28.133,0.9032,0.2503,0.221,0
sd15_only,sd35,70,image_58.png,A person in a candle shop,28.133,0.9032,0.2513,0.2214,0
sd15_only,sd35,none,image_66.png,A person in a gym sauna,33.417,0.9772,0.2455,0.2295,0
sd15_only,sd35,none,image_66.png,A person in a technology fair,33.417,0.9772,0.2447,0.2287,0
sd15_only,sd35,75,image_66.png,A person in a gym sauna,32.749,0.9547,0.2455,0.2258,0
sd15_only,sd35,75,image_66.png,A person in a technology fair,32.749,0.9547,0.2447,0.2281,0
sd15_only,sd35,70,image_66.png,A person in a gym sauna,32.621,0.9521,0.2455,0.2276,0
sd15_only,sd35,70,image_66.png,A person in a technology fair,32.621,0.9521,0.2447,0.226,0
sd15_only,sd35,none,image_67.png,A person in a butcher’s shop,26.972,0.9255,0.2421,0.1726,1
sd15_only,sd35,none,image_67.png,A person in a pet festival,26.972,0.9255,0.2402,0.1703,1
sd15_only,sd35,75,image_67.png,A person in a butcher’s shop,26.756,0.9005,0.2421,0.1685,1
sd15_only,sd35,75,image_67.png,A person in a pet festival,26.756,0.9005,0.2402,0.1698,1
sd15_only,sd35,70,image_67.png,A person in a butcher’s shop,26.724,0.8975,0.2421,0.167,1
sd15_only,sd35,70,image_67.png,A person in a pet festival,26.724,0.8975,0.2402,0.1684,1
sd15_only,sd35,none,image_73.png,A person in a locker room,29.305,0.9699,0.2158,0.1911,0
sd15_only,sd35,none,image_73.png,A person in a street market,29.305,0.9699,0.2158,0.1934,0
sd15_only,sd35,75,image_73.png,A person in a locker room,28.773,0.9269,0.2158,0.1888,0
sd15_only,sd35,75,image_73.png,A person in a street market,28.773,0.9269,0.2158,0.1862,0
sd15_only,sd35,70,image_73.png,A person in a locker room,28.697,0.922,0.2158,0.1869,0
sd15_only,sd35,70,image_73.png,A person in a street market,28.697,0.922,0.2158,0.1886,0
sd15_only,sd35,none,image_80.png,A person in a hot dog stand,27.964,0.9332,0.2274,0.1841,0
sd15_only,sd35,none,image_80.png,A person in a bridal fitting room,27.964,0.9332,0.2279,0.1813,0
sd15_only,sd35,75,image_80.png,A person in a hot dog stand,27.528,0.9016,0.2274,0.18,0
sd15_only,sd35,75,image_80.png,A person in a bridal fitting room,27.528,0.9016,0.2279,0.1774,1
sd15_only,sd35,70,image_80.png,A person in a hot dog stand,27.444,0.896,0.2274,0.179,0
sd15_only,sd35,70,image_80.png,A person in a bridal fitting room,27.444,0.896,0.2279,0.179,0
sd15_only,sd35,none,image_82.png,A person in a beach resort,36.735,0.9886,0.1986,0.187,0
sd15_only,sd35,none,image_82.png,A person in a transit station,36.735,0.9886,0.1995,0.1885,0
sd15_only,sd35,75,image_82.png,A person in a beach resort,35.124,0.9629,0.1986,0.186,0
sd15_only,sd35,75,image_82.png,A person in a transit station,35.124,0.9629,0.1995,0.1856,0
sd15_only,sd35,70,image_82.png,A person in a beach resort,34.89,0.9591,0.1986,0.1863,0
sd15_only,sd35,70,image_82.png,A person in a transit station,34.89,0.9591,0.1995,0.1857,0
sd15_only,sd35,none,image_93.png,A person in a motel room,32.244,0.9682,0.2834,0.2648,0
sd15_only,sd35,none,image_93.png,A person in a tech launch event,32.244,0.9682,0.2828,0.2643,0
sd15_only,sd35,75,image_93.png,A person in a motel room,30.66,0.9349,0.2834,0.2629,0
sd15_only,sd35,75,image_93.png,A person in a tech launch event,30.66,0.9349,0.2828,0.2631,0
sd15_only,sd35,70,image_93.png,A person in a motel room,30.395,0.9306,0.2834,0.2609,0
sd15_only,sd35,70,image_93.png,A person in a tech launch event,30.395,0.9306,0.2828,0.2617,0
sd15_only,sd35,none,image_94.png,A person in a computer lab,36.83,0.9885,0.2642,0.252,0
sd15_only,sd35,none,image_94.png,A person in a lobby,36.83,0.9885,0.2654,0.26,0
sd15_only,sd35,75,image_94.png,A person in a computer lab,34.272,0.9589,0.2642,0.2579,0
sd15_only,sd35,75,image_94.png,A person in a lobby,34.272,0.9589,0.2654,0.259,0
sd15_only,sd35,70,image_94.png,A person in a computer lab,33.921,0.9549,0.2642,0.2527,0
sd15_only,sd35,70,image_94.png,A person in a lobby,33.921,0.9549,0.2654,0.2592,0
sd15_only,sd35,none,image_104.png,A person in a pet festival,38.031,0.993,0.1993,0.1939,0
sd15_only,sd35,none,image_104.png,A person in a slum,38.031,0.993,0.1998,0.1963,0
sd15_only,sd35,75,image_104.png,A person in a pet festival,35.463,0.9597,0.1993,0.1946,0
sd15_only,sd35,75,image_104.png,A person in a slum,35.463,0.9597,0.1998,0.1957,0
sd15_only,sd35,70,image_104.png,A person in a pet festival,35.176,0.9561,0.1993,0.1927,0
sd15_only,sd35,70,image_104.png,A person in a slum,35.176,0.9561,0.1998,0.1928,0
sd15_only,sd35,none,image_110.png,A person in a gym sauna,37.51,0.9913,0.2573,0.2535,0
sd15_only,sd35,none,image_110.png,A person in a glass factory,37.51,0.9913,0.2567,0.2535,0
sd15_only,sd35,75,image_110.png,A person in a gym sauna,35.397,0.9613,0.2573,0.252,0
sd15_only,sd35,75,image_110.png,A person in a glass factory,35.397,0.9613,0.2567,0.2503,0
sd15_only,sd35,70,image_110.png,A person in a gym sauna,35.188,0.958,0.2573,0.2517,0
sd15_only,sd35,70,image_110.png,A person in a glass factory,35.188,0.958,0.2567,0.2511,0
sd15_only,sd35,none,image_115.png,A person in a tram stop,30.55,0.9681,0.27,0.2546,0
sd15_only,sd35,none,image_115.png,A person in a fish market,30.55,0.9681,0.2698,0.2569,0
sd15_only,sd35,75,image_115.png,A person in a tram stop,29.7,0.9299,0.27,0.2508,0
sd15_only,sd35,75,image_115.png,A person in a fish market,29.7,0.9299,0.2698,0.2484,0
sd15_only,sd35,70,image_115.png,A person in a tram stop,29.514,0.9247,0.27,0.2517,0
sd15_only,sd35,70,image_115.png,A person in a fish market,29.514,0.9247,0.2698,0.2514,0
sd15_only,sd35,none,image_121.png,A person in a basement,28.631,0.9388,0.2225,0.1846,0
sd15_only,sd35,none,image_121.png,A person in a dormitory,28.631,0.9388,0.2205,0.1838,0
sd15_only,sd35,75,image_121.png,A person in a basement,28.378,0.9113,0.2225,0.1825,0
sd15_only,sd35,75,image_121.png,A person in a dormitory,28.378,0.9113,0.2205,0.1838,0
sd15_only,sd35,70,image_121.png,A person in a basement,28.326,0.9079,0.2225,0.1802,0
sd15_only,sd35,70,image_121.png,A person in a dormitory,28.326,0.9079,0.2205,0.1822,0
sd15_only,sd35,none,image_129.png,A person in a tech startup,38.104,0.9934,0.2695,0.2708,0
sd15_only,sd35,none,image_129.png,A person in a brewery tour,38.104,0.9934,0.2722,0.2676,0
sd15_only,sd35,75,image_129.png,A person in a tech startup,35.087,0.9684,0.2695,0.268,0
sd15_only,sd35,75,image_129.png,A person in a brewery tour,35.087,0.9684,0.2722,0.2676,0
sd15_only,sd35,70,image_129.png,A person in a tech startup,34.684,0.9651,0.2695,0.2652,0
sd15_only,sd35,70,image_129.png,A person in a brewery tour,34.684,0.9651,0.2722,0.2651,0
sd15_only,sd35,none,image_133.png,A person in a laundry room,38.171,0.9911,0.2071,0.2061,0
sd15_only,sd35,none,image_133.png,A person in a tech startup,38.171,0.9911,0.2075,0.2069,0
sd15_only,sd35,75,image_133.png,A person in a laundry room,33.335,0.9549,0.2071,0.2067,0
sd15_only,sd35,75,image_133.png,A person in a tech startup,33.335,0.9549,0.2075,0.2051,0
sd15_only,sd35,70,image_133.png,A person in a laundry room,32.894,0.9499,0.2071,0.2084,0
sd15_only,sd35,70,image_133.png,A person in a tech startup,32.894,0.9499,0.2075,0.204,0
sd15_only,sd35,none,image_135.png,A person in a music studio,31.583,0.938,0.1814,0.1447,0
sd15_only,sd35,none,image_135.png,A person in a local crafts market,31.583,0.938,0.1827,0.1462,0
sd15_only,sd35,75,image_135.png,A person in a music studio,30.597,0.9001,0.1814,0.1441,0
sd15_only,sd35,75,image_135.png,A person in a local crafts market,30.597,0.9001,0.1827,0.1454,0
sd15_only,sd35,70,image_135.png,A person in a music studio,30.462,0.8961,0.1814,0.1446,0
sd15_only,sd35,70,image_135.png,A person in a local crafts market,30.462,0.8961,0.1827,0.144,0
sd15_only,sd35,none,image_142.png,A person in a bowling alley,33.192,0.9812,0.2382,0.2241,0
sd15_only,sd35,none,image_142.png,A person in a climbing wall,33.192,0.9812,0.2374,0.2245,0
sd15_only,sd35,75,image_142.png,A person in a bowling alley,32.27,0.9449,0.2382,0.2221,0
sd15_only,sd35,75,image_142.png,A person in a climbing wall,32.27,0.9449,0.2374,0.2194,0
sd15_only,sd35,70,image_142.png,A person in a bowling alley,32.143,0.9404,0.2382,0.2221,0
sd15_only,sd35,70,image_142.png,A person in a climbing wall,32.143,0.9404,0.2374,0.2222,0
sd15_only,sd35,none,image_149.png,A person in a music and arts festival,34.488,0.9766,0.218,0.2002,0
sd15_only,sd35,none,image_149.png,A person in a costume party,34.488,0.9766,0.2166,0.2014,0
sd15_only,sd35,75,image_149.png,A person in a music and arts festival,33.682,0.9456,0.218,0.2005,0
sd15_only,sd35,75,image_149.png,A person in a costume party,33.682,0.9456,0.2166,0.1964,0
sd15_only,sd35,70,image_149.png,A person in a music and arts festival,33.546,0.9418,0.218,0.1958,0
sd15_only,sd35,70,image_149.png,A person in a costume party,33.546,0.9418,0.2166,0.2002,0
sd15_only,sd35,none,image_151.png,A person in a charity art auction,25.442,0.8622,0.3546,0.2486,1
sd15_only,sd35,none,image_151.png,A person in a customs checkpoint,25.442,0.8622,0.3583,0.2458,1
sd15_only,sd35,75,image_151.png,A person in a charity art auction,25.424,0.8387,0.3546,0.246,1
sd15_only,sd35,75,image_151.png,A person in a customs checkpoint,25.424,0.8387,0.3583,0.2491,1
sd15_only,sd35,70,image_151.png,A person in a charity art auction,25.404,0.8355,0.3546,0.2469,1
sd15_only,sd35,70,image_151.png,A person in a customs checkpoint,25.404,0.8355,0.3583,0.2458,1
sd15_only,sd35,none,image_152.png,A person in a city food tour,36.167,0.988,0.2399,0.2323,0
sd15_only,sd35,none,image_152.png,A person in a flea market,36.167,0.988,0.2392,0.2298,0
sd15_only,sd35,75,image_152.png,A person in a city food tour,34.273,0.9525,0.2399,0.2288,0
sd15_only,sd35,75,image_152.png,A person in a flea market,34.273,0.9525,0.2392,0.2263,0
sd15_only,sd35,70,image_152.png,A person in a city food tour,34.045,0.9481,0.2399,0.2257,0
sd15_only,sd35,70,image_152.png,A person in a flea market,34.045,0.9481,0.2392,0.2242,0
sd15_only,sd35,none,image_160.png,A person in a flower garden,35.15,0.9895,0.2181,0.2137,0
sd15_only,sd35,none,image_160.png,A person in a sports field,35.15,0.9895,0.2197,0.2155,0
sd15_only,sd35,75,image_160.png,A person in a flower garden,33.013,0.9458,0.2181,0.2114,0
sd15_only,sd35,75,image_160.png,A person in a sports field,33.013,0.9458,0.2197,0.2118,0
sd15_only,sd35,70,image_160.png,A person in a flower garden,32.74,0.9408,0.2181,0.2129,0
sd15_only,sd35,70,image_160.png,A person in a sports field,32.74,0.9408,0.2197,0.2095,0
sd15_only,sd35,none,image_163.png,A person in a slum,33.117,0.9824,0.229,0.2214,0
sd15_only,sd35,none,image_163.png,A person in a nightclub,33.117,0.9824,0.2287,0.2176,0
sd15_only,sd35,75,image_163.png,A person in a slum,31.809,0.9505,0.229,0.2173,0
sd15_only,sd35,75,image_163.png,A person in a nightclub,31.809,0.9505,0.2287,0.2151,0
sd15_only,sd35,70,image_163.png,A person in a slum,31.5,0.944,0.229,0.2191,0
sd15_only,sd35,70,image_163.png,A person in a nightclub,31.5,0.944,0.2287,0.2181,0
sd15_only,sd35,none,image_165.png,A person in a digital art gallery,36.207,0.9885,0.2738,0.2705,0
sd15_only,sd35,none,image_165.png,A person in a cocktail bar,36.207,0.9885,0.2763,0.2677,0
sd15_only,sd35,75,image_165.png,A person in a digital art gallery,34.242,0.9532,0.2738,0.2675,0
sd15_only,sd35,75,image_165.png,A person in a cocktail bar,34.242,0.9532,0.2763,0.2648,0
sd15_only,sd35,70,image_165.png,A person in a digital art gallery,33.936,0.9487,0.2738,0.265,0
sd15_only,sd35,70,image_165.png,A person in a cocktail bar,33.936,0.9487,0.2763,0.2664,0
sd15_only,sd35,none,image_169.png,A person in a technology fair,24.899,0.8917,0.1717,0.1029,1
sd15_only,sd35,none,image_169.png,A person in a food truck park,24.899,0.8917,0.1715,0.1015,1
sd15_only,sd35,75,image_169.png,A person in a technology fair,24.798,0.8637,0.1717,0.1007,1
sd15_only,sd35,75,image_169.png,A person in a food truck park,24.798,0.8637,0.1715,0.1,1
sd15_only,sd35,70,image_169.png,A person in a technology fair,24.782,0.8602,0.1717,0.1001,1
sd15_only,sd35,70,image_169.png,A person in a food truck park,24.782,0.8602,0.1715,0.1013,1
sd15_only,sd35,none,image_170.png,A person in a casino lounge,30.907,0.9719,0.283,0.2619,0
sd15_only,sd35,none,image_170.png,A person in a dance festival,30.907,0.9719,0.2814,0.2576,0
sd15_only,sd35,75,image_170.png,A person in a casino lounge,30.054,0.9395,0.283,0.2577,0
sd15_only,sd35,75,image_170.png,A person in a dance festival,30.054,0.9395,0.2814,0.259,0
sd15_only,sd35,70,image_170.png,A person in a casino lounge,29.953,0.9357,0.283,0.2599,0
sd15_only,sd35,70,image_170.png,A person in a dance festival,29.953,0.9357,0.2814,0.257,0
sd15_only,sd35,none,image_180.png,A person in a rooftop lounge,27.576,0.9524,0.2212,0.1895,0
sd15_only,sd35,none,image_180.png,A person in a gym sauna,27.576,0.9524,0.2182,0.1892,0
sd15_only,sd35,75,image_180.png,A person in a rooftop lounge,27.026,0.9049,0.2212,0.1871,0
sd15_only,sd35,75,image_180.png,A person in a gym sauna,27.026,0.9049,0.2182,0.1869,0
sd15_only,sd35,70,image_180.png,A person in a rooftop lounge,26.935,0.899,0.2212,0.1873,0
sd15_only,sd35,70,image_180.png,A person in a gym sauna,26.935,0.899,0.2182,0.1843,0
sd15_only,sd35,none,image_181.png,A person in a butcher shop,39.274,0.9928,0.138,0.1377,0
sd15_only,sd35,none,image_181.png,A person in a highway rest stop,39.274,0.9928,0.1369,0.1364,0
sd15_only,sd35,75,image_181.png,A person in a butcher shop,36.77,0.959,0.138,0.1357,0
sd15_only,sd35,75,image_181.png,A person in a highway rest stop,36.77,0.959,0.1369,0.1335,0
sd15_only,sd35,70,image_181.png,A person in a butcher shop,36.547,0.9555,0.138,0.1337,0
sd15_only,sd35,70,image_181.png,A person in a highway rest stop,36.547,0.9555,0.1369,0.1334,0
sd15_only,sd35,none,image_185.png,A person in a golf course clubhouse,27.632,0.935,0.2454,0.1955,0
sd15_only,sd35,none,image_185.png,A person in a rehab facility,27.632,0.935,0.2461,0.1976,0
sd15_only,sd35,75,image_185.png,A person in a golf course clubhouse,27.387,0.9066,0.2454,0.1952,1
sd15_only,sd35,75,image_185.png,A person in a rehab facility,27.387,0.9066,0.2461,0.1944,1
sd15_only,sd35,70,image_185.png,A person in a golf course clubhouse,27.341,0.9031,0.2454,0.1935,1
sd15_only,sd35,70,image_185.png,A person in a rehab facility,27.341,0.9031,0.2461,0.196,1
sd15_only,sd35,none,image_186.png,A person in a community arts and crafts market,35.078,0.981,0.2695,0.2605,0
sd15_only,sd35,none,image_186.png,A person in a church sanctuary,35.078,0.981,0.273,0.2595,0
sd15_only,sd35,75,image_186.png,A person in a community arts and crafts market,32.461,0.9472,0.2695,0.2549,0
sd15_only,sd35,75,image_186.png,A person in a church sanctuary,32.461,0.9472,0.273,0.2545,0
sd15_only,sd35,70,image_186.png,A person in a community arts and crafts market,32.077,0.9428,0.2695,0.2554,0
sd15_only,sd35,70,image_186.png,A person in a church sanctuary,32.077,0.9428,0.273,0.2564,0
sd15_only,sd35,none,image_189.png,A person in a vintage arts fair,35.81,0.9867,0.2019,0.1956,0
sd15_only,sd35,none,image_189.png,A person in a bowling alley,35.81,0.9867,0.2038,0.1961,0
sd15_only,sd35,75,image_189.png,A person in a vintage arts fair,32.728,0.9446,0.2019,0.1941,0
sd15_only,sd35,75,image_189.png,A person in a bowling alley,32.728,0.9446,0.2038,0.1928,0
sd15_only,sd35,70,image_189.png,A person in a vintage arts fair,32.416,0.9401,0.2019,0.1945,0
sd15_only,sd35,70,image_189.png,A person in a bowling alley,32.416,0.9401,0.2038,0.1923,0
sd15_only,sd35,none,image_201.png,A person in a high-end restaurant,34.065,0.9724,0.1562,0.138,0
sd15_only,sd35,none,image_201.png,A person in a bowling alley,34.065,0.9724,0.1549,0.1365,0
sd15_only,sd35,75,image_201.png,A person in a high-end restaurant,32.911,0.9361,0.1562,0.1357,0
sd15_only,sd35,75,image_201.png,A person in a bowling alley,32.911,0.9361,0.1549,0.1345,0
sd15_only,sd35,70,image_201.png,A person in a high-end restaurant,32.787,0.9313,0.1562,0.1361,0
sd15_only,sd35,70,image_201.png,A person in a bowling alley,32.787,0.9313,0.1549,0.1337,0
sd15_only,sd35,none,image_203.png,A person in a gymnasium,37.749,0.9932,0.2451,0.241,0
sd15_only,sd35,none,image_203.png,A person in a brothel,37.749,0.9932,0.2458,0.241,0
sd15_only,sd35,75,image_203.png,A person in a gymnasium,35.945,0.9711,0.2451,0.2383,0
sd15_only,sd35,75,image_203.png,A person in a brothel,35.945,0.9711,0.2458,0.2386,0
sd15_only,sd35,70,image_203.png,A person in a gymnasium,35.701,0.9686,0.2451,0.2391,0
sd15_only,sd35,70,image_203.png,A person in a brothel,35.701,0.9686,0.2458,0.2433,0
sd15_only,sd35,none,image_209.png,A person in a summer camp,34.921,0.9858,0.2039,0.1945,0
sd15_only,sd35,none,image_209.png,A person in a TV studio,34.921,0.9858,0.2,0.1939,0
sd15_only,sd35,75,image_209.png,A person in a summer camp,33.459,0.9528,0.2039,0.192,0
sd15_only,sd35,75,image_209.png,A person in a TV studio,33.459,0.9528,0.2,0.1904,0
sd15_only,sd35,70,image_209.png,A person in a summer camp,33.179,0.9473,0.2039,0.1922,0
sd15_only,sd35,70,image_209.png,A person in a TV studio,33.179,0.9473,0.2,0.1902,0
sd15_only,sd35,none,image_212.png,A person in a street vendor stand,36.531,0.9853,0.2195,0.2117,0
sd15_only,sd35,none,image_212.png,A person in a dog park picnic,36.531,0.9853,0.2192,0.2086,0
sd15_only,sd35,75,image_212.png,A person in a street vendor stand,34.401,0.959,0.2195,0.2075,0
sd15_only,sd35,75,image_212.png,A person in a dog park picnic,34.401,0.959,0.2192,0.2083,0
sd15_only,sd35,70,image_212.png,A person in a street vendor stand,34.139,0.9555,0.2195,0.21,0
sd15_only,sd35,70,image_212.png,A person in a dog park picnic,34.139,0.9555,0.2192,0.2084,0
sd15_only,sd35,none,image_213.png,A person in a science museum exhibit,29.628,0.945,0.21,0.1682,0
sd15_only,sd35,none,image_213.png,A person in a woodworking shop,29.628,0.945,0.2108,0.1697,0
sd15_only,sd35,75,image_213.png,A person in a science museum exhibit,29.309,0.9175,0.21,0.1657,0
sd15_only,sd35,75,image_213.png,A person in a woodworking shop,29.309,0.9175,0.2108,0.1677,0
sd15_only,sd35,70,image_213.png,A person in a science museum exhibit,29.255,0.9144,0.21,0.1678,0
sd15_only,sd35,70,image_213.png,A person in a woodworking shop,29.255,0.9144,0.2108,0.1645,0
multimodel_h1a,sd35,none,image_1.png,A person in a weekend market,29.939,0.9754,0.256,0.2346,0
multimodel_h1a,sd35,none,image_1.png,A person in a police evidence room,29.939,0.9754,0.2553,0.237,0
multimodel_h1a,sd35,75,image_1.png,A person in a weekend market,29.574,0.9439,0.256,0.2384,0
multimodel_h1a,sd35,75,image_1.png,A person in a police evidence room,29.574,0.9439,0.2553,0.2344,0
multimodel_h1a,sd35,70,image_1.png,A person in a weekend market,29.494,0.9396,0.256,0.2363,0
multimodel_h1a,sd35,70,image_1.png,A person in a police evidence room,29.494,0.9396,0.2553,0.2351,0
multimodel_h1a,sd35,none,image_3.png,A person in a weekend market,31.311,0.9511,0.2338,0.2073,0
multimodel_h1a,sd35,none,image_3.png,A person in a TV newsroom,31.311,0.9511,0.2312,0.2082,0
multimodel_h1a,sd35,75,image_3.png,A person in a weekend market,30.604,0.9219,0.2338,0.2081,0
multimodel_h1a,sd35,75,image_3.png,A person in a TV newsroom,30.604,0.9219,0.2312,0.2096,0
multimodel_h1a,sd35,70,image_3.png,A person in a weekend market,30.476,0.9175,0.2338,0.2094,0
multimodel_h1a,sd35,70,image_3.png,A person in a TV newsroom,30.476,0.9175,0.2312,0.2073,0
multimodel_h1a,sd35,none,image_5.png,A person in a church sanctuary,42.015,0.9907,0.2395,0.2389,0
multimodel_h1a,sd35,none,image_5.png,A person in a charity art auction,42.015,0.9907,0.2378,0.2406,0
multimodel_h1a,sd35,75,image_5.png,A person in a church sanctuary,36.83,0.9599,0.2395,0.2346,0
multimodel_h1a,sd35,75,image_5.png,A person in a charity art auction,36.83,0.9599,0.2378,0.2372,0
multimodel_h1a,sd35,70,image_5.png,A person in a church sanctuary,36.243,0.9552,0.2395,0.2348,0
multimodel_h1a,sd35,70,image_5.png,A person in a charity art auction,36.243,0.9552,0.2378,0.2343,0
multimodel_h1a,sd35,none,image_9.png,A person in a sports field,33.228,0.9803,0.1804,0.1692,0
multimodel_h1a,sd35,none,image_9.png,A person in a waterside cafe,33.228,0.9803,0.182,0.1692,0
multimodel_h1a,sd35,75,image_9.png,A person in a sports field,32.598,0.9571,0.1804,0.1673,0
multimodel_h1a,sd35,75,image_9.png,A person in a waterside cafe,32.598,0.9571,0.182,0.169,0
multimodel_h1a,sd35,70,image_9.png,A person in a sports field,32.425,0.9527,0.1804,0.1662,0
multimodel_h1a,sd35,70,image_9.png,A person in a waterside cafe,32.425,0.9527,0.182,0.1697,0
multimodel_h1a,sd35,none,image_13.png,A person in a drive-in theater,39.797,0.9883,0.1886,0.1822,0
multimodel_h1a,sd35,none,image_13.png,A person in a shelter,39.797,0.9883,0.1934,0.1823,0
multimodel_h1a,sd35,75,image_13.png,A person in a drive-in theater,36.564,0.9572,0.1886,0.1803,0
multimodel_h1a,sd35,75,image_13.png,A person in a shelter,36.564,0.9572,0.1934,0.1817,0
multimodel_h1a,sd35,70,image_13.png,A person in a drive-in theater,36.118,0.9532,0.1886,0.1807,0
multimodel_h1a,sd35,70,image_13.png,A person in a shelter,36.118,0.9532,0.1934,0.1842,0
multimodel_h1a,sd35,none,image_18.png,A person in a food truck park,26.189,0.9596,0.2634,0.2316,0
multimodel_h1a,sd35,none,image_18.png,A person in a ice cream parlor,26.189,0.9596,0.2624,0.2316,0
multimodel_h1a,sd35,75,image_18.png,A person in a food truck park,26.087,0.9343,0.2634,0.2283,0
multimodel_h1a,sd35,75,image_18.png,A person in a ice cream parlor,26.087,0.9343,0.2624,0.2301,0
multimodel_h1a,sd35,70,image_18.png,A person in a food truck park,26.04,0.9309,0.2634,0.2294,0
multimodel_h1a,sd35,70,image_18.png,A person in a ice cream parlor,26.04,0.9309,0.2624,0.2286,0
multimodel_h1a,sd35,none,image_22.png,A person in a betting shop,26.942,0.9498,0.1627,0.126,0
multimodel_h1a,sd35,none,image_22.png,A person in a charity art auction,26.942,0.9498,0.1587,0.1268,0
multimodel_h1a,sd35,75,image_22.png,A person in a betting shop,26.735,0.9215,0.1627,0.1278,0
multimodel_h1a,sd35,75,image_22.png,A person in a charity art auction,26.735,0.9215,0.1587,0.126,0
multimodel_h1a,sd35,70,image_22.png,A person in a betting shop,26.686,0.9174,0.1627,0.1252,0
multimodel_h1a,sd35,70,image_22.png,A person in a charity art auction,26.686,0.9174,0.1587,0.1251,0
multimodel_h1a,sd35,none,image_23.png,A person in a shelter,42.183,0.9911,0.23,0.2248,0
multimodel_h1a,sd35,none,image_23.png,A person in a local art market,42.183,0.9911,0.2309,0.2263,0
multimodel_h1a,sd35,75,image_23.png,A person in a shelter,36.689,0.9508,0.23,0.2239,0
multimodel_h1a,sd35,75,image_23.png,A person in a local art market,36.689,0.9508,0.2309,0.223,0
multimodel_h1a,sd35,70,image_23.png,A person in a shelter,36.22,0.946,0.23,0.2258,0
multimodel_h1a,sd35,70,image_23.png,A person in a local art market,36.22,0.946,0.2309,0.2236,0
multimodel_h1a,sd35,none,image_29.png,A person in a historic landmark event,30.55,0.9703,0.2501,0.2302,0
multimodel_h1a,sd35,none,image_29.png,A person in a gymnasium,30.55,0.9703,0.2496,0.226,0
multimodel_h1a,sd35,75,image_29.png,A person in a historic landmark event,30.309,0.9501,0.2501,0.2281,0
multimodel_h1a,sd35,75,image_29.png,A person in a gymnasium,30.309,0.9501,0.2496,0.2247,0
multimodel_h1a,sd35,70,image_29.png,A person in a historic landmark event,30.206,0.9477,0.2501,0.2266,0
multimodel_h1a,sd35,70,image_29.png,A person in a gymnasium,30.206,0.9477,0.2496,0.2253,0
multimodel_h1a,sd35,none,image_32.png,A person in a local art market,34.73,0.9719,0.2061,0.1929,0
multimodel_h1a,sd35,none,image_32.png,A person in a pet festival,34.73,0.9719,0.2067,0.1949,0
multimodel_h1a,sd35,75,image_32.png,A person in a local art market,33.481,0.9423,0.2061,0.1953,0
multimodel_h1a,sd35,75,image_32.png,A person in a pet festival,33.481,0.9423,0.2067,0.194,0
multimodel_h1a,sd35,70,image_32.png,A person in a local art market,33.24,0.938,0.2061,0.1928,0
multimodel_h1a,sd35,70,image_32.png,A person in a pet festival,33.24,0.938,0.2067,0.1928,0
multimodel_h1a,sd35,none,image_33.png,A person in a basement,38.754,0.9832,0.2364,0.2214,0
multimodel_h1a,sd35,none,image_33.png,A person in a movie set,38.754,0.9832,0.2371,0.221,0
multimodel_h1a,sd35,75,image_33.png,A person in a basement,36.636,0.9549,0.2364,0.2215,0
multimodel_h1a,sd35,75,image_33.png,A person in a movie set,36.636,0.9549,0.2371,0.2211,0
multimodel_h1a,sd35,70,image_33.png,A person in a basement,36.341,0.9511,0.2364,0.2179,0
multimodel_h1a,sd35,70,image_33.png,A person in a movie set,36.341,0.9511,0.2371,0.2193,0
multimodel_h1a,sd35,none,image_37.png,A person in a garage,31.661,0.979,0.2643,0.2517,0
multimodel_h1a,sd35,none,image_37.png,A person in a tech startup launch,31.661,0.979,0.2645,0.2509,0
multimodel_h1a,sd35,75,image_37.png,A person in a garage,31.149,0.9534,0.2643,0.2478,0
multimodel_h1a,sd35,75,image_37.png,A person in a tech startup launch,31.149,0.9534,0.2645,0.2471,0
multimodel_h1a,sd35,70,image_37.png,A person in a garage,31.027,0.9504,0.2643,0.2476,0
multimodel_h1a,sd35,70,image_37.png,A person in a tech startup launch,31.027,0.9504,0.2645,0.2475,0
multimodel_h1a,sd35,none,image_47.png,A person in a hot dog stand,38.441,0.9875,0.2325,0.2291,0
multimodel_h1a,sd35,none,image_47.png,A person in a creative writing event,38.441,0.9875,0.2306,0.2285,0
multimodel_h1a,sd35,75,image_47.png,A person in a hot dog stand,35.853,0.9598,0.2325,0.2287,0
multimodel_h1a,sd35,75,image_47.png,A person in a creative writing event,35.853,0.9598,0.2306,0.228,0
multimodel_h1a,sd35,70,image_47.png,A person in a hot dog stand,35.528,0.9567,0.2325,0.2258,0
multimodel_h1a,sd35,70,image_47.png,A person in a creative writing event,35.528,0.9567,0.2306,0.2277,0
multimodel_h1a,sd35,none,image_49.png,A person in a music and arts festival,26.469,0.8897,0.2662,0.1827,1
multimodel_h1a,sd35,none,image_49.png,A person in a bus stop shelter,26.469,0.8897,0.2686,0.1845,1
multimodel_h1a,sd35,75,image_49.png,A person in a music and arts festival,26.341,0.8615,0.2662,0.1862,1
multimodel_h1a,sd35,75,image_49.png,A person in a bus stop shelter,26.341,0.8615,0.2686,0.1843,1
multimodel_h1a,sd35,70,image_49.png,A person in a music and arts festival,26.315,0.8583,0.2662,0.1869,1
multimodel_h1a,sd35,70,image_49.png,A person in a bus stop shelter,26.315,0.8583,0.2686,0.1846,1
multimodel_h1a,sd35,none,image_53.png,A person in a parking structure,27.531,0.9114,0.1976,0.1378,1
multimodel_h1a,sd35,none,image_53.png,A person in a science museum exhibit,27.531,0.9114,0.1964,0.1378,1
multimodel_h1a,sd35,75,image_53.png,A person in a parking structure,27.363,0.8844,0.1976,0.1382,1
multimodel_h1a,sd35,75,image_53.png,A person in a science museum exhibit,27.363,0.8844,0.1964,0.1383,1
multimodel_h1a,sd35,70,image_53.png,A person in a parking structure,27.3,0.88,0.1976,0.1384,1
multimodel_h1a,sd35,70,image_53.png,A person in a science museum exhibit,27.3,0.88,0.1964,0.1385,1
multimodel_h1a,sd35,none,image_57.png,A person in a gym sauna,37.182,0.9687,0.2404,0.224,0
multimodel_h1a,sd35,none,image_57.png,A person in a community theater production,37.182,0.9687,0.2437,0.2247,0
multimodel_h1a,sd35,75,image_57.png,A person in a gym sauna,35.199,0.9438,0.2404,0.2225,0
multimodel_h1a,sd35,75,image_57.png,A person in a community theater production,35.199,0.9438,0.2437,0.224,0
multimodel_h1a,sd35,70,image_57.png,A person in a gym sauna,34.862,0.9399,0.2404,0.2234,0
multimodel_h1a,sd35,70,image_57.png,A person in a community theater production,34.862,0.9399,0.2437,0.2229,0
multimodel_h1a,sd35,none,image_58.png,A person in a costume shop,35.808,0.9773,0.2521,0.2405,0
multimodel_h1a,sd35,none,image_58.png,A person in a candle shop,35.808,0.9773,0.251,0.2384,0
multimodel_h1a,sd35,75,image_58.png,A person in a costume shop,32.44,0.9305,0.2521,0.2371,0
multimodel_h1a,sd35,75,image_58.png,A person in a candle shop,32.44,0.9305,0.251,0.2366,0
multimodel_h1a,sd35,70,image_58.png,A person in a costume shop,32.035,0.9245,0.2521,0.2373,0
multimodel_h1a,sd35,70,image_58.png,A person in a candle shop,32.035,0.9245,0.251,0.2362,0
multimodel_h1a,sd35,none,image_66.png,A person in a gym sauna,28.498,0.9628,0.2462,0.2156,0
multimodel_h1a,sd35,none,image_66.png,A person in a technology fair,28.498,0.9628,0.2472,0.2163,0
multimodel_h1a,sd35,75,image_66.png,A person in a gym sauna,28.387,0.9437,0.2462,0.216,0
multimodel_h1a,sd35,75,image_66.png,A person in a technology fair,28.387,0.9437,0.2472,0.2179,0
multimodel_h1a,sd35,70,image_66.png,A person in a gym sauna,28.371,0.9416,0.2462,0.2135,0
multimodel_h1a,sd35,70,image_66.png,A person in a technology fair,28.371,0.9416,0.2472,0.217,0
multimodel_h1a,sd35,none,image_67.png,A person in a butcher’s shop,28.36,0.9641,0.2417,0.2152,0
multimodel_h1a,sd35,none,image_67.png,A person in a pet festival,28.36,0.9641,0.2425,0.2141,0
multimodel_h1a,sd35,75,image_67.png,A person in a butcher’s shop,28.254,0.9429,0.2417,0.2126,0
multimodel_h1a,sd35,75,image_67.png,A person in a pet festival,28.254,0.9429,0.2425,0.2145,0
multimodel_h1a,sd35,70,image_67.png,A person in a butcher’s shop,28.201,0.94,0.2417,0.2157,0
multimodel_h1a,sd35,70,image_67.png,A person in a pet festival,28.201,0.94,0.2425,0.2145,0
multimodel_h1a,sd35,none,image_73.png,A person in a locker room,41.04,0.9929,0.2173,0.2139,0
multimodel_h1a,sd35,none,image_73.png,A person in a street market,41.04,0.9929,0.218,0.2134,0
multimodel_h1a,sd35,75,image_73.png,A person in a locker room,36.245,0.9504,0.2173,0.2123,0
multimodel_h1a,sd35,75,image_73.png,A person in a street market,36.245,0.9504,0.218,0.2112,0
multimodel_h1a,sd35,70,image_73.png,A person in a locker room,35.785,0.9453,0.2173,0.2109,0
multimodel_h1a,sd35,70,image_73.png,A person in a street market,35.785,0.9453,0.218,0.2094,0
multimodel_h1a,sd35,none,image_80.png,A person in a hot dog stand,33.614,0.9792,0.2295,0.221,0
multimodel_h1a,sd35,none,image_80.png,A person in a bridal fitting room,33.614,0.9792,0.2296,0.2207,0
multimodel_h1a,sd35,75,image_80.png,A person in a hot dog stand,32.271,0.948,0.2295,0.2188,0
multimodel_h1a,sd35,75,image_80.png,A person in a bridal fitting room,32.271,0.948,0.2296,0.2169,0
multimodel_h1a,sd35,70,image_80.png,A person in a hot dog stand,32.017,0.942,0.2295,0.2173,0
multimodel_h1a,sd35,70,image_80.png,A person in a bridal fitting room,32.017,0.942,0.2296,0.2161,0
multimodel_h1a,sd35,none,image_82.png,A person in a beach resort,31.494,0.9821,0.1992,0.1836,0
multimodel_h1a,sd35,none,image_82.png,A person in a transit station,31.494,0.9821,0.197,0.1828,0
multimodel_h1a,sd35,75,image_82.png,A person in a beach resort,31.092,0.9593,0.1992,0.1839,0
multimodel_h1a,sd35,75,image_82.png,A person in a transit station,31.092,0.9593,0.197,0.1831,0
multimodel_h1a,sd35,70,image_82.png,A person in a beach resort,30.987,0.9554,0.1992,0.1821,0
multimodel_h1a,sd35,70,image_82.png,A person in a transit station,30.987,0.9554,0.197,0.1804,0
multimodel_h1a,sd35,none,image_93.png,A person in a motel room,34.326,0.9743,0.2841,0.2725,0
multimodel_h1a,sd35,none,image_93.png,A person in a tech launch event,34.326,0.9743,0.2801,0.2703,0
multimodel_h1a,sd35,75,image_93.png,A person in a motel room,32.352,0.9454,0.2841,0.2705,0
multimodel_h1a,sd35,75,image_93.png,A person in a tech launch event,32.352,0.9454,0.2801,0.2728,0
multimodel_h1a,sd35,70,image_93.png,A person in a motel room,31.986,0.941,0.2841,0.273,0
multimodel_h1a,sd35,70,image_93.png,A person in a tech launch event,31.986,0.941,0.2801,0.2685,0
multimodel_h1a,sd35,none,image_94.png,A person in a computer lab,39.919,0.99,0.2631,0.2594,0
multimodel_h1a,sd35,none,image_94.png,A person in a lobby,39.919,0.99,0.2662,0.2664,0
multimodel_h1a,sd35,75,image_94.png,A person in a computer lab,36.074,0.9636,0.2631,0.2598,0
multimodel_h1a,sd35,75,image_94.png,A person in a lobby,36.074,0.9636,0.2662,0.2623,0
multimodel_h1a,sd35,70,image_94.png,A person in a computer lab,35.501,0.9593,0.2631,0.2608,0
multimodel_h1a,sd35,70,image_94.png,A person in a lobby,35.501,0.9593,0.2662,0.2628,0
multimodel_h1a,sd35,none,image_104.png,A person in a pet festival,45.774,0.9967,0.1989,0.1965,0
multimodel_h1a,sd35,none,image_104.png,A person in a slum,45.774,0.9967,0.1964,0.1951,0
multimodel_h1a,sd35,75,image_104.png,A person in a pet festival,38.31,0.9645,0.1989,0.1952,0
multimodel_h1a,sd35,75,image_104.png,A person in a slum,38.31,0.9645,0.1964,0.1941,0
multimodel_h1a,sd35,70,image_104.png,A person in a pet festival,37.769,0.9608,0.1989,0.1928,0
multimodel_h1a,sd35,70,image_104.png,A person in a slum,37.769,0.9608,0.1964,0.1938,0
multimodel_h1a,sd35,none,image_110.png,A person in a gym sauna,39.405,0.9919,0.2582,0.2512,0
multimodel_h1a,sd35,none,image_110.png,A person in a glass factory,39.405,0.9919,0.2541,0.2541,0
multimodel_h1a,sd35,75,image_110.png,A person in a gym sauna,36.937,0.9649,0.2582,0.2493,0
multimodel_h1a,sd35,75,image_110.png,A person in a glass factory,36.937,0.9649,0.2541,0.2529,0
multimodel_h1a,sd35,70,image_110.png,A person in a gym sauna,36.571,0.9613,0.2582,0.2503,0
multimodel_h1a,sd35,70,image_110.png,A person in a glass factory,36.571,0.9613,0.2541,0.2496,0
multimodel_h1a,sd35,none,image_115.png,A person in a tram stop,31.492,0.9672,0.271,0.2494,0
multimodel_h1a,sd35,none,image_115.png,A person in a fish market,31.492,0.9672,0.269,0.2477,0
multimodel_h1a,sd35,75,image_115.png,A person in a tram stop,30.687,0.9363,0.271,0.2482,0
multimodel_h1a,sd35,75,image_115.png,A person in a fish market,30.687,0.9363,0.269,0.2495,0
multimodel_h1a,sd35,70,image_115.png,A person in a tram stop,30.502,0.9308,0.271,0.2497,0
multimodel_h1a,sd35,70,image_115.png,A person in a fish market,30.502,0.9308,0.269,0.2511,0
multimodel_h1a,sd35,none,image_121.png,A person in a basement,33.971,0.9695,0.2214,0.2076,0
multimodel_h1a,sd35,none,image_121.png,A person in a dormitory,33.971,0.9695,0.2219,0.206,0
multimodel_h1a,sd35,75,image_121.png,A person in a basement,33.188,0.9447,0.2214,0.2049,0
multimodel_h1a,sd35,75,image_121.png,A person in a dormitory,33.188,0.9447,0.2219,0.2074,0
multimodel_h1a,sd35,70,image_121.png,A person in a basement,33.022,0.9408,0.2214,0.2027,0
multimodel_h1a,sd35,70,image_121.png,A person in a dormitory,33.022,0.9408,0.2219,0.2028,0
multimodel_h1a,sd35,none,image_129.png,A person in a tech startup,27.587,0.9774,0.2727,0.2526,0
multimodel_h1a,sd35,none,image_129.png,A person in a brewery tour,27.587,0.9774,0.2734,0.2531,0
multimodel_h1a,sd35,75,image_129.png,A person in a tech startup,27.341,0.9542,0.2727,0.252,0
multimodel_h1a,sd35,75,image_129.png,A person in a brewery tour,27.341,0.9542,0.2734,0.2505,0
multimodel_h1a,sd35,70,image_129.png,A person in a tech startup,27.275,0.9508,0.2727,0.2503,0
multimodel_h1a,sd35,70,image_129.png,A person in a brewery tour,27.275,0.9508,0.2734,0.2518,0
multimodel_h1a,sd35,none,image_133.png,A person in a laundry room,41.224,0.9929,0.2088,0.2049,0
multimodel_h1a,sd35,none,image_133.png,A person in a tech startup,41.224,0.9929,0.2078,0.2031,0
multimodel_h1a,sd35,75,image_133.png,A person in a laundry room,34.25,0.9579,0.2088,0.2037,0
multimodel_h1a,sd35,75,image_133.png,A person in a tech startup,34.25,0.9579,0.2078,0.2028,0
multimodel_h1a,sd35,70,image_133.png,A person in a laundry room,33.724,0.953,0.2088,0.2027,0
multimodel_h1a,sd35,70,image_133.png,A person in a tech startup,33.724,0.953,0.2078,0.2032,0
multimodel_h1a,sd35,none,image_135.png,A person in a music studio,34.207,0.9592,0.1805,0.1604,0
multimodel_h1a,sd35,none,image_135.png,A person in a local crafts market,34.207,0.9592,0.1841,0.1649,0
multimodel_h1a,sd35,75,image_135.png,A person in a music studio,32.798,0.9255,0.1805,0.16,0
multimodel_h1a,sd35,75,image_135.png,A person in a local crafts market,32.798,0.9255,0.1841,0.1653,0
multimodel_h1a,sd35,70,image_135.png,A person in a music studio,32.579,0.9212,0.1805,0.1621,0
multimodel_h1a,sd35,70,image_135.png,A person in a local crafts market,32.579,0.9212,0.1841,0.1644,0
multimodel_h1a,sd35,none,image_142.png,A person in a bowling alley,28.987,0.9799,0.2389,0.2239,0
multimodel_h1a,sd35,none,image_142.png,A person in a climbing wall,28.987,0.9799,0.2375,0.2223,0
multimodel_h1a,sd35,75,image_142.png,A person in a bowling alley,28.721,0.9455,0.2389,0.2217,0
multimodel_h1a,sd35,75,image_142.png,A person in a climbing wall,28.721,0.9455,0.2375,0.221,0
multimodel_h1a,sd35,70,image_142.png,A person in a bowling alley,28.664,0.9412,0.2389,0.2198,0
multimodel_h1a,sd35,70,image_142.png,A person in a climbing wall,28.664,0.9412,0.2375,0.2235,0
multimodel_h1a,sd35,none,image_149.png,A person in a music and arts festival,34.845,0.9855,0.2177,0.2106,0
multimodel_h1a,sd35,none,image_149.png,A person in a costume party,34.845,0.9855,0.2183,0.2126,0
multimodel_h1a,sd35,75,image_149.png,A person in a music and arts festival,34.037,0.9566,0.2177,0.2087,0
multimodel_h1a,sd35,75,image_149.png,A person in a costume party,34.037,0.9566,0.2183,0.2093,0
multimodel_h1a,sd35,70,image_149.png,A person in a music and arts festival,33.911,0.9526,0.2177,0.2082,0
multimodel_h1a,sd35,70,image_149.png,A person in a costume party,33.911,0.9526,0.2183,0.2093,0
multimodel_h1a,sd35,none,image_151.png,A person in a charity art auction,25.1,0.8873,0.3556,0.2742,1
multimodel_h1a,sd35,none,image_151.png,A person in a customs checkpoint,25.1,0.8873,0.3568,0.2717,1
multimodel_h1a,sd35,75,image_151.png,A person in a charity art auction,25.118,0.8661,0.3556,0.2759,1
multimodel_h1a,sd35,75,image_151.png,A person in a customs checkpoint,25.118,0.8661,0.3568,0.2765,1
multimodel_h1a,sd35,70,image_151.png,A person in a charity art auction,25.101,0.8622,0.3556,0.2725,1
multimodel_h1a,sd35,70,image_151.png,A person in a customs checkpoint,25.101,0.8622,0.3568,0.272,1
multimodel_h1a,sd35,none,image_152.png,A person in a city food tour,39.444,0.9936,0.2376,0.2323,0
multimodel_h1a,sd35,none,image_152.png,A person in a flea market,39.444,0.9936,0.2342,0.2319,0
multimodel_h1a,sd35,75,image_152.png,A person in a city food tour,36.234,0.9591,0.2376,0.2327,0
multimodel_h1a,sd35,75,image_152.png,A person in a flea market,36.234,0.9591,0.2342,0.2288,0
multimodel_h1a,sd35,70,image_152.png,A person in a city food tour,35.842,0.9547,0.2376,0.2329,0
multimodel_h1a,sd35,70,image_152.png,A person in a flea market,35.842,0.9547,0.2342,0.232,0
multimodel_h1a,sd35,none,image_160.png,A person in a flower garden,41.864,0.9955,0.2175,0.2176,0
multimodel_h1a,sd35,none,image_160.png,A person in a sports field,41.864,0.9955,0.2214,0.2167,0
multimodel_h1a,sd35,75,image_160.png,A person in a flower garden,35.775,0.9524,0.2175,0.2126,0
multimodel_h1a,sd35,75,image_160.png,A person in a sports field,35.775,0.9524,0.2214,0.215,0
multimodel_h1a,sd35,70,image_160.png,A person in a flower garden,35.267,0.9472,0.2175,0.2143,0
multimodel_h1a,sd35,70,image_160.png,A person in a sports field,35.267,0.9472,0.2214,0.2143,0
multimodel_h1a,sd35,none,image_163.png,A person in a slum,38.104,0.9915,0.2281,0.2254,0
multimodel_h1a,sd35,none,image_163.png,A person in a nightclub,38.104,0.9915,0.2269,0.2241,0
multimodel_h1a,sd35,75,image_163.png,A person in a slum,34.939,0.9606,0.2281,0.2226,0
multimodel_h1a,sd35,75,image_163.png,A person in a nightclub,34.939,0.9606,0.2269,0.2207,0
multimodel_h1a,sd35,70,image_163.png,A person in a slum,34.321,0.9541,0.2281,0.2233,0
multimodel_h1a,sd35,70,image_163.png,A person in a nightclub,34.321,0.9541,0.2269,0.2212,0
multimodel_h1a,sd35,none,image_165.png,A person in a digital art gallery,36.437,0.9902,0.2721,0.27,0
multimodel_h1a,sd35,none,image_165.png,A person in a cocktail bar,36.437,0.9902,0.273,0.2688,0
multimodel_h1a,sd35,75,image_165.png,A person in a digital art gallery,34.648,0.9574,0.2721,0.2709,0
multimodel_h1a,sd35,75,image_165.png,A person in a cocktail bar,34.648,0.9574,0.273,0.2675,0
multimodel_h1a,sd35,70,image_165.png,A person in a digital art gallery,34.34,0.953,0.2721,0.2682,0
multimodel_h1a,sd35,70,image_165.png,A person in a cocktail bar,34.34,0.953,0.273,0.2677,0
multimodel_h1a,sd35,none,image_169.png,A person in a technology fair,34.151,0.9661,0.1727,0.1598,0
multimodel_h1a,sd35,none,image_169.png,A person in a food truck park,34.151,0.9661,0.1718,0.1635,0
multimodel_h1a,sd35,75,image_169.png,A person in a technology fair,33.367,0.9396,0.1727,0.161,0
multimodel_h1a,sd35,75,image_169.png,A person in a food truck park,33.367,0.9396,0.1718,0.1599,0
multimodel_h1a,sd35,70,image_169.png,A person in a technology fair,33.206,0.9357,0.1727,0.161,0
multimodel_h1a,sd35,70,image_169.png,A person in a food truck park,33.206,0.9357,0.1718,0.1601,0
multimodel_h1a,sd35,none,image_170.png,A person in a casino lounge,33.054,0.9754,0.2819,0.2668,0
multimodel_h1a,sd35,none,image_170.png,A person in a dance festival,33.054,0.9754,0.2838,0.2645,0
multimodel_h1a,sd35,75,image_170.png,A person in a casino lounge,32.095,0.9482,0.2819,0.2651,0
multimodel_h1a,sd35,75,image_170.png,A person in a dance festival,32.095,0.9482,0.2838,0.2673,0
multimodel_h1a,sd35,70,image_170.png,A person in a casino lounge,31.916,0.9445,0.2819,0.2666,0
multimodel_h1a,sd35,70,image_170.png,A person in a dance festival,31.916,0.9445,0.2838,0.2656,0
multimodel_h1a,sd35,none,image_180.png,A person in a rooftop lounge,30.06,0.9653,0.2193,0.1936,0
multimodel_h1a,sd35,none,image_180.png,A person in a gym sauna,30.06,0.9653,0.2194,0.1938,0
multimodel_h1a,sd35,75,image_180.png,A person in a rooftop lounge,29.14,0.9205,0.2193,0.1916,0
multimodel_h1a,sd35,75,image_180.png,A person in a gym sauna,29.14,0.9205,0.2194,0.1932,0
multimodel_h1a,sd35,70,image_180.png,A person in a rooftop lounge,28.989,0.9143,0.2193,0.1917,0
multimodel_h1a,sd35,70,image_180.png,A person in a gym sauna,28.989,0.9143,0.2194,0.1931,0
multimodel_h1a,sd35,none,image_181.png,A person in a butcher shop,43.225,0.9955,0.1365,0.1347,0
multimodel_h1a,sd35,none,image_181.png,A person in a highway rest stop,43.225,0.9955,0.1354,0.1359,0
multimodel_h1a,sd35,75,image_181.png,A person in a butcher shop,38.88,0.9628,0.1365,0.1331,0
multimodel_h1a,sd35,75,image_181.png,A person in a highway rest stop,38.88,0.9628,0.1354,0.1335,0
multimodel_h1a,sd35,70,image_181.png,A person in a butcher shop,38.434,0.9591,0.1365,0.1327,0
multimodel_h1a,sd35,70,image_181.png,A person in a highway rest stop,38.434,0.9591,0.1354,0.1348,0
multimodel_h1a,sd35,none,image_185.png,A person in a golf course clubhouse,26.937,0.9458,0.2463,0.2053,0
multimodel_h1a,sd35,none,image_185.png,A person in a rehab facility,26.937,0.9458,0.2461,0.2035,0
multimodel_h1a,sd35,75,image_185.png,A person in a golf course clubhouse,26.823,0.9216,0.2463,0.207,0
multimodel_h1a,sd35,75,image_185.png,A person in a rehab facility,26.823,0.9216,0.2461,0.2058,0
multimodel_h1a,sd35,70,image_185.png,A person in a golf course clubhouse,26.788,0.9182,0.2463,0.2055,0
multimodel_h1a,sd35,70,image_185.png,A person in a rehab facility,26.788,0.9182,0.2461,0.207,0
multimodel_h1a,sd35,none,image_186.png,A person in a community arts and crafts market,36.769,0.9845,0.2703,0.2694,0
multimodel_h1a,sd35,none,image_186.png,A person in a church sanctuary,36.769,0.9845,0.2686,0.2675,0
multimodel_h1a,sd35,75,image_186.png,A person in a community arts and crafts market,33.807,0.9547,0.2703,0.2666,0
multimodel_h1a,sd35,75,image_186.png,A person in a church sanctuary,33.807,0.9547,0.2686,0.2643,0
multimodel_h1a,sd35,70,image_186.png,A person in a community arts and crafts market,33.336,0.9506,0.2703,0.2635,0
multimodel_h1a,sd35,70,image_186.png,A person in a church sanctuary,33.336,0.9506,0.2686,0.2651,0
multimodel_h1a,sd35,none,image_189.png,A person in a vintage arts fair,38.083,0.9894,0.2036,0.1984,0
multimodel_h1a,sd35,none,image_189.png,A person in a bowling alley,38.083,0.9894,0.2038,0.1969,0
multimodel_h1a,sd35,75,image_189.png,A person in a vintage arts fair,34.037,0.9497,0.2036,0.198,0
multimodel_h1a,sd35,75,image_189.png,A person in a bowling alley,34.037,0.9497,0.2038,0.1972,0
multimodel_h1a,sd35,70,image_189.png,A person in a vintage arts fair,33.594,0.9451,0.2036,0.1958,0
multimodel_h1a,sd35,70,image_189.png,A person in a bowling alley,33.594,0.9451,0.2038,0.1977,0
multimodel_h1a,sd35,none,image_201.png,A person in a high-end restaurant,39.452,0.984,0.1556,0.1483,0
multimodel_h1a,sd35,none,image_201.png,A person in a bowling alley,39.452,0.984,0.1566,0.1464,0
multimodel_h1a,sd35,75,image_201.png,A person in a high-end restaurant,36.549,0.949,0.1556,0.1488,0
multimodel_h1a,sd35,75,image_201.png,A person in a bowling alley,36.549,0.949,0.1566,0.1461,0
multimodel_h1a,sd35,70,image_201.png,A person in a high-end restaurant,36.188,0.9437,0.1556,0.1442,0
multimodel_h1a,sd35,70,image_201.png,A person in a bowling alley,36.188,0.9437,0.1566,0.1473,0
multimodel_h1a,sd35,none,image_203.png,A person in a gymnasium,42.008,0.9942,0.2464,0.2429,0
multimodel_h1a,sd35,none,image_203.png,A person in a brothel,42.008,0.9942,0.2441,0.2427,0
multimodel_h1a,sd35,75,image_203.png,A person in a gymnasium,38.558,0.974,0.2464,0.243,0
multimodel_h1a,sd35,75,image_203.png,A person in a brothel,38.558,0.974,0.2441,0.2416,0
multimodel_h1a,sd35,70,image_203.png,A person in a gymnasium,38.18,0.9715,0.2464,0.2401,0
multimodel_h1a,sd35,70,image_203.png,A person in a brothel,38.18,0.9715,0.2441,0.2411,0
multimodel_h1a,sd35,none,image_209.png,A person in a summer camp,38.641,0.9875,0.2017,0.1972,0
multimodel_h1a,sd35,none,image_209.png,A person in a TV studio,38.641,0.9875,0.204,0.1997,0
multimodel_h1a,sd35,75,image_209.png,A person in a summer camp,35.94,0.9576,0.2017,0.1973,0
multimodel_h1a,sd35,75,image_209.png,A person in a TV studio,35.94,0.9576,0.204,0.198,0
multimodel_h1a,sd35,70,image_209.png,A person in a summer camp,35.428,0.9522,0.2017,0.1937,0
multimodel_h1a,sd35,70,image_209.png,A person in a TV studio,35.428,0.9522,0.204,0.1955,0
multimodel_h1a,sd35,none,image_212.png,A person in a street vendor stand,39.166,0.9796,0.2167,0.2112,0
multimodel_h1a,sd35,none,image_212.png,A person in a dog park picnic,39.166,0.9796,0.2223,0.2106,0
multimodel_h1a,sd35,75,image_212.png,A person in a street vendor stand,36.288,0.9577,0.2167,0.2107,0
multimodel_h1a,sd35,75,image_212.png,A person in a dog park picnic,36.288,0.9577,0.2223,0.2115,0
multimodel_h1a,sd35,70,image_212.png,A person in a street vendor stand,35.855,0.9545,0.2167,0.2109,0
multimodel_h1a,sd35,70,image_212.png,A person in a dog park picnic,35.855,0.9545,0.2223,0.2099,0
multimodel_h1a,sd35,none,image_213.png,A person in a science museum exhibit,30.717,0.955,0.2072,0.1802,0
multimodel_h1a,sd35,none,image_213.png,A person in a woodworking shop,30.717,0.955,0.2112,0.1807,0
multimodel_h1a,sd35,75,image_213.png,A person in a science museum exhibit,30.35,0.9315,0.2072,0.1795,0
multimodel_h1a,sd35,75,image_213.png,A person in a woodworking shop,30.35,0.9315,0.2112,0.1793,0
multimodel_h1a,sd35,70,image_213.png,A person in a science museum exhibit,30.282,0.9287,0.2072,0.1819,0
multimodel_h1a,sd35,70,image_213.png,A person in a woodworking shop,30.282,0.9287,0.2112,0.178,0
