checkpoint,eval_model,jpeg_quality,image,prompt,psnr_immunized,ssim_imm_orig,ssim_clean_edit,ssim_imm_edit,disrupted
h1a_no_jpeg,sd15,none,image_1.png,A person in a weekend market,29.939,0.9754,0.4294,0.4081,0
h1a_no_jpeg,sd15,none,image_1.png,A person in a police evidence room,29.939,0.9754,0.4407,0.4147,0
h1a_no_jpeg,sd15,75,image_1.png,A person in a weekend market,29.574,0.9439,0.4294,0.4167,0
h1a_no_jpeg,sd15,75,image_1.png,A person in a police evidence room,29.574,0.9439,0.4407,0.4185,0
h1a_no_jpeg,sd15,70,image_1.png,A person in a weekend market,29.494,0.9396,0.4294,0.4144,0
h1a_no_jpeg,sd15,70,image_1.png,A person in a police evidence room,29.494,0.9396,0.4407,0.4143,0
h1a_no_jpeg,sd15,none,image_3.png,A person in a weekend market,31.311,0.9511,0.4906,0.4669,0
h1a_no_jpeg,sd15,none,image_3.png,A person in a TV newsroom,31.311,0.9511,0.3849,0.3578,0
h1a_no_jpeg,sd15,75,image_3.png,A person in a weekend market,30.604,0.9219,0.4906,0.4707,0
h1a_no_jpeg,sd15,75,image_3.png,A person in a TV newsroom,30.604,0.9219,0.3849,0.3793,0
h1a_no_jpeg,sd15,70,image_3.png,A person in a weekend market,30.476,0.9175,0.4906,0.4715,0
h1a_no_jpeg,sd15,70,image_3.png,A person in a TV newsroom,30.476,0.9175,0.3849,0.3682,0
h1a_no_jpeg,sd15,none,image_5.png,A person in a church sanctuary,42.015,0.9907,0.4862,0.487,0
h1a_no_jpeg,sd15,none,image_5.png,A person in a charity art auction,42.015,0.9907,0.4669,0.4579,0
h1a_no_jpeg,sd15,75,image_5.png,A person in a church sanctuary,36.83,0.9599,0.4862,0.4944,0
h1a_no_jpeg,sd15,75,image_5.png,A person in a charity art auction,36.83,0.9599,0.4669,0.4616,0
h1a_no_jpeg,sd15,70,image_5.png,A person in a church sanctuary,36.243,0.9552,0.4862,0.4997,0
h1a_no_jpeg,sd15,70,image_5.png,A person in a charity art auction,36.243,0.9552,0.4669,0.47,0
h1a_no_jpeg,sd15,none,image_9.png,A person in a sports field,33.228,0.9803,0.4931,0.4768,0
h1a_no_jpeg,sd15,none,image_9.png,A person in a waterside cafe,33.228,0.9803,0.4848,0.4708,0
h1a_no_jpeg,sd15,75,image_9.png,A person in a sports field,32.598,0.9571,0.4931,0.4717,0
h1a_no_jpeg,sd15,75,image_9.png,A person in a waterside cafe,32.598,0.9571,0.4848,0.4702,0
h1a_no_jpeg,sd15,70,image_9.png,A person in a sports field,32.425,0.9527,0.4931,0.4715,0
h1a_no_jpeg,sd15,70,image_9.png,A person in a waterside cafe,32.425,0.9527,0.4848,0.477,0
h1a_no_jpeg,sd15,none,image_13.png,A person in a drive-in theater,39.797,0.9883,0.5916,0.5924,0
h1a_no_jpeg,sd15,none,image_13.png,A person in a shelter,39.797,0.9883,0.6221,0.6147,0
h1a_no_jpeg,sd15,75,image_13.png,A person in a drive-in theater,36.564,0.9572,0.5916,0.5974,0
h1a_no_jpeg,sd15,75,image_13.png,A person in a shelter,36.564,0.9572,0.6221,0.6213,0
h1a_no_jpeg,sd15,70,image_13.png,A person in a drive-in theater,36.118,0.9532,0.5916,0.5944,0
h1a_no_jpeg,sd15,70,image_13.png,A person in a shelter,36.118,0.9532,0.6221,0.6142,0
h1a_no_jpeg,sd15,none,image_18.png,A person in a food truck park,26.189,0.9596,0.5484,0.515,0
h1a_no_jpeg,sd15,none,image_18.png,A person in a ice cream parlor,26.189,0.9596,0.5659,0.5285,0
h1a_no_jpeg,sd15,75,image_18.png,A person in a food truck park,26.087,0.9343,0.5484,0.5404,0
h1a_no_jpeg,sd15,75,image_18.png,A person in a ice cream parlor,26.087,0.9343,0.5659,0.538,0
h1a_no_jpeg,sd15,70,image_18.png,A person in a food truck park,26.04,0.9309,0.5484,0.5483,0
h1a_no_jpeg,sd15,70,image_18.png,A person in a ice cream parlor,26.04,0.9309,0.5659,0.5418,0
h1a_no_jpeg,sd15,none,image_22.png,A person in a betting shop,26.942,0.9498,0.6406,0.5972,0
h1a_no_jpeg,sd15,none,image_22.png,A person in a charity art auction,26.942,0.9498,0.5833,0.521,1
h1a_no_jpeg,sd15,75,image_22.png,A person in a betting shop,26.735,0.9215,0.6406,0.5953,0
h1a_no_jpeg,sd15,75,image_22.png,A person in a charity art auction,26.735,0.9215,0.5833,0.5315,1
h1a_no_jpeg,sd15,70,image_22.png,A person in a betting shop,26.686,0.9174,0.6406,0.5982,0
h1a_no_jpeg,sd15,70,image_22.png,A person in a charity art auction,26.686,0.9174,0.5833,0.5323,1
h1a_no_jpeg,sd15,none,image_23.png,A person in a shelter,42.183,0.9911,0.4283,0.4271,0
h1a_no_jpeg,sd15,none,image_23.png,A person in a local art market,42.183,0.9911,0.5148,0.5079,0
h1a_no_jpeg,sd15,75,image_23.png,A person in a shelter,36.689,0.9508,0.4283,0.438,0
h1a_no_jpeg,sd15,75,image_23.png,A person in a local art market,36.689,0.9508,0.5148,0.5066,0
h1a_no_jpeg,sd15,70,image_23.png,A person in a shelter,36.22,0.946,0.4283,0.4375,0
h1a_no_jpeg,sd15,70,image_23.png,A person in a local art market,36.22,0.946,0.5148,0.5016,0
h1a_no_jpeg,sd15,none,image_29.png,A person in a historic landmark event,30.55,0.9703,0.711,0.679,0
h1a_no_jpeg,sd15,none,image_29.png,A person in a gymnasium,30.55,0.9703,0.7808,0.7584,0
h1a_no_jpeg,sd15,75,image_29.png,A person in a historic landmark event,30.309,0.9501,0.711,0.6908,0
h1a_no_jpeg,sd15,75,image_29.png,A person in a gymnasium,30.309,0.9501,0.7808,0.7624,0
h1a_no_jpeg,sd15,70,image_29.png,A person in a historic landmark event,30.206,0.9477,0.711,0.6809,0
h1a_no_jpeg,sd15,70,image_29.png,A person in a gymnasium,30.206,0.9477,0.7808,0.7605,0
h1a_no_jpeg,sd15,none,image_32.png,A person in a local art market,34.73,0.9719,0.5396,0.5331,0
h1a_no_jpeg,sd15,none,image_32.png,A person in a pet festival,34.73,0.9719,0.5768,0.5528,0
h1a_no_jpeg,sd15,75,image_32.png,A person in a local art market,33.481,0.9423,0.5396,0.5409,0
h1a_no_jpeg,sd15,75,image_32.png,A person in a pet festival,33.481,0.9423,0.5768,0.554,0
h1a_no_jpeg,sd15,70,image_32.png,A person in a local art market,33.24,0.938,0.5396,0.544,0
h1a_no_jpeg,sd15,70,image_32.png,A person in a pet festival,33.24,0.938,0.5768,0.5566,0
h1a_no_jpeg,sd15,none,image_33.png,A person in a basement,38.754,0.9832,0.3509,0.3417,0
h1a_no_jpeg,sd15,none,image_33.png,A person in a movie set,38.754,0.9832,0.3824,0.3589,0
h1a_no_jpeg,sd15,75,image_33.png,A person in a basement,36.636,0.9549,0.3509,0.3168,0
h1a_no_jpeg,sd15,75,image_33.png,A person in a movie set,36.636,0.9549,0.3824,0.3926,0
h1a_no_jpeg,sd15,70,image_33.png,A person in a basement,36.341,0.9511,0.3509,0.3448,0
h1a_no_jpeg,sd15,70,image_33.png,A person in a movie set,36.341,0.9511,0.3824,0.3947,0
h1a_no_jpeg,sd15,none,image_37.png,A person in a garage,31.661,0.979,0.6781,0.651,0
h1a_no_jpeg,sd15,none,image_37.png,A person in a tech startup launch,31.661,0.979,0.7039,0.6903,0
h1a_no_jpeg,sd15,75,image_37.png,A person in a garage,31.149,0.9534,0.6781,0.6484,0
h1a_no_jpeg,sd15,75,image_37.png,A person in a tech startup launch,31.149,0.9534,0.7039,0.6838,0
h1a_no_jpeg,sd15,70,image_37.png,A person in a garage,31.027,0.9504,0.6781,0.6471,0
h1a_no_jpeg,sd15,70,image_37.png,A person in a tech startup launch,31.027,0.9504,0.7039,0.6838,0
h1a_no_jpeg,sd15,none,image_47.png,A person in a hot dog stand,38.441,0.9875,0.6503,0.6464,0
h1a_no_jpeg,sd15,none,image_47.png,A person in a creative writing event,38.441,0.9875,0.6029,0.6072,0
h1a_no_jpeg,sd15,75,image_47.png,A person in a hot dog stand,35.853,0.9598,0.6503,0.6441,0
h1a_no_jpeg,sd15,75,image_47.png,A person in a creative writing event,35.853,0.9598,0.6029,0.6196,0
h1a_no_jpeg,sd15,70,image_47.png,A person in a hot dog stand,35.528,0.9567,0.6503,0.6414,0
h1a_no_jpeg,sd15,70,image_47.png,A person in a creative writing event,35.528,0.9567,0.6029,0.6138,0
h1a_no_jpeg,sd15,none,image_49.png,A person in a music and arts festival,26.469,0.8897,0.5766,0.5056,1
h1a_no_jpeg,sd15,none,image_49.png,A person in a bus stop shelter,26.469,0.8897,0.5991,0.5175,1
h1a_no_jpeg,sd15,75,image_49.png,A person in a music and arts festival,26.341,0.8615,0.5766,0.505,1
h1a_no_jpeg,sd15,75,image_49.png,A person in a bus stop shelter,26.341,0.8615,0.5991,0.5203,1
h1a_no_jpeg,sd15,70,image_49.png,A person in a music and arts festival,26.315,0.8583,0.5766,0.5149,1
h1a_no_jpeg,sd15,70,image_49.png,A person in a bus stop shelter,26.315,0.8583,0.5991,0.5361,1
h1a_no_jpeg,sd15,none,image_53.png,A person in a parking structure,27.531,0.9114,0.5935,0.5291,1
h1a_no_jpeg,sd15,none,image_53.png,A person in a science museum exhibit,27.531,0.9114,0.5687,0.5063,1
h1a_no_jpeg,sd15,75,image_53.png,A person in a parking structure,27.363,0.8844,0.5935,0.5302,1
h1a_no_jpeg,sd15,75,image_53.png,A person in a science museum exhibit,27.363,0.8844,0.5687,0.5315,0
h1a_no_jpeg,sd15,70,image_53.png,A person in a parking structure,27.3,0.88,0.5935,0.5364,1
h1a_no_jpeg,sd15,70,image_53.png,A person in a science museum exhibit,27.3,0.88,0.5687,0.5293,0
h1a_no_jpeg,sd15,none,image_57.png,A person in a gym sauna,37.182,0.9687,0.5438,0.5475,0
h1a_no_jpeg,sd15,none,image_57.png,A person in a community theater production,37.182,0.9687,0.5823,0.5735,0
h1a_no_jpeg,sd15,75,image_57.png,A person in a gym sauna,35.199,0.9438,0.5438,0.5534,0
h1a_no_jpeg,sd15,75,image_57.png,A person in a community theater production,35.199,0.9438,0.5823,0.5824,0
h1a_no_jpeg,sd15,70,image_57.png,A person in a gym sauna,34.862,0.9399,0.5438,0.5484,0
h1a_no_jpeg,sd15,70,image_57.png,A person in a community theater production,34.862,0.9399,0.5823,0.5808,0
h1a_no_jpeg,sd15,none,image_58.png,A person in a costume shop,35.808,0.9773,0.5892,0.5822,0
h1a_no_jpeg,sd15,none,image_58.png,A person in a candle shop,35.808,0.9773,0.5874,0.5797,0
h1a_no_jpeg,sd15,75,image_58.png,A person in a costume shop,32.44,0.9305,0.5892,0.5907,0
h1a_no_jpeg,sd15,75,image_58.png,A person in a candle shop,32.44,0.9305,0.5874,0.6101,0
h1a_no_jpeg,sd15,70,image_58.png,A person in a costume shop,32.035,0.9245,0.5892,0.5945,0
h1a_no_jpeg,sd15,70,image_58.png,A person in a candle shop,32.035,0.9245,0.5874,0.5931,0
h1a_no_jpeg,sd15,none,image_66.png,A person in a gym sauna,28.498,0.9628,0.6463,0.6319,0
h1a_no_jpeg,sd15,none,image_66.png,A person in a technology fair,28.498,0.9628,0.7677,0.7368,0
h1a_no_jpeg,sd15,75,image_66.png,A person in a gym sauna,28.387,0.9437,0.6463,0.624,0
h1a_no_jpeg,sd15,75,image_66.png,A person in a technology fair,28.387,0.9437,0.7677,0.7376,0
h1a_no_jpeg,sd15,70,image_66.png,A person in a gym sauna,28.371,0.9416,0.6463,0.6292,0
h1a_no_jpeg,sd15,70,image_66.png,A person in a technology fair,28.371,0.9416,0.7677,0.7458,0
h1a_no_jpeg,sd15,none,image_67.png,A person in a butcher’s shop,28.36,0.9641,0.6741,0.6467,0
h1a_no_jpeg,sd15,none,image_67.png,A person in a pet festival,28.36,0.9641,0.7264,0.6875,0
h1a_no_jpeg,sd15,75,image_67.png,A person in a butcher’s shop,28.254,0.9429,0.6741,0.6681,0
h1a_no_jpeg,sd15,75,image_67.png,A person in a pet festival,28.254,0.9429,0.7264,0.7174,0
h1a_no_jpeg,sd15,70,image_67.png,A person in a butcher’s shop,28.201,0.94,0.6741,0.6761,0
h1a_no_jpeg,sd15,70,image_67.png,A person in a pet festival,28.201,0.94,0.7264,0.7151,0
h1a_no_jpeg,sd15,none,image_73.png,A person in a locker room,41.04,0.9929,0.4158,0.4182,0
h1a_no_jpeg,sd15,none,image_73.png,A person in a street market,41.04,0.9929,0.5405,0.5399,0
h1a_no_jpeg,sd15,75,image_73.png,A person in a locker room,36.245,0.9504,0.4158,0.4524,0
h1a_no_jpeg,sd15,75,image_73.png,A person in a street market,36.245,0.9504,0.5405,0.5432,0
h1a_no_jpeg,sd15,70,image_73.png,A person in a locker room,35.785,0.9453,0.4158,0.4438,0
h1a_no_jpeg,sd15,70,image_73.png,A person in a street market,35.785,0.9453,0.5405,0.5457,0
h1a_no_jpeg,sd15,none,image_80.png,A person in a hot dog stand,33.614,0.9792,0.5079,0.4958,0
h1a_no_jpeg,sd15,none,image_80.png,A person in a bridal fitting room,33.614,0.9792,0.5145,0.4792,0
h1a_no_jpeg,sd15,75,image_80.png,A person in a hot dog stand,32.271,0.948,0.5079,0.4915,0
h1a_no_jpeg,sd15,75,image_80.png,A person in a bridal fitting room,32.271,0.948,0.5145,0.4767,0
h1a_no_jpeg,sd15,70,image_80.png,A person in a hot dog stand,32.017,0.942,0.5079,0.4989,0
h1a_no_jpeg,sd15,70,image_80.png,A person in a bridal fitting room,32.017,0.942,0.5145,0.489,0
h1a_no_jpeg,sd15,none,image_82.png,A person in a beach resort,31.494,0.9821,0.7035,0.6671,0
h1a_no_jpeg,sd15,none,image_82.png,A person in a transit station,31.494,0.9821,0.71,0.6789,0
h1a_no_jpeg,sd15,75,image_82.png,A person in a beach resort,31.092,0.9593,0.7035,0.6765,0
h1a_no_jpeg,sd15,75,image_82.png,A person in a transit station,31.092,0.9593,0.71,0.6823,0
h1a_no_jpeg,sd15,70,image_82.png,A person in a beach resort,30.987,0.9554,0.7035,0.6807,0
h1a_no_jpeg,sd15,70,image_82.png,A person in a transit station,30.987,0.9554,0.71,0.6741,0
h1a_no_jpeg,sd15,none,image_93.png,A person in a motel room,34.326,0.9743,0.5509,0.537,0
h1a_no_jpeg,sd15,none,image_93.png,A person in a tech launch event,34.326,0.9743,0.5502,0.5365,0
h1a_no_jpeg,sd15,75,image_93.png,A person in a motel room,32.352,0.9454,0.5509,0.5309,0
h1a_no_jpeg,sd15,75,image_93.png,A person in a tech launch event,32.352,0.9454,0.5502,0.5382,0
h1a_no_jpeg,sd15,70,image_93.png,A person in a motel room,31.986,0.941,0.5509,0.5273,0
h1a_no_jpeg,sd15,70,image_93.png,A person in a tech launch event,31.986,0.941,0.5502,0.5395,0
h1a_no_jpeg,sd15,none,image_94.png,A person in a computer lab,39.919,0.99,0.5806,0.5828,0
h1a_no_jpeg,sd15,none,image_94.png,A person in a lobby,39.919,0.99,0.6221,0.6255,0
h1a_no_jpeg,sd15,75,image_94.png,A person in a computer lab,36.074,0.9636,0.5806,0.5928,0
h1a_no_jpeg,sd15,75,image_94.png,A person in a lobby,36.074,0.9636,0.6221,0.6288,0
h1a_no_jpeg,sd15,70,image_94.png,A person in a computer lab,35.501,0.9593,0.5806,0.597,0
h1a_no_jpeg,sd15,70,image_94.png,A person in a lobby,35.501,0.9593,0.6221,0.6251,0
h1a_no_jpeg,sd15,none,image_104.png,A person in a pet festival,45.774,0.9967,0.535,0.5316,0
h1a_no_jpeg,sd15,none,image_104.png,A person in a slum,45.774,0.9967,0.4867,0.4893,0
h1a_no_jpeg,sd15,75,image_104.png,A person in a pet festival,38.31,0.9645,0.535,0.5482,0
h1a_no_jpeg,sd15,75,image_104.png,A person in a slum,38.31,0.9645,0.4867,0.4968,0
h1a_no_jpeg,sd15,70,image_104.png,A person in a pet festival,37.769,0.9608,0.535,0.5479,0
h1a_no_jpeg,sd15,70,image_104.png,A person in a slum,37.769,0.9608,0.4867,0.5085,0
h1a_no_jpeg,sd15,none,image_110.png,A person in a gym sauna,39.405,0.9919,0.6192,0.6169,0
h1a_no_jpeg,sd15,none,image_110.png,A person in a glass factory,39.405,0.9919,0.6512,0.6523,0
h1a_no_jpeg,sd15,75,image_110.png,A person in a gym sauna,36.937,0.9649,0.6192,0.616,0
h1a_no_jpeg,sd15,75,image_110.png,A person in a glass factory,36.937,0.9649,0.6512,0.6442,0
h1a_no_jpeg,sd15,70,image_110.png,A person in a gym sauna,36.571,0.9613,0.6192,0.6334,0
h1a_no_jpeg,sd15,70,image_110.png,A person in a glass factory,36.571,0.9613,0.6512,0.6442,0
h1a_no_jpeg,sd15,none,image_115.png,A person in a tram stop,31.492,0.9672,0.5907,0.5742,0
h1a_no_jpeg,sd15,none,image_115.png,A person in a fish market,31.492,0.9672,0.5582,0.5395,0
h1a_no_jpeg,sd15,75,image_115.png,A person in a tram stop,30.687,0.9363,0.5907,0.5756,0
h1a_no_jpeg,sd15,75,image_115.png,A person in a fish market,30.687,0.9363,0.5582,0.5385,0
h1a_no_jpeg,sd15,70,image_115.png,A person in a tram stop,30.502,0.9308,0.5907,0.5876,0
h1a_no_jpeg,sd15,70,image_115.png,A person in a fish market,30.502,0.9308,0.5582,0.5413,0
h1a_no_jpeg,sd15,none,image_121.png,A person in a basement,33.971,0.9695,0.6121,0.5889,0
h1a_no_jpeg,sd15,none,image_121.png,A person in a dormitory,33.971,0.9695,0.6267,0.6036,0
h1a_no_jpeg,sd15,75,image_121.png,A person in a basement,33.188,0.9447,0.6121,0.5902,0
h1a_no_jpeg,sd15,75,image_121.png,A person in a dormitory,33.188,0.9447,0.6267,0.6095,0
h1a_no_jpeg,sd15,70,image_121.png,A person in a basement,33.022,0.9408,0.6121,0.5927,0
h1a_no_jpeg,sd15,70,image_121.png,A person in a dormitory,33.022,0.9408,0.6267,0.6128,0
h1a_no_jpeg,sd15,none,image_129.png,A person in a tech startup,27.587,0.9774,0.6431,0.623,0
h1a_no_jpeg,sd15,none,image_129.png,A person in a brewery tour,27.587,0.9774,0.6799,0.6621,0
h1a_no_jpeg,sd15,75,image_129.png,A person in a tech startup,27.341,0.9542,0.6431,0.6215,0
h1a_no_jpeg,sd15,75,image_129.png,A person in a brewery tour,27.341,0.9542,0.6799,0.6579,0
h1a_no_jpeg,sd15,70,image_129.png,A person in a tech startup,27.275,0.9508,0.6431,0.6195,0
h1a_no_jpeg,sd15,70,image_129.png,A person in a brewery tour,27.275,0.9508,0.6799,0.6648,0
h1a_no_jpeg,sd15,none,image_133.png,A person in a laundry room,41.224,0.9929,0.2693,0.2687,0
h1a_no_jpeg,sd15,none,image_133.png,A person in a tech startup,41.224,0.9929,0.2921,0.2932,0
h1a_no_jpeg,sd15,75,image_133.png,A person in a laundry room,34.25,0.9579,0.2693,0.2701,0
h1a_no_jpeg,sd15,75,image_133.png,A person in a tech startup,34.25,0.9579,0.2921,0.2942,0
h1a_no_jpeg,sd15,70,image_133.png,A person in a laundry room,33.724,0.953,0.2693,0.2706,0
h1a_no_jpeg,sd15,70,image_133.png,A person in a tech startup,33.724,0.953,0.2921,0.2943,0
h1a_no_jpeg,sd15,none,image_135.png,A person in a music studio,34.207,0.9592,0.5677,0.5403,0
h1a_no_jpeg,sd15,none,image_135.png,A person in a local crafts market,34.207,0.9592,0.5711,0.551,0
h1a_no_jpeg,sd15,75,image_135.png,A person in a music studio,32.798,0.9255,0.5677,0.5406,0
h1a_no_jpeg,sd15,75,image_135.png,A person in a local crafts market,32.798,0.9255,0.5711,0.5422,0
h1a_no_jpeg,sd15,70,image_135.png,A person in a music studio,32.579,0.9212,0.5677,0.5417,0
h1a_no_jpeg,sd15,70,image_135.png,A person in a local crafts market,32.579,0.9212,0.5711,0.552,0
h1a_no_jpeg,sd15,none,image_142.png,A person in a bowling alley,28.987,0.9799,0.5929,0.584,0
h1a_no_jpeg,sd15,none,image_142.png,A person in a climbing wall,28.987,0.9799,0.5418,0.5361,0
h1a_no_jpeg,sd15,75,image_142.png,A person in a bowling alley,28.721,0.9455,0.5929,0.5973,0
h1a_no_jpeg,sd15,75,image_142.png,A person in a climbing wall,28.721,0.9455,0.5418,0.5351,0
h1a_no_jpeg,sd15,70,image_142.png,A person in a bowling alley,28.664,0.9412,0.5929,0.5925,0
h1a_no_jpeg,sd15,70,image_142.png,A person in a climbing wall,28.664,0.9412,0.5418,0.539,0
h1a_no_jpeg,sd15,none,image_149.png,A person in a music and arts festival,34.845,0.9855,0.618,0.6001,0
h1a_no_jpeg,sd15,none,image_149.png,A person in a costume party,34.845,0.9855,0.5995,0.5854,0
h1a_no_jpeg,sd15,75,image_149.png,A person in a music and arts festival,34.037,0.9566,0.618,0.6096,0
h1a_no_jpeg,sd15,75,image_149.png,A person in a costume party,34.037,0.9566,0.5995,0.5788,0
h1a_no_jpeg,sd15,70,image_149.png,A person in a music and arts festival,33.911,0.9526,0.618,0.6045,0
h1a_no_jpeg,sd15,70,image_149.png,A person in a costume party,33.911,0.9526,0.5995,0.5772,0
h1a_no_jpeg,sd15,none,image_151.png,A person in a charity art auction,25.1,0.8873,0.7048,0.6348,1
h1a_no_jpeg,sd15,none,image_151.png,A person in a customs checkpoint,25.1,0.8873,0.7196,0.6369,1
h1a_no_jpeg,sd15,75,image_151.png,A person in a charity art auction,25.118,0.8661,0.7048,0.6366,1
h1a_no_jpeg,sd15,75,image_151.png,A person in a customs checkpoint,25.118,0.8661,0.7196,0.6458,1
h1a_no_jpeg,sd15,70,image_151.png,A person in a charity art auction,25.101,0.8622,0.7048,0.6364,1
h1a_no_jpeg,sd15,70,image_151.png,A person in a customs checkpoint,25.101,0.8622,0.7196,0.6554,1
h1a_no_jpeg,sd15,none,image_152.png,A person in a city food tour,39.444,0.9936,0.6124,0.6099,0
h1a_no_jpeg,sd15,none,image_152.png,A person in a flea market,39.444,0.9936,0.5961,0.594,0
h1a_no_jpeg,sd15,75,image_152.png,A person in a city food tour,36.234,0.9591,0.6124,0.6131,0
h1a_no_jpeg,sd15,75,image_152.png,A person in a flea market,36.234,0.9591,0.5961,0.5985,0
h1a_no_jpeg,sd15,70,image_152.png,A person in a city food tour,35.842,0.9547,0.6124,0.6097,0
h1a_no_jpeg,sd15,70,image_152.png,A person in a flea market,35.842,0.9547,0.5961,0.5955,0
h1a_no_jpeg,sd15,none,image_160.png,A person in a flower garden,41.864,0.9955,0.5165,0.5148,0
h1a_no_jpeg,sd15,none,image_160.png,A person in a sports field,41.864,0.9955,0.5112,0.511,0
h1a_no_jpeg,sd15,75,image_160.png,A person in a flower garden,35.775,0.9524,0.5165,0.5208,0
h1a_no_jpeg,sd15,75,image_160.png,A person in a sports field,35.775,0.9524,0.5112,0.5139,0
h1a_no_jpeg,sd15,70,image_160.png,A person in a flower garden,35.267,0.9472,0.5165,0.5219,0
h1a_no_jpeg,sd15,70,image_160.png,A person in a sports field,35.267,0.9472,0.5112,0.5322,0
h1a_no_jpeg,sd15,none,image_163.png,A person in a slum,38.104,0.9915,0.3862,0.3799,0
h1a_no_jpeg,sd15,none,image_163.png,A person in a nightclub,38.104,0.9915,0.343,0.3392,0
h1a_no_jpeg,sd15,75,image_163.png,A person in a slum,34.939,0.9606,0.3862,0.3806,0
h1a_no_jpeg,sd15,75,image_163.png,A person in a nightclub,34.939,0.9606,0.343,0.337,0
h1a_no_jpeg,sd15,70,image_163.png,A person in a slum,34.321,0.9541,0.3862,0.3798,0
h1a_no_jpeg,sd15,70,image_163.png,A person in a nightclub,34.321,0.9541,0.343,0.3368,0
h1a_no_jpeg,sd15,none,image_165.png,A person in a digital art gallery,36.437,0.9902,0.4409,0.4416,0
h1a_no_jpeg,sd15,none,image_165.png,A person in a cocktail bar,36.437,0.9902,0.3951,0.3948,0
h1a_no_jpeg,sd15,75,image_165.png,A person in a digital art gallery,34.648,0.9574,0.4409,0.4501,0
h1a_no_jpeg,sd15,75,image_165.png,A person in a cocktail bar,34.648,0.9574,0.3951,0.4066,0
h1a_no_jpeg,sd15,70,image_165.png,A person in a digital art gallery,34.34,0.953,0.4409,0.4491,0
h1a_no_jpeg,sd15,70,image_165.png,A person in a cocktail bar,34.34,0.953,0.3951,0.3905,0
h1a_no_jpeg,sd15,none,image_169.png,A person in a technology fair,34.151,0.9661,0.5933,0.578,0
h1a_no_jpeg,sd15,none,image_169.png,A person in a food truck park,34.151,0.9661,0.7117,0.6943,0
h1a_no_jpeg,sd15,75,image_169.png,A person in a technology fair,33.367,0.9396,0.5933,0.5967,0
h1a_no_jpeg,sd15,75,image_169.png,A person in a food truck park,33.367,0.9396,0.7117,0.6975,0
h1a_no_jpeg,sd15,70,image_169.png,A person in a technology fair,33.206,0.9357,0.5933,0.582,0
h1a_no_jpeg,sd15,70,image_169.png,A person in a food truck park,33.206,0.9357,0.7117,0.6984,0
h1a_no_jpeg,sd15,none,image_170.png,A person in a casino lounge,33.054,0.9754,0.4773,0.4603,0
h1a_no_jpeg,sd15,none,image_170.png,A person in a dance festival,33.054,0.9754,0.4981,0.4844,0
h1a_no_jpeg,sd15,75,image_170.png,A person in a casino lounge,32.095,0.9482,0.4773,0.4651,0
h1a_no_jpeg,sd15,75,image_170.png,A person in a dance festival,32.095,0.9482,0.4981,0.4874,0
h1a_no_jpeg,sd15,70,image_170.png,A person in a casino lounge,31.916,0.9445,0.4773,0.4676,0
h1a_no_jpeg,sd15,70,image_170.png,A person in a dance festival,31.916,0.9445,0.4981,0.4902,0
h1a_no_jpeg,sd15,none,image_180.png,A person in a rooftop lounge,30.06,0.9653,0.4563,0.4288,0
h1a_no_jpeg,sd15,none,image_180.png,A person in a gym sauna,30.06,0.9653,0.438,0.4106,0
h1a_no_jpeg,sd15,75,image_180.png,A person in a rooftop lounge,29.14,0.9205,0.4563,0.4321,0
h1a_no_jpeg,sd15,75,image_180.png,A person in a gym sauna,29.14,0.9205,0.438,0.4174,0
h1a_no_jpeg,sd15,70,image_180.png,A person in a rooftop lounge,28.989,0.9143,0.4563,0.4396,0
h1a_no_jpeg,sd15,70,image_180.png,A person in a gym sauna,28.989,0.9143,0.438,0.4232,0
h1a_no_jpeg,sd15,none,image_181.png,A person in a butcher shop,43.225,0.9955,0.5374,0.5442,0
h1a_no_jpeg,sd15,none,image_181.png,A person in a highway rest stop,43.225,0.9955,0.5189,0.5179,0
h1a_no_jpeg,sd15,75,image_181.png,A person in a butcher shop,38.88,0.9628,0.5374,0.5494,0
h1a_no_jpeg,sd15,75,image_181.png,A person in a highway rest stop,38.88,0.9628,0.5189,0.5262,0
h1a_no_jpeg,sd15,70,image_181.png,A person in a butcher shop,38.434,0.9591,0.5374,0.5551,0
h1a_no_jpeg,sd15,70,image_181.png,A person in a highway rest stop,38.434,0.9591,0.5189,0.5498,0
h1a_no_jpeg,sd15,none,image_185.png,A person in a golf course clubhouse,26.937,0.9458,0.6186,0.5647,1
h1a_no_jpeg,sd15,none,image_185.png,A person in a rehab facility,26.937,0.9458,0.635,0.5824,1
h1a_no_jpeg,sd15,75,image_185.png,A person in a golf course clubhouse,26.823,0.9216,0.6186,0.574,0
h1a_no_jpeg,sd15,75,image_185.png,A person in a rehab facility,26.823,0.9216,0.635,0.5886,0
h1a_no_jpeg,sd15,70,image_185.png,A person in a golf course clubhouse,26.788,0.9182,0.6186,0.5718,0
h1a_no_jpeg,sd15,70,image_185.png,A person in a rehab facility,26.788,0.9182,0.635,0.5844,1
h1a_no_jpeg,sd15,none,image_186.png,A person in a community arts and crafts market,36.769,0.9845,0.5476,0.5391,0
h1a_no_jpeg,sd15,none,image_186.png,A person in a church sanctuary,36.769,0.9845,0.465,0.4375,0
h1a_no_jpeg,sd15,75,image_186.png,A person in a community arts and crafts market,33.807,0.9547,0.5476,0.5449,0
h1a_no_jpeg,sd15,75,image_186.png,A person in a church sanctuary,33.807,0.9547,0.465,0.4594,0
h1a_no_jpeg,sd15,70,image_186.png,A person in a community arts and crafts market,33.336,0.9506,0.5476,0.5493,0
h1a_no_jpeg,sd15,70,image_186.png,A person in a church sanctuary,33.336,0.9506,0.465,0.4522,0
h1a_no_jpeg,sd15,none,image_189.png,A person in a vintage arts fair,38.083,0.9894,0.5173,0.5082,0
h1a_no_jpeg,sd15,none,image_189.png,A person in a bowling alley,38.083,0.9894,0.4313,0.4321,0
h1a_no_jpeg,sd15,75,image_189.png,A person in a vintage arts fair,34.037,0.9497,0.5173,0.5153,0
h1a_no_jpeg,sd15,75,image_189.png,A person in a bowling alley,34.037,0.9497,0.4313,0.4224,0
h1a_no_jpeg,sd15,70,image_189.png,A person in a vintage arts fair,33.594,0.9451,0.5173,0.5125,0
h1a_no_jpeg,sd15,70,image_189.png,A person in a bowling alley,33.594,0.9451,0.4313,0.4349,0
h1a_no_jpeg,sd15,none,image_201.png,A person in a high-end restaurant,39.452,0.984,0.5009,0.4894,0
h1a_no_jpeg,sd15,none,image_201.png,A person in a bowling alley,39.452,0.984,0.392,0.3886,0
h1a_no_jpeg,sd15,75,image_201.png,A person in a high-end restaurant,36.549,0.949,0.5009,0.497,0
h1a_no_jpeg,sd15,75,image_201.png,A person in a bowling alley,36.549,0.949,0.392,0.3842,0
h1a_no_jpeg,sd15,70,image_201.png,A person in a high-end restaurant,36.188,0.9437,0.5009,0.5047,0
h1a_no_jpeg,sd15,70,image_201.png,A person in a bowling alley,36.188,0.9437,0.392,0.3889,0
h1a_no_jpeg,sd15,none,image_203.png,A person in a gymnasium,42.008,0.9942,0.6168,0.6186,0
h1a_no_jpeg,sd15,none,image_203.png,A person in a brothel,42.008,0.9942,0.7245,0.7253,0
h1a_no_jpeg,sd15,75,image_203.png,A person in a gymnasium,38.558,0.974,0.6168,0.6329,0
h1a_no_jpeg,sd15,75,image_203.png,A person in a brothel,38.558,0.974,0.7245,0.7314,0
h1a_no_jpeg,sd15,70,image_203.png,A person in a gymnasium,38.18,0.9715,0.6168,0.6229,0
h1a_no_jpeg,sd15,70,image_203.png,A person in a brothel,38.18,0.9715,0.7245,0.7263,0
h1a_no_jpeg,sd15,none,image_209.png,A person in a summer camp,38.641,0.9875,0.4713,0.4637,0
h1a_no_jpeg,sd15,none,image_209.png,A person in a TV studio,38.641,0.9875,0.5428,0.5383,0
h1a_no_jpeg,sd15,75,image_209.png,A person in a summer camp,35.94,0.9576,0.4713,0.453,0
h1a_no_jpeg,sd15,75,image_209.png,A person in a TV studio,35.94,0.9576,0.5428,0.5247,0
h1a_no_jpeg,sd15,70,image_209.png,A person in a summer camp,35.428,0.9522,0.4713,0.457,0
h1a_no_jpeg,sd15,70,image_209.png,A person in a TV studio,35.428,0.9522,0.5428,0.5367,0
h1a_no_jpeg,sd15,none,image_212.png,A person in a street vendor stand,39.166,0.9796,0.636,0.6289,0
h1a_no_jpeg,sd15,none,image_212.png,A person in a dog park picnic,39.166,0.9796,0.5401,0.5347,0
h1a_no_jpeg,sd15,75,image_212.png,A person in a street vendor stand,36.288,0.9577,0.636,0.6383,0
h1a_no_jpeg,sd15,75,image_212.png,A person in a dog park picnic,36.288,0.9577,0.5401,0.5576,0
h1a_no_jpeg,sd15,70,image_212.png,A person in a street vendor stand,35.855,0.9545,0.636,0.6395,0
h1a_no_jpeg,sd15,70,image_212.png,A person in a dog park picnic,35.855,0.9545,0.5401,0.5609,0
h1a_no_jpeg,sd15,none,image_213.png,A person in a science museum exhibit,30.717,0.955,0.5987,0.5776,0
h1a_no_jpeg,sd15,none,image_213.png,A person in a woodworking shop,30.717,0.955,0.6139,0.5888,0
h1a_no_jpeg,sd15,75,image_213.png,A person in a science museum exhibit,30.35,0.9315,0.5987,0.579,0
h1a_no_jpeg,sd15,75,image_213.png,A person in a woodworking shop,30.35,0.9315,0.6139,0.5916,0
h1a_no_jpeg,sd15,70,image_213.png,A person in a science museum exhibit,30.282,0.9287,0.5987,0.5808,0
h1a_no_jpeg,sd15,70,image_213.png,A person in a woodworking shop,30.282,0.9287,0.6139,0.5975,0
h7_jpeg_robust,sd15,none,image_1.png,A person in a weekend market,28.514,0.9855,0.4296,0.4059,0
h7_jpeg_robust,sd15,none,image_1.png,A person in a police evidence room,28.514,0.9855,0.4411,0.4141,0
h7_jpeg_robust,sd15,75,image_1.png,A person in a weekend market,28.2,0.9501,0.4296,0.4096,0
h7_jpeg_robust,sd15,75,image_1.png,A person in a police evidence room,28.2,0.9501,0.4411,0.42,0
h7_jpeg_robust,sd15,70,image_1.png,A person in a weekend market,28.131,0.9458,0.4296,0.4096,0
h7_jpeg_robust,sd15,70,image_1.png,A person in a police evidence room,28.131,0.9458,0.4411,0.4186,0
h7_jpeg_robust,sd15,none,image_3.png,A person in a weekend market,31.545,0.9812,0.4902,0.4711,0
h7_jpeg_robust,sd15,none,image_3.png,A person in a TV newsroom,31.545,0.9812,0.3848,0.3699,0
h7_jpeg_robust,sd15,75,image_3.png,A person in a weekend market,30.639,0.9444,0.4902,0.4757,0
h7_jpeg_robust,sd15,75,image_3.png,A person in a TV newsroom,30.639,0.9444,0.3848,0.3883,0
h7_jpeg_robust,sd15,70,image_3.png,A person in a weekend market,30.508,0.9393,0.4902,0.4752,0
h7_jpeg_robust,sd15,70,image_3.png,A person in a TV newsroom,30.508,0.9393,0.3848,0.3835,0
h7_jpeg_robust,sd15,none,image_5.png,A person in a church sanctuary,47.954,0.9962,0.4869,0.4845,0
h7_jpeg_robust,sd15,none,image_5.png,A person in a charity art auction,47.954,0.9962,0.4673,0.4643,0
h7_jpeg_robust,sd15,75,image_5.png,A person in a church sanctuary,37.57,0.9637,0.4869,0.4888,0
h7_jpeg_robust,sd15,75,image_5.png,A person in a charity art auction,37.57,0.9637,0.4673,0.4554,0
h7_jpeg_robust,sd15,70,image_5.png,A person in a church sanctuary,36.877,0.959,0.4869,0.4983,0
h7_jpeg_robust,sd15,70,image_5.png,A person in a charity art auction,36.877,0.959,0.4673,0.4741,0
h7_jpeg_robust,sd15,none,image_9.png,A person in a sports field,31.968,0.9862,0.4938,0.474,0
h7_jpeg_robust,sd15,none,image_9.png,A person in a waterside cafe,31.968,0.9862,0.4853,0.4694,0
h7_jpeg_robust,sd15,75,image_9.png,A person in a sports field,31.449,0.9596,0.4938,0.4664,0
h7_jpeg_robust,sd15,75,image_9.png,A person in a waterside cafe,31.449,0.9596,0.4853,0.469,0
h7_jpeg_robust,sd15,70,image_9.png,A person in a sports field,31.323,0.955,0.4938,0.4691,0
h7_jpeg_robust,sd15,70,image_9.png,A person in a waterside cafe,31.323,0.955,0.4853,0.4691,0
h7_jpeg_robust,sd15,none,image_13.png,A person in a drive-in theater,54.774,0.9996,0.591,0.5922,0
h7_jpeg_robust,sd15,none,image_13.png,A person in a shelter,54.774,0.9996,0.6221,0.6215,0
h7_jpeg_robust,sd15,75,image_13.png,A person in a drive-in theater,38.485,0.9652,0.591,0.5987,0
h7_jpeg_robust,sd15,75,image_13.png,A person in a shelter,38.485,0.9652,0.6221,0.6252,0
h7_jpeg_robust,sd15,70,image_13.png,A person in a drive-in theater,37.805,0.9611,0.591,0.5928,0
h7_jpeg_robust,sd15,70,image_13.png,A person in a shelter,37.805,0.9611,0.6221,0.6193,0
h7_jpeg_robust,sd15,none,image_18.png,A person in a food truck park,23.804,0.9652,0.5483,0.5298,0
h7_jpeg_robust,sd15,none,image_18.png,A person in a ice cream parlor,23.804,0.9652,0.5654,0.5281,0
h7_jpeg_robust,sd15,75,image_18.png,A person in a food truck park,23.729,0.9368,0.5483,0.5354,0
h7_jpeg_robust,sd15,75,image_18.png,A person in a ice cream parlor,23.729,0.9368,0.5654,0.5382,0
h7_jpeg_robust,sd15,70,image_18.png,A person in a food truck park,23.704,0.9331,0.5483,0.5464,0
h7_jpeg_robust,sd15,70,image_18.png,A person in a ice cream parlor,23.704,0.9331,0.5654,0.5459,0
h7_jpeg_robust,sd15,none,image_22.png,A person in a betting shop,26.983,0.9575,0.641,0.5974,0
h7_jpeg_robust,sd15,none,image_22.png,A person in a charity art auction,26.983,0.9575,0.5835,0.5316,1
h7_jpeg_robust,sd15,75,image_22.png,A person in a betting shop,26.842,0.926,0.641,0.5991,0
h7_jpeg_robust,sd15,75,image_22.png,A person in a charity art auction,26.842,0.926,0.5835,0.538,0
h7_jpeg_robust,sd15,70,image_22.png,A person in a betting shop,26.803,0.9221,0.641,0.6063,0
h7_jpeg_robust,sd15,70,image_22.png,A person in a charity art auction,26.803,0.9221,0.5835,0.5461,0
h7_jpeg_robust,sd15,none,image_23.png,A person in a shelter,44.507,0.9944,0.4284,0.4259,0
h7_jpeg_robust,sd15,none,image_23.png,A person in a local art market,44.507,0.9944,0.5151,0.5075,0
h7_jpeg_robust,sd15,75,image_23.png,A person in a shelter,36.911,0.9521,0.4284,0.4322,0
h7_jpeg_robust,sd15,75,image_23.png,A person in a local art market,36.911,0.9521,0.5151,0.5052,0
h7_jpeg_robust,sd15,70,image_23.png,A person in a shelter,36.412,0.9473,0.4284,0.4358,0
h7_jpeg_robust,sd15,70,image_23.png,A person in a local art market,36.412,0.9473,0.5151,0.5071,0
h7_jpeg_robust,sd15,none,image_29.png,A person in a historic landmark event,47.486,0.9986,0.7108,0.711,0
h7_jpeg_robust,sd15,none,image_29.png,A person in a gymnasium,47.486,0.9986,0.7802,0.7782,0
h7_jpeg_robust,sd15,75,image_29.png,A person in a historic landmark event,38.805,0.9743,0.7108,0.7161,0
h7_jpeg_robust,sd15,75,image_29.png,A person in a gymnasium,38.805,0.9743,0.7802,0.7846,0
h7_jpeg_robust,sd15,70,image_29.png,A person in a historic landmark event,38.237,0.9715,0.7108,0.7207,0
h7_jpeg_robust,sd15,70,image_29.png,A person in a gymnasium,38.237,0.9715,0.7802,0.7834,0
h7_jpeg_robust,sd15,none,image_32.png,A person in a local art market,36.846,0.9881,0.5397,0.536,0
h7_jpeg_robust,sd15,none,image_32.png,A person in a pet festival,36.846,0.9881,0.5777,0.5716,0
h7_jpeg_robust,sd15,75,image_32.png,A person in a local art market,34.44,0.9535,0.5397,0.5396,0
h7_jpeg_robust,sd15,75,image_32.png,A person in a pet festival,34.44,0.9535,0.5777,0.5736,0
h7_jpeg_robust,sd15,70,image_32.png,A person in a local art market,34.155,0.9494,0.5397,0.543,0
h7_jpeg_robust,sd15,70,image_32.png,A person in a pet festival,34.155,0.9494,0.5777,0.5714,0
h7_jpeg_robust,sd15,none,image_33.png,A person in a basement,43.843,0.9975,0.351,0.3523,0
h7_jpeg_robust,sd15,none,image_33.png,A person in a movie set,43.843,0.9975,0.3837,0.3757,0
h7_jpeg_robust,sd15,75,image_33.png,A person in a basement,38.43,0.9654,0.351,0.3288,0
h7_jpeg_robust,sd15,75,image_33.png,A person in a movie set,38.43,0.9654,0.3837,0.4041,0
h7_jpeg_robust,sd15,70,image_33.png,A person in a basement,37.972,0.9613,0.351,0.3343,0
h7_jpeg_robust,sd15,70,image_33.png,A person in a movie set,37.972,0.9613,0.3837,0.4048,0
h7_jpeg_robust,sd15,none,image_37.png,A person in a garage,24.98,0.9823,0.6782,0.6466,0
h7_jpeg_robust,sd15,none,image_37.png,A person in a tech startup launch,24.98,0.9823,0.704,0.6899,0
h7_jpeg_robust,sd15,75,image_37.png,A person in a garage,24.887,0.9529,0.6782,0.6464,0
h7_jpeg_robust,sd15,75,image_37.png,A person in a tech startup launch,24.887,0.9529,0.704,0.6872,0
h7_jpeg_robust,sd15,70,image_37.png,A person in a garage,24.871,0.9501,0.6782,0.6478,0
h7_jpeg_robust,sd15,70,image_37.png,A person in a tech startup launch,24.871,0.9501,0.704,0.6841,0
h7_jpeg_robust,sd15,none,image_47.png,A person in a hot dog stand,44.016,0.9947,0.6504,0.6485,0
h7_jpeg_robust,sd15,none,image_47.png,A person in a creative writing event,44.016,0.9947,0.603,0.601,0
h7_jpeg_robust,sd15,75,image_47.png,A person in a hot dog stand,37.311,0.9643,0.6504,0.6531,0
h7_jpeg_robust,sd15,75,image_47.png,A person in a creative writing event,37.311,0.9643,0.603,0.6174,0
h7_jpeg_robust,sd15,70,image_47.png,A person in a hot dog stand,36.797,0.9609,0.6504,0.6466,0
h7_jpeg_robust,sd15,70,image_47.png,A person in a creative writing event,36.797,0.9609,0.603,0.6173,0
h7_jpeg_robust,sd15,none,image_49.png,A person in a music and arts festival,24.361,0.9348,0.576,0.5266,0
h7_jpeg_robust,sd15,none,image_49.png,A person in a bus stop shelter,24.361,0.9348,0.599,0.547,1
h7_jpeg_robust,sd15,75,image_49.png,A person in a music and arts festival,24.292,0.8989,0.576,0.5244,1
h7_jpeg_robust,sd15,75,image_49.png,A person in a bus stop shelter,24.292,0.8989,0.599,0.5472,1
h7_jpeg_robust,sd15,70,image_49.png,A person in a music and arts festival,24.264,0.8955,0.576,0.5357,0
h7_jpeg_robust,sd15,70,image_49.png,A person in a bus stop shelter,24.264,0.8955,0.599,0.5616,0
h7_jpeg_robust,sd15,none,image_53.png,A person in a parking structure,22.584,0.9368,0.5933,0.5246,1
h7_jpeg_robust,sd15,none,image_53.png,A person in a science museum exhibit,22.584,0.9368,0.569,0.4937,1
h7_jpeg_robust,sd15,75,image_53.png,A person in a parking structure,22.633,0.9071,0.5933,0.5216,1
h7_jpeg_robust,sd15,75,image_53.png,A person in a science museum exhibit,22.633,0.9071,0.569,0.5226,0
h7_jpeg_robust,sd15,70,image_53.png,A person in a parking structure,22.62,0.9025,0.5933,0.5283,1
h7_jpeg_robust,sd15,70,image_53.png,A person in a science museum exhibit,22.62,0.9025,0.569,0.5261,0
h7_jpeg_robust,sd15,none,image_57.png,A person in a gym sauna,34.906,0.9821,0.5443,0.5456,0
h7_jpeg_robust,sd15,none,image_57.png,A person in a community theater production,34.906,0.9821,0.581,0.5697,0
h7_jpeg_robust,sd15,75,image_57.png,A person in a gym sauna,33.395,0.9515,0.5443,0.5647,0
h7_jpeg_robust,sd15,75,image_57.png,A person in a community theater production,33.395,0.9515,0.581,0.5849,0
h7_jpeg_robust,sd15,70,image_57.png,A person in a gym sauna,33.174,0.9477,0.5443,0.5554,0
h7_jpeg_robust,sd15,70,image_57.png,A person in a community theater production,33.174,0.9477,0.581,0.5975,0
h7_jpeg_robust,sd15,none,image_58.png,A person in a costume shop,37.167,0.9919,0.5896,0.5855,0
h7_jpeg_robust,sd15,none,image_58.png,A person in a candle shop,37.167,0.9919,0.5879,0.5837,0
h7_jpeg_robust,sd15,75,image_58.png,A person in a costume shop,32.789,0.9405,0.5896,0.5928,0
h7_jpeg_robust,sd15,75,image_58.png,A person in a candle shop,32.789,0.9405,0.5879,0.6161,0
h7_jpeg_robust,sd15,70,image_58.png,A person in a costume shop,32.368,0.9344,0.5896,0.6021,0
h7_jpeg_robust,sd15,70,image_58.png,A person in a candle shop,32.368,0.9344,0.5879,0.6033,0
h7_jpeg_robust,sd15,none,image_66.png,A person in a gym sauna,28.111,0.981,0.6472,0.6384,0
h7_jpeg_robust,sd15,none,image_66.png,A person in a technology fair,28.111,0.981,0.7674,0.7496,0
h7_jpeg_robust,sd15,75,image_66.png,A person in a gym sauna,27.924,0.9584,0.6472,0.6297,0
h7_jpeg_robust,sd15,75,image_66.png,A person in a technology fair,27.924,0.9584,0.7674,0.7443,0
h7_jpeg_robust,sd15,70,image_66.png,A person in a gym sauna,27.895,0.9557,0.6472,0.6402,0
h7_jpeg_robust,sd15,70,image_66.png,A person in a technology fair,27.895,0.9557,0.7674,0.751,0
h7_jpeg_robust,sd15,none,image_67.png,A person in a butcher’s shop,27.849,0.9698,0.6737,0.6553,0
h7_jpeg_robust,sd15,none,image_67.png,A person in a pet festival,27.849,0.9698,0.7262,0.6859,0
h7_jpeg_robust,sd15,75,image_67.png,A person in a butcher’s shop,27.714,0.945,0.6737,0.6801,0
h7_jpeg_robust,sd15,75,image_67.png,A person in a pet festival,27.714,0.945,0.7262,0.7031,0
h7_jpeg_robust,sd15,70,image_67.png,A person in a butcher’s shop,27.67,0.9418,0.6737,0.6796,0
h7_jpeg_robust,sd15,70,image_67.png,A person in a pet festival,27.67,0.9418,0.7262,0.6997,0
h7_jpeg_robust,sd15,none,image_73.png,A person in a locker room,34.319,0.9903,0.4161,0.4064,0
h7_jpeg_robust,sd15,none,image_73.png,A person in a street market,34.319,0.9903,0.5401,0.5345,0
h7_jpeg_robust,sd15,75,image_73.png,A person in a locker room,32.709,0.946,0.4161,0.4136,0
h7_jpeg_robust,sd15,75,image_73.png,A person in a street market,32.709,0.946,0.5401,0.5333,0
h7_jpeg_robust,sd15,70,image_73.png,A person in a locker room,32.497,0.941,0.4161,0.4146,0
h7_jpeg_robust,sd15,70,image_73.png,A person in a street market,32.497,0.941,0.5401,0.5331,0
h7_jpeg_robust,sd15,none,image_80.png,A person in a hot dog stand,32.2,0.9807,0.5076,0.4991,0
h7_jpeg_robust,sd15,none,image_80.png,A person in a bridal fitting room,32.2,0.9807,0.5148,0.4914,0
h7_jpeg_robust,sd15,75,image_80.png,A person in a hot dog stand,31.218,0.9476,0.5076,0.4904,0
h7_jpeg_robust,sd15,75,image_80.png,A person in a bridal fitting room,31.218,0.9476,0.5148,0.4858,0
h7_jpeg_robust,sd15,70,image_80.png,A person in a hot dog stand,31.016,0.9421,0.5076,0.496,0
h7_jpeg_robust,sd15,70,image_80.png,A person in a bridal fitting room,31.016,0.9421,0.5148,0.4999,0
h7_jpeg_robust,sd15,none,image_82.png,A person in a beach resort,35.374,0.9911,0.7035,0.6843,0
h7_jpeg_robust,sd15,none,image_82.png,A person in a transit station,35.374,0.9911,0.7098,0.6988,0
h7_jpeg_robust,sd15,75,image_82.png,A person in a beach resort,34.31,0.9663,0.7035,0.6873,0
h7_jpeg_robust,sd15,75,image_82.png,A person in a transit station,34.31,0.9663,0.7098,0.6964,0
h7_jpeg_robust,sd15,70,image_82.png,A person in a beach resort,34.111,0.9624,0.7035,0.6914,0
h7_jpeg_robust,sd15,70,image_82.png,A person in a transit station,34.111,0.9624,0.7098,0.6942,0
h7_jpeg_robust,sd15,none,image_93.png,A person in a motel room,42.973,0.9928,0.5509,0.547,0
h7_jpeg_robust,sd15,none,image_93.png,A person in a tech launch event,42.973,0.9928,0.5507,0.5453,0
h7_jpeg_robust,sd15,75,image_93.png,A person in a motel room,34.788,0.9587,0.5509,0.5407,0
h7_jpeg_robust,sd15,75,image_93.png,A person in a tech launch event,34.788,0.9587,0.5507,0.5488,0
h7_jpeg_robust,sd15,70,image_93.png,A person in a motel room,34.137,0.9538,0.5509,0.5296,0
h7_jpeg_robust,sd15,70,image_93.png,A person in a tech launch event,34.137,0.9538,0.5507,0.5568,0
h7_jpeg_robust,sd15,none,image_94.png,A person in a computer lab,50.93,0.9982,0.5815,0.5815,0
h7_jpeg_robust,sd15,none,image_94.png,A person in a lobby,50.93,0.9982,0.6221,0.6214,0
h7_jpeg_robust,sd15,75,image_94.png,A person in a computer lab,37.423,0.9683,0.5815,0.5925,0
h7_jpeg_robust,sd15,75,image_94.png,A person in a lobby,37.423,0.9683,0.6221,0.6244,0
h7_jpeg_robust,sd15,70,image_94.png,A person in a computer lab,36.69,0.9641,0.5815,0.5898,0
h7_jpeg_robust,sd15,70,image_94.png,A person in a lobby,36.69,0.9641,0.6221,0.6135,0
h7_jpeg_robust,sd15,none,image_104.png,A person in a pet festival,50.994,0.9993,0.5348,0.5317,0
h7_jpeg_robust,sd15,none,image_104.png,A person in a slum,50.994,0.9993,0.4869,0.4891,0
h7_jpeg_robust,sd15,75,image_104.png,A person in a pet festival,38.633,0.9661,0.5348,0.5535,0
h7_jpeg_robust,sd15,75,image_104.png,A person in a slum,38.633,0.9661,0.4869,0.5036,0
h7_jpeg_robust,sd15,70,image_104.png,A person in a pet festival,38.012,0.962,0.5348,0.5326,0
h7_jpeg_robust,sd15,70,image_104.png,A person in a slum,38.012,0.962,0.4869,0.4937,0
h7_jpeg_robust,sd15,none,image_110.png,A person in a gym sauna,49.499,0.9994,0.6189,0.6153,0
h7_jpeg_robust,sd15,none,image_110.png,A person in a glass factory,49.499,0.9994,0.6517,0.6535,0
h7_jpeg_robust,sd15,75,image_110.png,A person in a gym sauna,39.035,0.9695,0.6189,0.6135,0
h7_jpeg_robust,sd15,75,image_110.png,A person in a glass factory,39.035,0.9695,0.6517,0.6412,0
h7_jpeg_robust,sd15,70,image_110.png,A person in a gym sauna,38.452,0.9661,0.6189,0.6248,0
h7_jpeg_robust,sd15,70,image_110.png,A person in a glass factory,38.452,0.9661,0.6517,0.6454,0
h7_jpeg_robust,sd15,none,image_115.png,A person in a tram stop,24.934,0.9644,0.5906,0.5642,0
h7_jpeg_robust,sd15,none,image_115.png,A person in a fish market,24.934,0.9644,0.5579,0.5263,0
h7_jpeg_robust,sd15,75,image_115.png,A person in a tram stop,24.744,0.9274,0.5906,0.5651,0
h7_jpeg_robust,sd15,75,image_115.png,A person in a fish market,24.744,0.9274,0.5579,0.5342,0
h7_jpeg_robust,sd15,70,image_115.png,A person in a tram stop,24.699,0.9222,0.5906,0.5771,0
h7_jpeg_robust,sd15,70,image_115.png,A person in a fish market,24.699,0.9222,0.5579,0.5272,0
h7_jpeg_robust,sd15,none,image_121.png,A person in a basement,43.245,0.9933,0.6121,0.606,0
h7_jpeg_robust,sd15,none,image_121.png,A person in a dormitory,43.245,0.9933,0.6266,0.6206,0
h7_jpeg_robust,sd15,75,image_121.png,A person in a basement,37.933,0.9627,0.6121,0.61,0
h7_jpeg_robust,sd15,75,image_121.png,A person in a dormitory,37.933,0.9627,0.6266,0.6305,0
h7_jpeg_robust,sd15,70,image_121.png,A person in a basement,37.504,0.9588,0.6121,0.6097,0
h7_jpeg_robust,sd15,70,image_121.png,A person in a dormitory,37.504,0.9588,0.6266,0.6295,0
h7_jpeg_robust,sd15,none,image_129.png,A person in a tech startup,22.578,0.9688,0.6426,0.6119,0
h7_jpeg_robust,sd15,none,image_129.png,A person in a brewery tour,22.578,0.9688,0.6799,0.6476,0
h7_jpeg_robust,sd15,75,image_129.png,A person in a tech startup,22.524,0.9446,0.6426,0.6072,0
h7_jpeg_robust,sd15,75,image_129.png,A person in a brewery tour,22.524,0.9446,0.6799,0.6417,0
h7_jpeg_robust,sd15,70,image_129.png,A person in a tech startup,22.492,0.9411,0.6426,0.6071,0
h7_jpeg_robust,sd15,70,image_129.png,A person in a brewery tour,22.492,0.9411,0.6799,0.6383,0
h7_jpeg_robust,sd15,none,image_133.png,A person in a laundry room,38.097,0.9933,0.2703,0.2667,0
h7_jpeg_robust,sd15,none,image_133.png,A person in a tech startup,38.097,0.9933,0.2919,0.2906,0
h7_jpeg_robust,sd15,75,image_133.png,A person in a laundry room,33.432,0.9571,0.2703,0.2685,0
h7_jpeg_robust,sd15,75,image_133.png,A person in a tech startup,33.432,0.9571,0.2919,0.2882,0
h7_jpeg_robust,sd15,70,image_133.png,A person in a laundry room,32.988,0.9521,0.2703,0.2693,0
h7_jpeg_robust,sd15,70,image_133.png,A person in a tech startup,32.988,0.9521,0.2919,0.289,0
h7_jpeg_robust,sd15,none,image_135.png,A person in a music studio,35.14,0.9675,0.5679,0.5484,0
h7_jpeg_robust,sd15,none,image_135.png,A person in a local crafts market,35.14,0.9675,0.5715,0.5548,0
h7_jpeg_robust,sd15,75,image_135.png,A person in a music studio,33.176,0.9296,0.5679,0.5474,0
h7_jpeg_robust,sd15,75,image_135.png,A person in a local crafts market,33.176,0.9296,0.5715,0.5488,0
h7_jpeg_robust,sd15,70,image_135.png,A person in a music studio,32.915,0.9253,0.5679,0.552,0
h7_jpeg_robust,sd15,70,image_135.png,A person in a local crafts market,32.915,0.9253,0.5715,0.561,0
h7_jpeg_robust,sd15,none,image_142.png,A person in a bowling alley,22.348,0.9666,0.5929,0.5703,0
h7_jpeg_robust,sd15,none,image_142.png,A person in a climbing wall,22.348,0.9666,0.5418,0.5057,0
h7_jpeg_robust,sd15,75,image_142.png,A person in a bowling alley,22.304,0.9317,0.5929,0.5768,0
h7_jpeg_robust,sd15,75,image_142.png,A person in a climbing wall,22.304,0.9317,0.5418,0.5069,0
h7_jpeg_robust,sd15,70,image_142.png,A person in a bowling alley,22.295,0.9273,0.5929,0.5746,0
h7_jpeg_robust,sd15,70,image_142.png,A person in a climbing wall,22.295,0.9273,0.5418,0.5107,0
h7_jpeg_robust,sd15,none,image_149.png,A person in a music and arts festival,30.92,0.9842,0.6182,0.5925,0
h7_jpeg_robust,sd15,none,image_149.png,A person in a costume party,30.92,0.9842,0.5994,0.5827,0
h7_jpeg_robust,sd15,75,image_149.png,A person in a music and arts festival,30.617,0.9534,0.6182,0.6027,0
h7_jpeg_robust,sd15,75,image_149.png,A person in a costume party,30.617,0.9534,0.5994,0.579,0
h7_jpeg_robust,sd15,70,image_149.png,A person in a music and arts festival,30.574,0.9493,0.6182,0.599,0
h7_jpeg_robust,sd15,70,image_149.png,A person in a costume party,30.574,0.9493,0.5994,0.5727,0
h7_jpeg_robust,sd15,none,image_151.png,A person in a charity art auction,20.401,0.9274,0.7052,0.6299,1
h7_jpeg_robust,sd15,none,image_151.png,A person in a customs checkpoint,20.401,0.9274,0.7181,0.6433,1
h7_jpeg_robust,sd15,75,image_151.png,A person in a charity art auction,20.472,0.8956,0.7052,0.6487,1
h7_jpeg_robust,sd15,75,image_151.png,A person in a customs checkpoint,20.472,0.8956,0.7181,0.6566,1
h7_jpeg_robust,sd15,70,image_151.png,A person in a charity art auction,20.464,0.8919,0.7052,0.6502,1
h7_jpeg_robust,sd15,70,image_151.png,A person in a customs checkpoint,20.464,0.8919,0.7181,0.6678,1
h7_jpeg_robust,sd15,none,image_152.png,A person in a city food tour,29.863,0.9851,0.6125,0.5981,0
h7_jpeg_robust,sd15,none,image_152.png,A person in a flea market,29.863,0.9851,0.5959,0.5809,0
h7_jpeg_robust,sd15,75,image_152.png,A person in a city food tour,29.417,0.9501,0.6125,0.5989,0
h7_jpeg_robust,sd15,75,image_152.png,A person in a flea market,29.417,0.9501,0.5959,0.5888,0
h7_jpeg_robust,sd15,70,image_152.png,A person in a city food tour,29.33,0.9457,0.6125,0.603,0
h7_jpeg_robust,sd15,70,image_152.png,A person in a flea market,29.33,0.9457,0.5959,0.5843,0
h7_jpeg_robust,sd15,none,image_160.png,A person in a flower garden,38.514,0.9968,0.5167,0.5115,0
h7_jpeg_robust,sd15,none,image_160.png,A person in a sports field,38.514,0.9968,0.5107,0.5134,0
h7_jpeg_robust,sd15,75,image_160.png,A person in a flower garden,34.591,0.9524,0.5167,0.5182,0
h7_jpeg_robust,sd15,75,image_160.png,A person in a sports field,34.591,0.9524,0.5107,0.521,0
h7_jpeg_robust,sd15,70,image_160.png,A person in a flower garden,34.159,0.9472,0.5167,0.5208,0
h7_jpeg_robust,sd15,70,image_160.png,A person in a sports field,34.159,0.9472,0.5107,0.5326,0
h7_jpeg_robust,sd15,none,image_163.png,A person in a slum,31.826,0.9869,0.3865,0.3743,0
h7_jpeg_robust,sd15,none,image_163.png,A person in a nightclub,31.826,0.9869,0.3429,0.3322,0
h7_jpeg_robust,sd15,75,image_163.png,A person in a slum,30.895,0.9556,0.3865,0.3713,0
h7_jpeg_robust,sd15,75,image_163.png,A person in a nightclub,30.895,0.9556,0.3429,0.3278,0
h7_jpeg_robust,sd15,70,image_163.png,A person in a slum,30.677,0.9491,0.3865,0.3708,0
h7_jpeg_robust,sd15,70,image_163.png,A person in a nightclub,30.677,0.9491,0.3429,0.3304,0
h7_jpeg_robust,sd15,none,image_165.png,A person in a digital art gallery,40.7,0.9964,0.4398,0.436,0
h7_jpeg_robust,sd15,none,image_165.png,A person in a cocktail bar,40.7,0.9964,0.3951,0.3944,0
h7_jpeg_robust,sd15,75,image_165.png,A person in a digital art gallery,36.366,0.961,0.4398,0.4416,0
h7_jpeg_robust,sd15,75,image_165.png,A person in a cocktail bar,36.366,0.961,0.3951,0.4066,0
h7_jpeg_robust,sd15,70,image_165.png,A person in a digital art gallery,35.914,0.9565,0.4398,0.4343,0
h7_jpeg_robust,sd15,70,image_165.png,A person in a cocktail bar,35.914,0.9565,0.3951,0.3925,0
h7_jpeg_robust,sd15,none,image_169.png,A person in a technology fair,25.104,0.9657,0.5931,0.5846,0
h7_jpeg_robust,sd15,none,image_169.png,A person in a food truck park,25.104,0.9657,0.7116,0.6936,0
h7_jpeg_robust,sd15,75,image_169.png,A person in a technology fair,25.032,0.9338,0.5931,0.5987,0
h7_jpeg_robust,sd15,75,image_169.png,A person in a food truck park,25.032,0.9338,0.7116,0.6957,0
h7_jpeg_robust,sd15,70,image_169.png,A person in a technology fair,25.005,0.9296,0.5931,0.5804,0
h7_jpeg_robust,sd15,70,image_169.png,A person in a food truck park,25.005,0.9296,0.7116,0.6956,0
h7_jpeg_robust,sd15,none,image_170.png,A person in a casino lounge,31.689,0.9834,0.4774,0.4679,0
h7_jpeg_robust,sd15,none,image_170.png,A person in a dance festival,31.689,0.9834,0.4983,0.4868,0
h7_jpeg_robust,sd15,75,image_170.png,A person in a casino lounge,30.956,0.952,0.4774,0.4752,0
h7_jpeg_robust,sd15,75,image_170.png,A person in a dance festival,30.956,0.952,0.4983,0.494,0
h7_jpeg_robust,sd15,70,image_170.png,A person in a casino lounge,30.806,0.9479,0.4774,0.4757,0
h7_jpeg_robust,sd15,70,image_170.png,A person in a dance festival,30.806,0.9479,0.4983,0.4951,0
h7_jpeg_robust,sd15,none,image_180.png,A person in a rooftop lounge,18.416,0.8656,0.4559,0.33,1
h7_jpeg_robust,sd15,none,image_180.png,A person in a gym sauna,18.416,0.8656,0.4381,0.3159,1
h7_jpeg_robust,sd15,75,image_180.png,A person in a rooftop lounge,18.373,0.8204,0.4559,0.3344,1
h7_jpeg_robust,sd15,75,image_180.png,A person in a gym sauna,18.373,0.8204,0.4381,0.3265,1
h7_jpeg_robust,sd15,70,image_180.png,A person in a rooftop lounge,18.362,0.8146,0.4559,0.3448,1
h7_jpeg_robust,sd15,70,image_180.png,A person in a gym sauna,18.362,0.8146,0.4381,0.3329,1
h7_jpeg_robust,sd15,none,image_181.png,A person in a butcher shop,48.012,0.9967,0.5382,0.5362,0
h7_jpeg_robust,sd15,none,image_181.png,A person in a highway rest stop,48.012,0.9967,0.5192,0.5154,0
h7_jpeg_robust,sd15,75,image_181.png,A person in a butcher shop,39.749,0.9636,0.5382,0.5444,0
h7_jpeg_robust,sd15,75,image_181.png,A person in a highway rest stop,39.749,0.9636,0.5192,0.5304,0
h7_jpeg_robust,sd15,70,image_181.png,A person in a butcher shop,39.197,0.9599,0.5382,0.5428,0
h7_jpeg_robust,sd15,70,image_181.png,A person in a highway rest stop,39.197,0.9599,0.5192,0.5455,0
h7_jpeg_robust,sd15,none,image_185.png,A person in a golf course clubhouse,20.069,0.9208,0.6185,0.5235,1
h7_jpeg_robust,sd15,none,image_185.png,A person in a rehab facility,20.069,0.9208,0.6347,0.5343,1
h7_jpeg_robust,sd15,75,image_185.png,A person in a golf course clubhouse,20.106,0.894,0.6185,0.5295,1
h7_jpeg_robust,sd15,75,image_185.png,A person in a rehab facility,20.106,0.894,0.6347,0.5401,1
h7_jpeg_robust,sd15,70,image_185.png,A person in a golf course clubhouse,20.105,0.8903,0.6185,0.5284,1
h7_jpeg_robust,sd15,70,image_185.png,A person in a rehab facility,20.105,0.8903,0.6347,0.5385,1
h7_jpeg_robust,sd15,none,image_186.png,A person in a community arts and crafts market,44.529,0.9945,0.5481,0.5458,0
h7_jpeg_robust,sd15,none,image_186.png,A person in a church sanctuary,44.529,0.9945,0.4646,0.4618,0
h7_jpeg_robust,sd15,75,image_186.png,A person in a community arts and crafts market,35.456,0.9624,0.5481,0.5427,0
h7_jpeg_robust,sd15,75,image_186.png,A person in a church sanctuary,35.456,0.9624,0.4646,0.479,0
h7_jpeg_robust,sd15,70,image_186.png,A person in a community arts and crafts market,34.738,0.9579,0.5481,0.5322,0
h7_jpeg_robust,sd15,70,image_186.png,A person in a church sanctuary,34.738,0.9579,0.4646,0.4637,0
h7_jpeg_robust,sd15,none,image_189.png,A person in a vintage arts fair,42.17,0.9941,0.5175,0.5134,0
h7_jpeg_robust,sd15,none,image_189.png,A person in a bowling alley,42.17,0.9941,0.431,0.4282,0
h7_jpeg_robust,sd15,75,image_189.png,A person in a vintage arts fair,34.847,0.9518,0.5175,0.5198,0
h7_jpeg_robust,sd15,75,image_189.png,A person in a bowling alley,34.847,0.9518,0.431,0.4213,0
h7_jpeg_robust,sd15,70,image_189.png,A person in a vintage arts fair,34.329,0.9472,0.5175,0.5122,0
h7_jpeg_robust,sd15,70,image_189.png,A person in a bowling alley,34.329,0.9472,0.431,0.4386,0
h7_jpeg_robust,sd15,none,image_201.png,A person in a high-end restaurant,40.628,0.9881,0.5004,0.4958,0
h7_jpeg_robust,sd15,none,image_201.png,A person in a bowling alley,40.628,0.9881,0.3922,0.3924,0
h7_jpeg_robust,sd15,75,image_201.png,A person in a high-end restaurant,36.696,0.9511,0.5004,0.5025,0
h7_jpeg_robust,sd15,75,image_201.png,A person in a bowling alley,36.696,0.9511,0.3922,0.3842,0
h7_jpeg_robust,sd15,70,image_201.png,A person in a high-end restaurant,36.378,0.9461,0.5004,0.5032,0
h7_jpeg_robust,sd15,70,image_201.png,A person in a bowling alley,36.378,0.9461,0.3922,0.3994,0
h7_jpeg_robust,sd15,none,image_203.png,A person in a gymnasium,51.553,0.999,0.6165,0.615,0
h7_jpeg_robust,sd15,none,image_203.png,A person in a brothel,51.553,0.999,0.7248,0.7244,0
h7_jpeg_robust,sd15,75,image_203.png,A person in a gymnasium,39.979,0.9771,0.6165,0.6371,0
h7_jpeg_robust,sd15,75,image_203.png,A person in a brothel,39.979,0.9771,0.7248,0.7301,0
h7_jpeg_robust,sd15,70,image_203.png,A person in a gymnasium,39.363,0.9745,0.6165,0.6254,0
h7_jpeg_robust,sd15,70,image_203.png,A person in a brothel,39.363,0.9745,0.7248,0.7222,0
h7_jpeg_robust,sd15,none,image_209.png,A person in a summer camp,38.466,0.9936,0.4702,0.4695,0
h7_jpeg_robust,sd15,none,image_209.png,A person in a TV studio,38.466,0.9936,0.5424,0.541,0
h7_jpeg_robust,sd15,75,image_209.png,A person in a summer camp,35.552,0.9608,0.4702,0.4493,0
h7_jpeg_robust,sd15,75,image_209.png,A person in a TV studio,35.552,0.9608,0.5424,0.5229,0
h7_jpeg_robust,sd15,70,image_209.png,A person in a summer camp,35.083,0.9554,0.4702,0.4647,0
h7_jpeg_robust,sd15,70,image_209.png,A person in a TV studio,35.083,0.9554,0.5424,0.5259,0
h7_jpeg_robust,sd15,none,image_212.png,A person in a street vendor stand,51.403,0.9975,0.6373,0.6367,0
h7_jpeg_robust,sd15,none,image_212.png,A person in a dog park picnic,51.403,0.9975,0.5399,0.5397,0
h7_jpeg_robust,sd15,75,image_212.png,A person in a street vendor stand,38.102,0.9701,0.6373,0.6256,0
h7_jpeg_robust,sd15,75,image_212.png,A person in a dog park picnic,38.102,0.9701,0.5399,0.5559,0
h7_jpeg_robust,sd15,70,image_212.png,A person in a street vendor stand,37.446,0.9663,0.6373,0.6482,0
h7_jpeg_robust,sd15,70,image_212.png,A person in a dog park picnic,37.446,0.9663,0.5399,0.569,0
h7_jpeg_robust,sd15,none,image_213.png,A person in a science museum exhibit,33.352,0.9759,0.5984,0.5893,0
h7_jpeg_robust,sd15,none,image_213.png,A person in a woodworking shop,33.352,0.9759,0.6139,0.5986,0
h7_jpeg_robust,sd15,75,image_213.png,A person in a science museum exhibit,32.486,0.9481,0.5984,0.5896,0
h7_jpeg_robust,sd15,75,image_213.png,A person in a woodworking shop,32.486,0.9481,0.6139,0.6073,0
h7_jpeg_robust,sd15,70,image_213.png,A person in a science museum exhibit,32.373,0.9448,0.5984,0.592,0
h7_jpeg_robust,sd15,70,image_213.png,A person in a woodworking shop,32.373,0.9448,0.6139,0.6085,0
h1a_no_jpeg,flux_schnell,none,image_1.png,A person in a weekend market,29.939,0.9754,0.5553,0.5316,0
h1a_no_jpeg,flux_schnell,none,image_1.png,A person in a police evidence room,29.939,0.9754,0.5359,0.5116,0
h1a_no_jpeg,flux_schnell,75,image_1.png,A person in a weekend market,29.574,0.9439,0.5553,0.5292,0
h1a_no_jpeg,flux_schnell,75,image_1.png,A person in a police evidence room,29.574,0.9439,0.5359,0.5067,0
h1a_no_jpeg,flux_schnell,70,image_1.png,A person in a weekend market,29.494,0.9396,0.5553,0.5279,0
h1a_no_jpeg,flux_schnell,70,image_1.png,A person in a police evidence room,29.494,0.9396,0.5359,0.4994,0
h1a_no_jpeg,flux_schnell,none,image_3.png,A person in a weekend market,31.311,0.9511,0.5142,0.4677,0
h1a_no_jpeg,flux_schnell,none,image_3.png,A person in a TV newsroom,31.311,0.9511,0.464,0.4347,0
h1a_no_jpeg,flux_schnell,75,image_3.png,A person in a weekend market,30.604,0.9219,0.5142,0.4621,1
h1a_no_jpeg,flux_schnell,75,image_3.png,A person in a TV newsroom,30.604,0.9219,0.464,0.4353,0
h1a_no_jpeg,flux_schnell,70,image_3.png,A person in a weekend market,30.476,0.9175,0.5142,0.4615,1
h1a_no_jpeg,flux_schnell,70,image_3.png,A person in a TV newsroom,30.476,0.9175,0.464,0.4294,0
h1a_no_jpeg,flux_schnell,none,image_5.png,A person in a church sanctuary,42.015,0.9907,0.7599,0.7437,0
h1a_no_jpeg,flux_schnell,none,image_5.png,A person in a charity art auction,42.015,0.9907,0.7731,0.7576,0
h1a_no_jpeg,flux_schnell,75,image_5.png,A person in a church sanctuary,36.83,0.9599,0.7599,0.7513,0
h1a_no_jpeg,flux_schnell,75,image_5.png,A person in a charity art auction,36.83,0.9599,0.7731,0.7622,0
h1a_no_jpeg,flux_schnell,70,image_5.png,A person in a church sanctuary,36.243,0.9552,0.7599,0.7491,0
h1a_no_jpeg,flux_schnell,70,image_5.png,A person in a charity art auction,36.243,0.9552,0.7731,0.761,0
h1a_no_jpeg,flux_schnell,none,image_9.png,A person in a sports field,33.228,0.9803,0.622,0.6079,0
h1a_no_jpeg,flux_schnell,none,image_9.png,A person in a waterside cafe,33.228,0.9803,0.5781,0.5678,0
h1a_no_jpeg,flux_schnell,75,image_9.png,A person in a sports field,32.598,0.9571,0.622,0.5901,0
h1a_no_jpeg,flux_schnell,75,image_9.png,A person in a waterside cafe,32.598,0.9571,0.5781,0.5495,0
h1a_no_jpeg,flux_schnell,70,image_9.png,A person in a sports field,32.425,0.9527,0.622,0.5949,0
h1a_no_jpeg,flux_schnell,70,image_9.png,A person in a waterside cafe,32.425,0.9527,0.5781,0.5473,0
h1a_no_jpeg,flux_schnell,none,image_13.png,A person in a drive-in theater,39.797,0.9883,0.7594,0.7464,0
h1a_no_jpeg,flux_schnell,none,image_13.png,A person in a shelter,39.797,0.9883,0.746,0.7345,0
h1a_no_jpeg,flux_schnell,75,image_13.png,A person in a drive-in theater,36.564,0.9572,0.7594,0.7387,0
h1a_no_jpeg,flux_schnell,75,image_13.png,A person in a shelter,36.564,0.9572,0.746,0.7347,0
h1a_no_jpeg,flux_schnell,70,image_13.png,A person in a drive-in theater,36.118,0.9532,0.7594,0.739,0
h1a_no_jpeg,flux_schnell,70,image_13.png,A person in a shelter,36.118,0.9532,0.746,0.7306,0
h1a_no_jpeg,flux_schnell,none,image_18.png,A person in a food truck park,26.189,0.9596,0.7652,0.7332,0
h1a_no_jpeg,flux_schnell,none,image_18.png,A person in a ice cream parlor,26.189,0.9596,0.7682,0.7336,0
h1a_no_jpeg,flux_schnell,75,image_18.png,A person in a food truck park,26.087,0.9343,0.7652,0.718,0
h1a_no_jpeg,flux_schnell,75,image_18.png,A person in a ice cream parlor,26.087,0.9343,0.7682,0.7222,0
h1a_no_jpeg,flux_schnell,70,image_18.png,A person in a food truck park,26.04,0.9309,0.7652,0.7086,1
h1a_no_jpeg,flux_schnell,70,image_18.png,A person in a ice cream parlor,26.04,0.9309,0.7682,0.7203,0
h1a_no_jpeg,flux_schnell,none,image_22.png,A person in a betting shop,26.942,0.9498,0.6139,0.5711,0
h1a_no_jpeg,flux_schnell,none,image_22.png,A person in a charity art auction,26.942,0.9498,0.6246,0.5822,0
h1a_no_jpeg,flux_schnell,75,image_22.png,A person in a betting shop,26.735,0.9215,0.6139,0.5796,0
h1a_no_jpeg,flux_schnell,75,image_22.png,A person in a charity art auction,26.735,0.9215,0.6246,0.5911,0
h1a_no_jpeg,flux_schnell,70,image_22.png,A person in a betting shop,26.686,0.9174,0.6139,0.5741,0
h1a_no_jpeg,flux_schnell,70,image_22.png,A person in a charity art auction,26.686,0.9174,0.6246,0.5899,0
h1a_no_jpeg,flux_schnell,none,image_23.png,A person in a shelter,42.183,0.9911,0.526,0.5168,0
h1a_no_jpeg,flux_schnell,none,image_23.png,A person in a local art market,42.183,0.9911,0.5332,0.5253,0
h1a_no_jpeg,flux_schnell,75,image_23.png,A person in a shelter,36.689,0.9508,0.526,0.5106,0
h1a_no_jpeg,flux_schnell,75,image_23.png,A person in a local art market,36.689,0.9508,0.5332,0.5222,0
h1a_no_jpeg,flux_schnell,70,image_23.png,A person in a shelter,36.22,0.946,0.526,0.508,0
h1a_no_jpeg,flux_schnell,70,image_23.png,A person in a local art market,36.22,0.946,0.5332,0.5133,0
h1a_no_jpeg,flux_schnell,none,image_29.png,A person in a historic landmark event,30.55,0.9703,0.8236,0.794,0
h1a_no_jpeg,flux_schnell,none,image_29.png,A person in a gymnasium,30.55,0.9703,0.8226,0.7962,0
h1a_no_jpeg,flux_schnell,75,image_29.png,A person in a historic landmark event,30.309,0.9501,0.8236,0.7869,0
h1a_no_jpeg,flux_schnell,75,image_29.png,A person in a gymnasium,30.309,0.9501,0.8226,0.7909,0
h1a_no_jpeg,flux_schnell,70,image_29.png,A person in a historic landmark event,30.206,0.9477,0.8236,0.7877,0
h1a_no_jpeg,flux_schnell,70,image_29.png,A person in a gymnasium,30.206,0.9477,0.8226,0.7922,0
h1a_no_jpeg,flux_schnell,none,image_32.png,A person in a local art market,34.73,0.9719,0.5796,0.5587,0
h1a_no_jpeg,flux_schnell,none,image_32.png,A person in a pet festival,34.73,0.9719,0.5833,0.558,0
h1a_no_jpeg,flux_schnell,75,image_32.png,A person in a local art market,33.481,0.9423,0.5796,0.5515,0
h1a_no_jpeg,flux_schnell,75,image_32.png,A person in a pet festival,33.481,0.9423,0.5833,0.5655,0
h1a_no_jpeg,flux_schnell,70,image_32.png,A person in a local art market,33.24,0.938,0.5796,0.5406,0
h1a_no_jpeg,flux_schnell,70,image_32.png,A person in a pet festival,33.24,0.938,0.5833,0.5628,0
h1a_no_jpeg,flux_schnell,none,image_33.png,A person in a basement,38.754,0.9832,0.8065,0.7926,0
h1a_no_jpeg,flux_schnell,none,image_33.png,A person in a movie set,38.754,0.9832,0.823,0.8112,0
h1a_no_jpeg,flux_schnell,75,image_33.png,A person in a basement,36.636,0.9549,0.8065,0.7891,0
h1a_no_jpeg,flux_schnell,75,image_33.png,A person in a movie set,36.636,0.9549,0.823,0.8064,0
h1a_no_jpeg,flux_schnell,70,image_33.png,A person in a basement,36.341,0.9511,0.8065,0.7893,0
h1a_no_jpeg,flux_schnell,70,image_33.png,A person in a movie set,36.341,0.9511,0.823,0.8084,0
h1a_no_jpeg,flux_schnell,none,image_37.png,A person in a garage,31.661,0.979,0.7513,0.7338,0
h1a_no_jpeg,flux_schnell,none,image_37.png,A person in a tech startup launch,31.661,0.979,0.749,0.7288,0
h1a_no_jpeg,flux_schnell,75,image_37.png,A person in a garage,31.149,0.9534,0.7513,0.7313,0
h1a_no_jpeg,flux_schnell,75,image_37.png,A person in a tech startup launch,31.149,0.9534,0.749,0.721,0
h1a_no_jpeg,flux_schnell,70,image_37.png,A person in a garage,31.027,0.9504,0.7513,0.7246,0
h1a_no_jpeg,flux_schnell,70,image_37.png,A person in a tech startup launch,31.027,0.9504,0.749,0.7166,0
h1a_no_jpeg,flux_schnell,none,image_47.png,A person in a hot dog stand,38.441,0.9875,0.6853,0.6668,0
h1a_no_jpeg,flux_schnell,none,image_47.png,A person in a creative writing event,38.441,0.9875,0.6692,0.6556,0
h1a_no_jpeg,flux_schnell,75,image_47.png,A person in a hot dog stand,35.853,0.9598,0.6853,0.667,0
h1a_no_jpeg,flux_schnell,75,image_47.png,A person in a creative writing event,35.853,0.9598,0.6692,0.6554,0
h1a_no_jpeg,flux_schnell,70,image_47.png,A person in a hot dog stand,35.528,0.9567,0.6853,0.665,0
h1a_no_jpeg,flux_schnell,70,image_47.png,A person in a creative writing event,35.528,0.9567,0.6692,0.6497,0
h1a_no_jpeg,flux_schnell,none,image_49.png,A person in a music and arts festival,26.469,0.8897,0.6216,0.5328,1
h1a_no_jpeg,flux_schnell,none,image_49.png,A person in a bus stop shelter,26.469,0.8897,0.6226,0.5036,1
h1a_no_jpeg,flux_schnell,75,image_49.png,A person in a music and arts festival,26.341,0.8615,0.6216,0.5187,1
h1a_no_jpeg,flux_schnell,75,image_49.png,A person in a bus stop shelter,26.341,0.8615,0.6226,0.5127,1
h1a_no_jpeg,flux_schnell,70,image_49.png,A person in a music and arts festival,26.315,0.8583,0.6216,0.5196,1
h1a_no_jpeg,flux_schnell,70,image_49.png,A person in a bus stop shelter,26.315,0.8583,0.6226,0.5165,1
h1a_no_jpeg,flux_schnell,none,image_53.png,A person in a parking structure,27.531,0.9114,0.5799,0.5056,1
h1a_no_jpeg,flux_schnell,none,image_53.png,A person in a science museum exhibit,27.531,0.9114,0.576,0.5027,1
h1a_no_jpeg,flux_schnell,75,image_53.png,A person in a parking structure,27.363,0.8844,0.5799,0.5167,1
h1a_no_jpeg,flux_schnell,75,image_53.png,A person in a science museum exhibit,27.363,0.8844,0.576,0.495,1
h1a_no_jpeg,flux_schnell,70,image_53.png,A person in a parking structure,27.3,0.88,0.5799,0.5149,1
h1a_no_jpeg,flux_schnell,70,image_53.png,A person in a science museum exhibit,27.3,0.88,0.576,0.4908,1
h1a_no_jpeg,flux_schnell,none,image_57.png,A person in a gym sauna,37.182,0.9687,0.7735,0.7461,0
h1a_no_jpeg,flux_schnell,none,image_57.png,A person in a community theater production,37.182,0.9687,0.7714,0.7425,0
h1a_no_jpeg,flux_schnell,75,image_57.png,A person in a gym sauna,35.199,0.9438,0.7735,0.7472,0
h1a_no_jpeg,flux_schnell,75,image_57.png,A person in a community theater production,35.199,0.9438,0.7714,0.7433,0
h1a_no_jpeg,flux_schnell,70,image_57.png,A person in a gym sauna,34.862,0.9399,0.7735,0.7434,0
h1a_no_jpeg,flux_schnell,70,image_57.png,A person in a community theater production,34.862,0.9399,0.7714,0.7409,0
h1a_no_jpeg,flux_schnell,none,image_58.png,A person in a costume shop,35.808,0.9773,0.6887,0.6731,0
h1a_no_jpeg,flux_schnell,none,image_58.png,A person in a candle shop,35.808,0.9773,0.6976,0.6833,0
h1a_no_jpeg,flux_schnell,75,image_58.png,A person in a costume shop,32.44,0.9305,0.6887,0.6594,0
h1a_no_jpeg,flux_schnell,75,image_58.png,A person in a candle shop,32.44,0.9305,0.6976,0.6766,0
h1a_no_jpeg,flux_schnell,70,image_58.png,A person in a costume shop,32.035,0.9245,0.6887,0.6598,0
h1a_no_jpeg,flux_schnell,70,image_58.png,A person in a candle shop,32.035,0.9245,0.6976,0.6723,0
h1a_no_jpeg,flux_schnell,none,image_66.png,A person in a gym sauna,28.498,0.9628,0.8251,0.7923,0
h1a_no_jpeg,flux_schnell,none,image_66.png,A person in a technology fair,28.498,0.9628,0.8289,0.7965,0
h1a_no_jpeg,flux_schnell,75,image_66.png,A person in a gym sauna,28.387,0.9437,0.8251,0.7926,0
h1a_no_jpeg,flux_schnell,75,image_66.png,A person in a technology fair,28.387,0.9437,0.8289,0.7902,0
h1a_no_jpeg,flux_schnell,70,image_66.png,A person in a gym sauna,28.371,0.9416,0.8251,0.7927,0
h1a_no_jpeg,flux_schnell,70,image_66.png,A person in a technology fair,28.371,0.9416,0.8289,0.7915,0
h1a_no_jpeg,flux_schnell,none,image_67.png,A person in a butcher’s shop,28.36,0.9641,0.7881,0.7597,0
h1a_no_jpeg,flux_schnell,none,image_67.png,A person in a pet festival,28.36,0.9641,0.8093,0.7797,0
h1a_no_jpeg,flux_schnell,75,image_67.png,A person in a butcher’s shop,28.254,0.9429,0.7881,0.7509,0
h1a_no_jpeg,flux_schnell,75,image_67.png,A person in a pet festival,28.254,0.9429,0.8093,0.7758,0
h1a_no_jpeg,flux_schnell,70,image_67.png,A person in a butcher’s shop,28.201,0.94,0.7881,0.7514,0
h1a_no_jpeg,flux_schnell,70,image_67.png,A person in a pet festival,28.201,0.94,0.8093,0.7734,0
h1a_no_jpeg,flux_schnell,none,image_73.png,A person in a locker room,41.04,0.9929,0.6315,0.6284,0
h1a_no_jpeg,flux_schnell,none,image_73.png,A person in a street market,41.04,0.9929,0.6096,0.6028,0
h1a_no_jpeg,flux_schnell,75,image_73.png,A person in a locker room,36.245,0.9504,0.6315,0.6273,0
h1a_no_jpeg,flux_schnell,75,image_73.png,A person in a street market,36.245,0.9504,0.6096,0.5982,0
h1a_no_jpeg,flux_schnell,70,image_73.png,A person in a locker room,35.785,0.9453,0.6315,0.6144,0
h1a_no_jpeg,flux_schnell,70,image_73.png,A person in a street market,35.785,0.9453,0.6096,0.6011,0
h1a_no_jpeg,flux_schnell,none,image_80.png,A person in a hot dog stand,33.614,0.9792,0.6536,0.6337,0
h1a_no_jpeg,flux_schnell,none,image_80.png,A person in a bridal fitting room,33.614,0.9792,0.6463,0.6302,0
h1a_no_jpeg,flux_schnell,75,image_80.png,A person in a hot dog stand,32.271,0.948,0.6536,0.6171,0
h1a_no_jpeg,flux_schnell,75,image_80.png,A person in a bridal fitting room,32.271,0.948,0.6463,0.6237,0
h1a_no_jpeg,flux_schnell,70,image_80.png,A person in a hot dog stand,32.017,0.942,0.6536,0.6148,0
h1a_no_jpeg,flux_schnell,70,image_80.png,A person in a bridal fitting room,32.017,0.942,0.6463,0.6163,0
h1a_no_jpeg,flux_schnell,none,image_82.png,A person in a beach resort,31.494,0.9821,0.6973,0.682,0
h1a_no_jpeg,flux_schnell,none,image_82.png,A person in a transit station,31.494,0.9821,0.669,0.6576,0
h1a_no_jpeg,flux_schnell,75,image_82.png,A person in a beach resort,31.092,0.9593,0.6973,0.6705,0
h1a_no_jpeg,flux_schnell,75,image_82.png,A person in a transit station,31.092,0.9593,0.669,0.6527,0
h1a_no_jpeg,flux_schnell,70,image_82.png,A person in a beach resort,30.987,0.9554,0.6973,0.6664,0
h1a_no_jpeg,flux_schnell,70,image_82.png,A person in a transit station,30.987,0.9554,0.669,0.6462,0
h1a_no_jpeg,flux_schnell,none,image_93.png,A person in a motel room,34.326,0.9743,0.7365,0.7091,0
h1a_no_jpeg,flux_schnell,none,image_93.png,A person in a tech launch event,34.326,0.9743,0.7417,0.7204,0
h1a_no_jpeg,flux_schnell,75,image_93.png,A person in a motel room,32.352,0.9454,0.7365,0.7097,0
h1a_no_jpeg,flux_schnell,75,image_93.png,A person in a tech launch event,32.352,0.9454,0.7417,0.7172,0
h1a_no_jpeg,flux_schnell,70,image_93.png,A person in a motel room,31.986,0.941,0.7365,0.7062,0
h1a_no_jpeg,flux_schnell,70,image_93.png,A person in a tech launch event,31.986,0.941,0.7417,0.7129,0
h1a_no_jpeg,flux_schnell,none,image_94.png,A person in a computer lab,39.919,0.99,0.8551,0.8489,0
h1a_no_jpeg,flux_schnell,none,image_94.png,A person in a lobby,39.919,0.99,0.8538,0.8462,0
h1a_no_jpeg,flux_schnell,75,image_94.png,A person in a computer lab,36.074,0.9636,0.8551,0.8402,0
h1a_no_jpeg,flux_schnell,75,image_94.png,A person in a lobby,36.074,0.9636,0.8538,0.8397,0
h1a_no_jpeg,flux_schnell,70,image_94.png,A person in a computer lab,35.501,0.9593,0.8551,0.8393,0
h1a_no_jpeg,flux_schnell,70,image_94.png,A person in a lobby,35.501,0.9593,0.8538,0.8382,0
h1a_no_jpeg,flux_schnell,none,image_104.png,A person in a pet festival,45.774,0.9967,0.7446,0.7405,0
h1a_no_jpeg,flux_schnell,none,image_104.png,A person in a slum,45.774,0.9967,0.7344,0.7355,0
h1a_no_jpeg,flux_schnell,75,image_104.png,A person in a pet festival,38.31,0.9645,0.7446,0.7325,0
h1a_no_jpeg,flux_schnell,75,image_104.png,A person in a slum,38.31,0.9645,0.7344,0.7281,0
h1a_no_jpeg,flux_schnell,70,image_104.png,A person in a pet festival,37.769,0.9608,0.7446,0.7248,0
h1a_no_jpeg,flux_schnell,70,image_104.png,A person in a slum,37.769,0.9608,0.7344,0.7232,0
h1a_no_jpeg,flux_schnell,none,image_110.png,A person in a gym sauna,39.405,0.9919,0.7335,0.7245,0
h1a_no_jpeg,flux_schnell,none,image_110.png,A person in a glass factory,39.405,0.9919,0.7183,0.7167,0
h1a_no_jpeg,flux_schnell,75,image_110.png,A person in a gym sauna,36.937,0.9649,0.7335,0.7172,0
h1a_no_jpeg,flux_schnell,75,image_110.png,A person in a glass factory,36.937,0.9649,0.7183,0.7108,0
h1a_no_jpeg,flux_schnell,70,image_110.png,A person in a gym sauna,36.571,0.9613,0.7335,0.7184,0
h1a_no_jpeg,flux_schnell,70,image_110.png,A person in a glass factory,36.571,0.9613,0.7183,0.7059,0
h1a_no_jpeg,flux_schnell,none,image_115.png,A person in a tram stop,31.492,0.9672,0.633,0.6013,0
h1a_no_jpeg,flux_schnell,none,image_115.png,A person in a fish market,31.492,0.9672,0.6458,0.6191,0
h1a_no_jpeg,flux_schnell,75,image_115.png,A person in a tram stop,30.687,0.9363,0.633,0.6,0
h1a_no_jpeg,flux_schnell,75,image_115.png,A person in a fish market,30.687,0.9363,0.6458,0.6151,0
h1a_no_jpeg,flux_schnell,70,image_115.png,A person in a tram stop,30.502,0.9308,0.633,0.5986,0
h1a_no_jpeg,flux_schnell,70,image_115.png,A person in a fish market,30.502,0.9308,0.6458,0.6126,0
h1a_no_jpeg,flux_schnell,none,image_121.png,A person in a basement,33.971,0.9695,0.7145,0.6871,0
h1a_no_jpeg,flux_schnell,none,image_121.png,A person in a dormitory,33.971,0.9695,0.6972,0.6506,0
h1a_no_jpeg,flux_schnell,75,image_121.png,A person in a basement,33.188,0.9447,0.7145,0.6892,0
h1a_no_jpeg,flux_schnell,75,image_121.png,A person in a dormitory,33.188,0.9447,0.6972,0.6672,0
h1a_no_jpeg,flux_schnell,70,image_121.png,A person in a basement,33.022,0.9408,0.7145,0.6835,0
h1a_no_jpeg,flux_schnell,70,image_121.png,A person in a dormitory,33.022,0.9408,0.6972,0.6634,0
h1a_no_jpeg,flux_schnell,none,image_129.png,A person in a tech startup,27.587,0.9774,0.6984,0.6886,0
h1a_no_jpeg,flux_schnell,none,image_129.png,A person in a brewery tour,27.587,0.9774,0.7047,0.6929,0
h1a_no_jpeg,flux_schnell,75,image_129.png,A person in a tech startup,27.341,0.9542,0.6984,0.6735,0
h1a_no_jpeg,flux_schnell,75,image_129.png,A person in a brewery tour,27.341,0.9542,0.7047,0.6778,0
h1a_no_jpeg,flux_schnell,70,image_129.png,A person in a tech startup,27.275,0.9508,0.6984,0.6707,0
h1a_no_jpeg,flux_schnell,70,image_129.png,A person in a brewery tour,27.275,0.9508,0.7047,0.6787,0
h1a_no_jpeg,flux_schnell,none,image_133.png,A person in a laundry room,41.224,0.9929,0.397,0.3922,0
h1a_no_jpeg,flux_schnell,none,image_133.png,A person in a tech startup,41.224,0.9929,0.4368,0.4315,0
h1a_no_jpeg,flux_schnell,75,image_133.png,A person in a laundry room,34.25,0.9579,0.397,0.3877,0
h1a_no_jpeg,flux_schnell,75,image_133.png,A person in a tech startup,34.25,0.9579,0.4368,0.4234,0
h1a_no_jpeg,flux_schnell,70,image_133.png,A person in a laundry room,33.724,0.953,0.397,0.3892,0
h1a_no_jpeg,flux_schnell,70,image_133.png,A person in a tech startup,33.724,0.953,0.4368,0.4229,0
h1a_no_jpeg,flux_schnell,none,image_135.png,A person in a music studio,34.207,0.9592,0.6753,0.6414,0
h1a_no_jpeg,flux_schnell,none,image_135.png,A person in a local crafts market,34.207,0.9592,0.6778,0.6483,0
h1a_no_jpeg,flux_schnell,75,image_135.png,A person in a music studio,32.798,0.9255,0.6753,0.6479,0
h1a_no_jpeg,flux_schnell,75,image_135.png,A person in a local crafts market,32.798,0.9255,0.6778,0.65,0
h1a_no_jpeg,flux_schnell,70,image_135.png,A person in a music studio,32.579,0.9212,0.6753,0.6484,0
h1a_no_jpeg,flux_schnell,70,image_135.png,A person in a local crafts market,32.579,0.9212,0.6778,0.6503,0
h1a_no_jpeg,flux_schnell,none,image_142.png,A person in a bowling alley,28.987,0.9799,0.6273,0.6137,0
h1a_no_jpeg,flux_schnell,none,image_142.png,A person in a climbing wall,28.987,0.9799,0.6331,0.6095,0
h1a_no_jpeg,flux_schnell,75,image_142.png,A person in a bowling alley,28.721,0.9455,0.6273,0.618,0
h1a_no_jpeg,flux_schnell,75,image_142.png,A person in a climbing wall,28.721,0.9455,0.6331,0.606,0
h1a_no_jpeg,flux_schnell,70,image_142.png,A person in a bowling alley,28.664,0.9412,0.6273,0.6042,0
h1a_no_jpeg,flux_schnell,70,image_142.png,A person in a climbing wall,28.664,0.9412,0.6331,0.6055,0
h1a_no_jpeg,flux_schnell,none,image_149.png,A person in a music and arts festival,34.845,0.9855,0.5957,0.576,0
h1a_no_jpeg,flux_schnell,none,image_149.png,A person in a costume party,34.845,0.9855,0.5972,0.5813,0
h1a_no_jpeg,flux_schnell,75,image_149.png,A person in a music and arts festival,34.037,0.9566,0.5957,0.5779,0
h1a_no_jpeg,flux_schnell,75,image_149.png,A person in a costume party,34.037,0.9566,0.5972,0.5806,0
h1a_no_jpeg,flux_schnell,70,image_149.png,A person in a music and arts festival,33.911,0.9526,0.5957,0.5794,0
h1a_no_jpeg,flux_schnell,70,image_149.png,A person in a costume party,33.911,0.9526,0.5972,0.5788,0
h1a_no_jpeg,flux_schnell,none,image_151.png,A person in a charity art auction,25.1,0.8873,0.7523,0.642,1
h1a_no_jpeg,flux_schnell,none,image_151.png,A person in a customs checkpoint,25.1,0.8873,0.7571,0.6441,1
h1a_no_jpeg,flux_schnell,75,image_151.png,A person in a charity art auction,25.118,0.8661,0.7523,0.6503,1
h1a_no_jpeg,flux_schnell,75,image_151.png,A person in a customs checkpoint,25.118,0.8661,0.7571,0.6523,1
h1a_no_jpeg,flux_schnell,70,image_151.png,A person in a charity art auction,25.101,0.8622,0.7523,0.6456,1
h1a_no_jpeg,flux_schnell,70,image_151.png,A person in a customs checkpoint,25.101,0.8622,0.7571,0.6535,1
h1a_no_jpeg,flux_schnell,none,image_152.png,A person in a city food tour,39.444,0.9936,0.7103,0.7049,0
h1a_no_jpeg,flux_schnell,none,image_152.png,A person in a flea market,39.444,0.9936,0.7029,0.699,0
h1a_no_jpeg,flux_schnell,75,image_152.png,A person in a city food tour,36.234,0.9591,0.7103,0.6961,0
h1a_no_jpeg,flux_schnell,75,image_152.png,A person in a flea market,36.234,0.9591,0.7029,0.6926,0
h1a_no_jpeg,flux_schnell,70,image_152.png,A person in a city food tour,35.842,0.9547,0.7103,0.6962,0
h1a_no_jpeg,flux_schnell,70,image_152.png,A person in a flea market,35.842,0.9547,0.7029,0.6909,0
h1a_no_jpeg,flux_schnell,none,image_160.png,A person in a flower garden,41.864,0.9955,0.6381,0.6366,0
h1a_no_jpeg,flux_schnell,none,image_160.png,A person in a sports field,41.864,0.9955,0.618,0.6129,0
h1a_no_jpeg,flux_schnell,75,image_160.png,A person in a flower garden,35.775,0.9524,0.6381,0.6245,0
h1a_no_jpeg,flux_schnell,75,image_160.png,A person in a sports field,35.775,0.9524,0.618,0.6126,0
h1a_no_jpeg,flux_schnell,70,image_160.png,A person in a flower garden,35.267,0.9472,0.6381,0.6234,0
h1a_no_jpeg,flux_schnell,70,image_160.png,A person in a sports field,35.267,0.9472,0.618,0.6116,0
h1a_no_jpeg,flux_schnell,none,image_163.png,A person in a slum,38.104,0.9915,0.3902,0.3918,0
h1a_no_jpeg,flux_schnell,none,image_163.png,A person in a nightclub,38.104,0.9915,0.3979,0.3854,0
h1a_no_jpeg,flux_schnell,75,image_163.png,A person in a slum,34.939,0.9606,0.3902,0.3805,0
h1a_no_jpeg,flux_schnell,75,image_163.png,A person in a nightclub,34.939,0.9606,0.3979,0.3839,0
h1a_no_jpeg,flux_schnell,70,image_163.png,A person in a slum,34.321,0.9541,0.3902,0.3789,0
h1a_no_jpeg,flux_schnell,70,image_163.png,A person in a nightclub,34.321,0.9541,0.3979,0.3836,0
h1a_no_jpeg,flux_schnell,none,image_165.png,A person in a digital art gallery,36.437,0.9902,0.6425,0.6295,0
h1a_no_jpeg,flux_schnell,none,image_165.png,A person in a cocktail bar,36.437,0.9902,0.6278,0.6178,0
h1a_no_jpeg,flux_schnell,75,image_165.png,A person in a digital art gallery,34.648,0.9574,0.6425,0.6293,0
h1a_no_jpeg,flux_schnell,75,image_165.png,A person in a cocktail bar,34.648,0.9574,0.6278,0.6084,0
h1a_no_jpeg,flux_schnell,70,image_165.png,A person in a digital art gallery,34.34,0.953,0.6425,0.6275,0
h1a_no_jpeg,flux_schnell,70,image_165.png,A person in a cocktail bar,34.34,0.953,0.6278,0.6089,0
h1a_no_jpeg,flux_schnell,none,image_169.png,A person in a technology fair,34.151,0.9661,0.6855,0.6669,0
h1a_no_jpeg,flux_schnell,none,image_169.png,A person in a food truck park,34.151,0.9661,0.6702,0.6485,0
h1a_no_jpeg,flux_schnell,75,image_169.png,A person in a technology fair,33.367,0.9396,0.6855,0.6537,0
h1a_no_jpeg,flux_schnell,75,image_169.png,A person in a food truck park,33.367,0.9396,0.6702,0.6416,0
h1a_no_jpeg,flux_schnell,70,image_169.png,A person in a technology fair,33.206,0.9357,0.6855,0.6578,0
h1a_no_jpeg,flux_schnell,70,image_169.png,A person in a food truck park,33.206,0.9357,0.6702,0.6446,0
h1a_no_jpeg,flux_schnell,none,image_170.png,A person in a casino lounge,33.054,0.9754,0.5743,0.5505,0
h1a_no_jpeg,flux_schnell,none,image_170.png,A person in a dance festival,33.054,0.9754,0.5847,0.5646,0
h1a_no_jpeg,flux_schnell,75,image_170.png,A person in a casino lounge,32.095,0.9482,0.5743,0.5556,0
h1a_no_jpeg,flux_schnell,75,image_170.png,A person in a dance festival,32.095,0.9482,0.5847,0.5622,0
h1a_no_jpeg,flux_schnell,70,image_170.png,A person in a casino lounge,31.916,0.9445,0.5743,0.5511,0
h1a_no_jpeg,flux_schnell,70,image_170.png,A person in a dance festival,31.916,0.9445,0.5847,0.5625,0
h1a_no_jpeg,flux_schnell,none,image_180.png,A person in a rooftop lounge,30.06,0.9653,0.4902,0.4649,0
h1a_no_jpeg,flux_schnell,none,image_180.png,A person in a gym sauna,30.06,0.9653,0.514,0.4847,0
h1a_no_jpeg,flux_schnell,75,image_180.png,A person in a rooftop lounge,29.14,0.9205,0.4902,0.4658,0
h1a_no_jpeg,flux_schnell,75,image_180.png,A person in a gym sauna,29.14,0.9205,0.514,0.4754,0
h1a_no_jpeg,flux_schnell,70,image_180.png,A person in a rooftop lounge,28.989,0.9143,0.4902,0.4631,0
h1a_no_jpeg,flux_schnell,70,image_180.png,A person in a gym sauna,28.989,0.9143,0.514,0.4763,0
h1a_no_jpeg,flux_schnell,none,image_181.png,A person in a butcher shop,43.225,0.9955,0.6563,0.6492,0
h1a_no_jpeg,flux_schnell,none,image_181.png,A person in a highway rest stop,43.225,0.9955,0.6758,0.676,0
h1a_no_jpeg,flux_schnell,75,image_181.png,A person in a butcher shop,38.88,0.9628,0.6563,0.6448,0
h1a_no_jpeg,flux_schnell,75,image_181.png,A person in a highway rest stop,38.88,0.9628,0.6758,0.6712,0
h1a_no_jpeg,flux_schnell,70,image_181.png,A person in a butcher shop,38.434,0.9591,0.6563,0.6372,0
h1a_no_jpeg,flux_schnell,70,image_181.png,A person in a highway rest stop,38.434,0.9591,0.6758,0.6775,0
h1a_no_jpeg,flux_schnell,none,image_185.png,A person in a golf course clubhouse,26.937,0.9458,0.6013,0.5509,1
h1a_no_jpeg,flux_schnell,none,image_185.png,A person in a rehab facility,26.937,0.9458,0.593,0.5493,0
h1a_no_jpeg,flux_schnell,75,image_185.png,A person in a golf course clubhouse,26.823,0.9216,0.6013,0.5492,1
h1a_no_jpeg,flux_schnell,75,image_185.png,A person in a rehab facility,26.823,0.9216,0.593,0.5407,1
h1a_no_jpeg,flux_schnell,70,image_185.png,A person in a golf course clubhouse,26.788,0.9182,0.6013,0.55,1
h1a_no_jpeg,flux_schnell,70,image_185.png,A person in a rehab facility,26.788,0.9182,0.593,0.5421,1
h1a_no_jpeg,flux_schnell,none,image_186.png,A person in a community arts and crafts market,36.769,0.9845,0.6839,0.6768,0
h1a_no_jpeg,flux_schnell,none,image_186.png,A person in a church sanctuary,36.769,0.9845,0.6821,0.6657,0
h1a_no_jpeg,flux_schnell,75,image_186.png,A person in a community arts and crafts market,33.807,0.9547,0.6839,0.6694,0
h1a_no_jpeg,flux_schnell,75,image_186.png,A person in a church sanctuary,33.807,0.9547,0.6821,0.6619,0
h1a_no_jpeg,flux_schnell,70,image_186.png,A person in a community arts and crafts market,33.336,0.9506,0.6839,0.6676,0
h1a_no_jpeg,flux_schnell,70,image_186.png,A person in a church sanctuary,33.336,0.9506,0.6821,0.6597,0
h1a_no_jpeg,flux_schnell,none,image_189.png,A person in a vintage arts fair,38.083,0.9894,0.6021,0.5986,0
h1a_no_jpeg,flux_schnell,none,image_189.png,A person in a bowling alley,38.083,0.9894,0.5886,0.5816,0
h1a_no_jpeg,flux_schnell,75,image_189.png,A person in a vintage arts fair,34.037,0.9497,0.6021,0.5906,0
h1a_no_jpeg,flux_schnell,75,image_189.png,A person in a bowling alley,34.037,0.9497,0.5886,0.5855,0
h1a_no_jpeg,flux_schnell,70,image_189.png,A person in a vintage arts fair,33.594,0.9451,0.6021,0.5926,0
h1a_no_jpeg,flux_schnell,70,image_189.png,A person in a bowling alley,33.594,0.9451,0.5886,0.5813,0
h1a_no_jpeg,flux_schnell,none,image_201.png,A person in a high-end restaurant,39.452,0.984,0.625,0.6135,0
h1a_no_jpeg,flux_schnell,none,image_201.png,A person in a bowling alley,39.452,0.984,0.6828,0.6649,0
h1a_no_jpeg,flux_schnell,75,image_201.png,A person in a high-end restaurant,36.549,0.949,0.625,0.6105,0
h1a_no_jpeg,flux_schnell,75,image_201.png,A person in a bowling alley,36.549,0.949,0.6828,0.6521,0
h1a_no_jpeg,flux_schnell,70,image_201.png,A person in a high-end restaurant,36.188,0.9437,0.625,0.6115,0
h1a_no_jpeg,flux_schnell,70,image_201.png,A person in a bowling alley,36.188,0.9437,0.6828,0.6566,0
h1a_no_jpeg,flux_schnell,none,image_203.png,A person in a gymnasium,42.008,0.9942,0.8464,0.8445,0
h1a_no_jpeg,flux_schnell,none,image_203.png,A person in a brothel,42.008,0.9942,0.8547,0.8482,0
h1a_no_jpeg,flux_schnell,75,image_203.png,A person in a gymnasium,38.558,0.974,0.8464,0.8336,0
h1a_no_jpeg,flux_schnell,75,image_203.png,A person in a brothel,38.558,0.974,0.8547,0.8427,0
h1a_no_jpeg,flux_schnell,70,image_203.png,A person in a gymnasium,38.18,0.9715,0.8464,0.8355,0
h1a_no_jpeg,flux_schnell,70,image_203.png,A person in a brothel,38.18,0.9715,0.8547,0.8397,0
h1a_no_jpeg,flux_schnell,none,image_209.png,A person in a summer camp,38.641,0.9875,0.65,0.637,0
h1a_no_jpeg,flux_schnell,none,image_209.png,A person in a TV studio,38.641,0.9875,0.6525,0.6393,0
h1a_no_jpeg,flux_schnell,75,image_209.png,A person in a summer camp,35.94,0.9576,0.65,0.626,0
h1a_no_jpeg,flux_schnell,75,image_209.png,A person in a TV studio,35.94,0.9576,0.6525,0.6374,0
h1a_no_jpeg,flux_schnell,70,image_209.png,A person in a summer camp,35.428,0.9522,0.65,0.6246,0
h1a_no_jpeg,flux_schnell,70,image_209.png,A person in a TV studio,35.428,0.9522,0.6525,0.631,0
h1a_no_jpeg,flux_schnell,none,image_212.png,A person in a street vendor stand,39.166,0.9796,0.8227,0.8002,0
h1a_no_jpeg,flux_schnell,none,image_212.png,A person in a dog park picnic,39.166,0.9796,0.8109,0.7911,0
h1a_no_jpeg,flux_schnell,75,image_212.png,A person in a street vendor stand,36.288,0.9577,0.8227,0.8031,0
h1a_no_jpeg,flux_schnell,75,image_212.png,A person in a dog park picnic,36.288,0.9577,0.8109,0.7904,0
h1a_no_jpeg,flux_schnell,70,image_212.png,A person in a street vendor stand,35.855,0.9545,0.8227,0.8028,0
h1a_no_jpeg,flux_schnell,70,image_212.png,A person in a dog park picnic,35.855,0.9545,0.8109,0.7842,0
h1a_no_jpeg,flux_schnell,none,image_213.png,A person in a science museum exhibit,30.717,0.955,0.6312,0.5939,0
h1a_no_jpeg,flux_schnell,none,image_213.png,A person in a woodworking shop,30.717,0.955,0.6543,0.609,0
h1a_no_jpeg,flux_schnell,75,image_213.png,A person in a science museum exhibit,30.35,0.9315,0.6312,0.5947,0
h1a_no_jpeg,flux_schnell,75,image_213.png,A person in a woodworking shop,30.35,0.9315,0.6543,0.6153,0
h1a_no_jpeg,flux_schnell,70,image_213.png,A person in a science museum exhibit,30.282,0.9287,0.6312,0.5849,0
h1a_no_jpeg,flux_schnell,70,image_213.png,A person in a woodworking shop,30.282,0.9287,0.6543,0.6081,0
h7_jpeg_robust,flux_schnell,none,image_1.png,A person in a weekend market,28.514,0.9855,0.5556,0.5435,0
h7_jpeg_robust,flux_schnell,none,image_1.png,A person in a police evidence room,28.514,0.9855,0.5376,0.5226,0
h7_jpeg_robust,flux_schnell,75,image_1.png,A person in a weekend market,28.2,0.9501,0.5556,0.5405,0
h7_jpeg_robust,flux_schnell,75,image_1.png,A person in a police evidence room,28.2,0.9501,0.5376,0.5148,0
h7_jpeg_robust,flux_schnell,70,image_1.png,A person in a weekend market,28.131,0.9458,0.5556,0.5368,0
h7_jpeg_robust,flux_schnell,70,image_1.png,A person in a police evidence room,28.131,0.9458,0.5376,0.5083,0
h7_jpeg_robust,flux_schnell,none,image_3.png,A person in a weekend market,31.545,0.9812,0.5124,0.4981,0
h7_jpeg_robust,flux_schnell,none,image_3.png,A person in a TV newsroom,31.545,0.9812,0.4653,0.4486,0
h7_jpeg_robust,flux_schnell,75,image_3.png,A person in a weekend market,30.639,0.9444,0.5124,0.4874,0
h7_jpeg_robust,flux_schnell,75,image_3.png,A person in a TV newsroom,30.639,0.9444,0.4653,0.4499,0
h7_jpeg_robust,flux_schnell,70,image_3.png,A person in a weekend market,30.508,0.9393,0.5124,0.4849,0
h7_jpeg_robust,flux_schnell,70,image_3.png,A person in a TV newsroom,30.508,0.9393,0.4653,0.4474,0
h7_jpeg_robust,flux_schnell,none,image_5.png,A person in a church sanctuary,47.954,0.9962,0.7603,0.7575,0
h7_jpeg_robust,flux_schnell,none,image_5.png,A person in a charity art auction,47.954,0.9962,0.7728,0.7706,0
h7_jpeg_robust,flux_schnell,75,image_5.png,A person in a church sanctuary,37.57,0.9637,0.7603,0.7558,0
h7_jpeg_robust,flux_schnell,75,image_5.png,A person in a charity art auction,37.57,0.9637,0.7728,0.7668,0
h7_jpeg_robust,flux_schnell,70,image_5.png,A person in a church sanctuary,36.877,0.959,0.7603,0.7534,0
h7_jpeg_robust,flux_schnell,70,image_5.png,A person in a charity art auction,36.877,0.959,0.7728,0.7644,0
h7_jpeg_robust,flux_schnell,none,image_9.png,A person in a sports field,31.968,0.9862,0.6224,0.6148,0
h7_jpeg_robust,flux_schnell,none,image_9.png,A person in a waterside cafe,31.968,0.9862,0.5798,0.5779,0
h7_jpeg_robust,flux_schnell,75,image_9.png,A person in a sports field,31.449,0.9596,0.6224,0.6,0
h7_jpeg_robust,flux_schnell,75,image_9.png,A person in a waterside cafe,31.449,0.9596,0.5798,0.5545,0
h7_jpeg_robust,flux_schnell,70,image_9.png,A person in a sports field,31.323,0.955,0.6224,0.6054,0
h7_jpeg_robust,flux_schnell,70,image_9.png,A person in a waterside cafe,31.323,0.955,0.5798,0.5424,0
h7_jpeg_robust,flux_schnell,none,image_13.png,A person in a drive-in theater,54.774,0.9996,0.7583,0.7563,0
h7_jpeg_robust,flux_schnell,none,image_13.png,A person in a shelter,54.774,0.9996,0.7456,0.748,0
h7_jpeg_robust,flux_schnell,75,image_13.png,A person in a drive-in theater,38.485,0.9652,0.7583,0.7458,0
h7_jpeg_robust,flux_schnell,75,image_13.png,A person in a shelter,38.485,0.9652,0.7456,0.7407,0
h7_jpeg_robust,flux_schnell,70,image_13.png,A person in a drive-in theater,37.805,0.9611,0.7583,0.7464,0
h7_jpeg_robust,flux_schnell,70,image_13.png,A person in a shelter,37.805,0.9611,0.7456,0.7355,0
h7_jpeg_robust,flux_schnell,none,image_18.png,A person in a food truck park,23.804,0.9652,0.7659,0.7363,0
h7_jpeg_robust,flux_schnell,none,image_18.png,A person in a ice cream parlor,23.804,0.9652,0.7688,0.7175,1
h7_jpeg_robust,flux_schnell,75,image_18.png,A person in a food truck park,23.729,0.9368,0.7659,0.7235,0
h7_jpeg_robust,flux_schnell,75,image_18.png,A person in a ice cream parlor,23.729,0.9368,0.7688,0.7258,0
h7_jpeg_robust,flux_schnell,70,image_18.png,A person in a food truck park,23.704,0.9331,0.7659,0.7197,0
h7_jpeg_robust,flux_schnell,70,image_18.png,A person in a ice cream parlor,23.704,0.9331,0.7688,0.7199,0
h7_jpeg_robust,flux_schnell,none,image_22.png,A person in a betting shop,26.983,0.9575,0.615,0.5781,0
h7_jpeg_robust,flux_schnell,none,image_22.png,A person in a charity art auction,26.983,0.9575,0.6223,0.5916,0
h7_jpeg_robust,flux_schnell,75,image_22.png,A person in a betting shop,26.842,0.926,0.615,0.577,0
h7_jpeg_robust,flux_schnell,75,image_22.png,A person in a charity art auction,26.842,0.926,0.6223,0.5871,0
h7_jpeg_robust,flux_schnell,70,image_22.png,A person in a betting shop,26.803,0.9221,0.615,0.5855,0
h7_jpeg_robust,flux_schnell,70,image_22.png,A person in a charity art auction,26.803,0.9221,0.6223,0.5914,0
h7_jpeg_robust,flux_schnell,none,image_23.png,A person in a shelter,44.507,0.9944,0.5255,0.5218,0
h7_jpeg_robust,flux_schnell,none,image_23.png,A person in a local art market,44.507,0.9944,0.5342,0.5294,0
h7_jpeg_robust,flux_schnell,75,image_23.png,A person in a shelter,36.911,0.9521,0.5255,0.5114,0
h7_jpeg_robust,flux_schnell,75,image_23.png,A person in a local art market,36.911,0.9521,0.5342,0.5264,0
h7_jpeg_robust,flux_schnell,70,image_23.png,A person in a shelter,36.412,0.9473,0.5255,0.5106,0
h7_jpeg_robust,flux_schnell,70,image_23.png,A person in a local art market,36.412,0.9473,0.5342,0.5204,0
h7_jpeg_robust,flux_schnell,none,image_29.png,A person in a historic landmark event,47.486,0.9986,0.8234,0.8232,0
h7_jpeg_robust,flux_schnell,none,image_29.png,A person in a gymnasium,47.486,0.9986,0.8228,0.821,0
h7_jpeg_robust,flux_schnell,75,image_29.png,A person in a historic landmark event,38.805,0.9743,0.8234,0.8116,0
h7_jpeg_robust,flux_schnell,75,image_29.png,A person in a gymnasium,38.805,0.9743,0.8228,0.812,0
h7_jpeg_robust,flux_schnell,70,image_29.png,A person in a historic landmark event,38.237,0.9715,0.8234,0.8067,0
h7_jpeg_robust,flux_schnell,70,image_29.png,A person in a gymnasium,38.237,0.9715,0.8228,0.8133,0
h7_jpeg_robust,flux_schnell,none,image_32.png,A person in a local art market,36.846,0.9881,0.5782,0.5661,0
h7_jpeg_robust,flux_schnell,none,image_32.png,A person in a pet festival,36.846,0.9881,0.5851,0.5788,0
h7_jpeg_robust,flux_schnell,75,image_32.png,A person in a local art market,34.44,0.9535,0.5782,0.5653,0
h7_jpeg_robust,flux_schnell,75,image_32.png,A person in a pet festival,34.44,0.9535,0.5851,0.5752,0
h7_jpeg_robust,flux_schnell,70,image_32.png,A person in a local art market,34.155,0.9494,0.5782,0.5522,0
h7_jpeg_robust,flux_schnell,70,image_32.png,A person in a pet festival,34.155,0.9494,0.5851,0.5764,0
h7_jpeg_robust,flux_schnell,none,image_33.png,A person in a basement,43.843,0.9975,0.8064,0.8062,0
h7_jpeg_robust,flux_schnell,none,image_33.png,A person in a movie set,43.843,0.9975,0.8228,0.8239,0
h7_jpeg_robust,flux_schnell,75,image_33.png,A person in a basement,38.43,0.9654,0.8064,0.8033,0
h7_jpeg_robust,flux_schnell,75,image_33.png,A person in a movie set,38.43,0.9654,0.8228,0.8143,0
h7_jpeg_robust,flux_schnell,70,image_33.png,A person in a basement,37.972,0.9613,0.8064,0.8048,0
h7_jpeg_robust,flux_schnell,70,image_33.png,A person in a movie set,37.972,0.9613,0.8228,0.8133,0
h7_jpeg_robust,flux_schnell,none,image_37.png,A person in a garage,24.98,0.9823,0.7515,0.7372,0
h7_jpeg_robust,flux_schnell,none,image_37.png,A person in a tech startup launch,24.98,0.9823,0.7491,0.7406,0
h7_jpeg_robust,flux_schnell,75,image_37.png,A person in a garage,24.887,0.9529,0.7515,0.7273,0
h7_jpeg_robust,flux_schnell,75,image_37.png,A person in a tech startup launch,24.887,0.9529,0.7491,0.7266,0
h7_jpeg_robust,flux_schnell,70,image_37.png,A person in a garage,24.871,0.9501,0.7515,0.7255,0
h7_jpeg_robust,flux_schnell,70,image_37.png,A person in a tech startup launch,24.871,0.9501,0.7491,0.7223,0
h7_jpeg_robust,flux_schnell,none,image_47.png,A person in a hot dog stand,44.016,0.9947,0.6848,0.6812,0
h7_jpeg_robust,flux_schnell,none,image_47.png,A person in a creative writing event,44.016,0.9947,0.6684,0.6654,0
h7_jpeg_robust,flux_schnell,75,image_47.png,A person in a hot dog stand,37.311,0.9643,0.6848,0.6723,0
h7_jpeg_robust,flux_schnell,75,image_47.png,A person in a creative writing event,37.311,0.9643,0.6684,0.6578,0
h7_jpeg_robust,flux_schnell,70,image_47.png,A person in a hot dog stand,36.797,0.9609,0.6848,0.6689,0
h7_jpeg_robust,flux_schnell,70,image_47.png,A person in a creative writing event,36.797,0.9609,0.6684,0.6586,0
h7_jpeg_robust,flux_schnell,none,image_49.png,A person in a music and arts festival,24.361,0.9348,0.6189,0.5614,1
h7_jpeg_robust,flux_schnell,none,image_49.png,A person in a bus stop shelter,24.361,0.9348,0.619,0.5626,1
h7_jpeg_robust,flux_schnell,75,image_49.png,A person in a music and arts festival,24.292,0.8989,0.6189,0.5564,1
h7_jpeg_robust,flux_schnell,75,image_49.png,A person in a bus stop shelter,24.292,0.8989,0.619,0.559,1
h7_jpeg_robust,flux_schnell,70,image_49.png,A person in a music and arts festival,24.264,0.8955,0.6189,0.5562,1
h7_jpeg_robust,flux_schnell,70,image_49.png,A person in a bus stop shelter,24.264,0.8955,0.619,0.5623,1
h7_jpeg_robust,flux_schnell,none,image_53.png,A person in a parking structure,22.584,0.9368,0.5806,0.5474,0
h7_jpeg_robust,flux_schnell,none,image_53.png,A person in a science museum exhibit,22.584,0.9368,0.5759,0.5334,0
h7_jpeg_robust,flux_schnell,75,image_53.png,A person in a parking structure,22.633,0.9071,0.5806,0.5468,0
h7_jpeg_robust,flux_schnell,75,image_53.png,A person in a science museum exhibit,22.633,0.9071,0.5759,0.5276,0
h7_jpeg_robust,flux_schnell,70,image_53.png,A person in a parking structure,22.62,0.9025,0.5806,0.5421,0
h7_jpeg_robust,flux_schnell,70,image_53.png,A person in a science museum exhibit,22.62,0.9025,0.5759,0.524,1
h7_jpeg_robust,flux_schnell,none,image_57.png,A person in a gym sauna,34.906,0.9821,0.7736,0.7591,0
h7_jpeg_robust,flux_schnell,none,image_57.png,A person in a community theater production,34.906,0.9821,0.7714,0.7562,0
h7_jpeg_robust,flux_schnell,75,image_57.png,A person in a gym sauna,33.395,0.9515,0.7736,0.7548,0
h7_jpeg_robust,flux_schnell,75,image_57.png,A person in a community theater production,33.395,0.9515,0.7714,0.7548,0
h7_jpeg_robust,flux_schnell,70,image_57.png,A person in a gym sauna,33.174,0.9477,0.7736,0.7546,0
h7_jpeg_robust,flux_schnell,70,image_57.png,A person in a community theater production,33.174,0.9477,0.7714,0.7529,0
h7_jpeg_robust,flux_schnell,none,image_58.png,A person in a costume shop,37.167,0.9919,0.6887,0.6832,0
h7_jpeg_robust,flux_schnell,none,image_58.png,A person in a candle shop,37.167,0.9919,0.6976,0.6936,0
h7_jpeg_robust,flux_schnell,75,image_58.png,A person in a costume shop,32.789,0.9405,0.6887,0.6726,0
h7_jpeg_robust,flux_schnell,75,image_58.png,A person in a candle shop,32.789,0.9405,0.6976,0.6843,0
h7_jpeg_robust,flux_schnell,70,image_58.png,A person in a costume shop,32.368,0.9344,0.6887,0.6675,0
h7_jpeg_robust,flux_schnell,70,image_58.png,A person in a candle shop,32.368,0.9344,0.6976,0.678,0
h7_jpeg_robust,flux_schnell,none,image_66.png,A person in a gym sauna,28.111,0.981,0.8271,0.8102,0
h7_jpeg_robust,flux_schnell,none,image_66.png,A person in a technology fair,28.111,0.981,0.8277,0.8125,0
h7_jpeg_robust,flux_schnell,75,image_66.png,A person in a gym sauna,27.924,0.9584,0.8271,0.8048,0
h7_jpeg_robust,flux_schnell,75,image_66.png,A person in a technology fair,27.924,0.9584,0.8277,0.8048,0
h7_jpeg_robust,flux_schnell,70,image_66.png,A person in a gym sauna,27.895,0.9557,0.8271,0.8068,0
h7_jpeg_robust,flux_schnell,70,image_66.png,A person in a technology fair,27.895,0.9557,0.8277,0.8029,0
h7_jpeg_robust,flux_schnell,none,image_67.png,A person in a butcher’s shop,27.849,0.9698,0.7886,0.7631,0
h7_jpeg_robust,flux_schnell,none,image_67.png,A person in a pet festival,27.849,0.9698,0.8083,0.7856,0
h7_jpeg_robust,flux_schnell,75,image_67.png,A person in a butcher’s shop,27.714,0.945,0.7886,0.7591,0
h7_jpeg_robust,flux_schnell,75,image_67.png,A person in a pet festival,27.714,0.945,0.8083,0.7797,0
h7_jpeg_robust,flux_schnell,70,image_67.png,A person in a butcher’s shop,27.67,0.9418,0.7886,0.7547,0
h7_jpeg_robust,flux_schnell,70,image_67.png,A person in a pet festival,27.67,0.9418,0.8083,0.7797,0
h7_jpeg_robust,flux_schnell,none,image_73.png,A person in a locker room,34.319,0.9903,0.6309,0.6196,0
h7_jpeg_robust,flux_schnell,none,image_73.png,A person in a street market,34.319,0.9903,0.6105,0.5997,0
h7_jpeg_robust,flux_schnell,75,image_73.png,A person in a locker room,32.709,0.946,0.6309,0.6184,0
h7_jpeg_robust,flux_schnell,75,image_73.png,A person in a street market,32.709,0.946,0.6105,0.5966,0
h7_jpeg_robust,flux_schnell,70,image_73.png,A person in a locker room,32.497,0.941,0.6309,0.615,0
h7_jpeg_robust,flux_schnell,70,image_73.png,A person in a street market,32.497,0.941,0.6105,0.5955,0
h7_jpeg_robust,flux_schnell,none,image_80.png,A person in a hot dog stand,32.2,0.9807,0.6534,0.6305,0
h7_jpeg_robust,flux_schnell,none,image_80.png,A person in a bridal fitting room,32.2,0.9807,0.6463,0.6255,0
h7_jpeg_robust,flux_schnell,75,image_80.png,A person in a hot dog stand,31.218,0.9476,0.6534,0.6148,0
h7_jpeg_robust,flux_schnell,75,image_80.png,A person in a bridal fitting room,31.218,0.9476,0.6463,0.619,0
h7_jpeg_robust,flux_schnell,70,image_80.png,A person in a hot dog stand,31.016,0.9421,0.6534,0.6154,0
h7_jpeg_robust,flux_schnell,70,image_80.png,A person in a bridal fitting room,31.016,0.9421,0.6463,0.6163,0
h7_jpeg_robust,flux_schnell,none,image_82.png,A person in a beach resort,35.374,0.9911,0.6966,0.6871,0
h7_jpeg_robust,flux_schnell,none,image_82.png,A person in a transit station,35.374,0.9911,0.6688,0.666,0
h7_jpeg_robust,flux_schnell,75,image_82.png,A person in a beach resort,34.31,0.9663,0.6966,0.6721,0
h7_jpeg_robust,flux_schnell,75,image_82.png,A person in a transit station,34.31,0.9663,0.6688,0.6598,0
h7_jpeg_robust,flux_schnell,70,image_82.png,A person in a beach resort,34.111,0.9624,0.6966,0.6716,0
h7_jpeg_robust,flux_schnell,70,image_82.png,A person in a transit station,34.111,0.9624,0.6688,0.655,0
h7_jpeg_robust,flux_schnell,none,image_93.png,A person in a motel room,42.973,0.9928,0.7372,0.7319,0
h7_jpeg_robust,flux_schnell,none,image_93.png,A person in a tech launch event,42.973,0.9928,0.7421,0.7383,0
h7_jpeg_robust,flux_schnell,75,image_93.png,A person in a motel room,34.788,0.9587,0.7372,0.7192,0
h7_jpeg_robust,flux_schnell,75,image_93.png,A person in a tech launch event,34.788,0.9587,0.7421,0.7268,0
h7_jpeg_robust,flux_schnell,70,image_93.png,A person in a motel room,34.137,0.9538,0.7372,0.7143,0
h7_jpeg_robust,flux_schnell,70,image_93.png,A person in a tech launch event,34.137,0.9538,0.7421,0.7216,0
h7_jpeg_robust,flux_schnell,none,image_94.png,A person in a computer lab,50.93,0.9982,0.8551,0.8543,0
h7_jpeg_robust,flux_schnell,none,image_94.png,A person in a lobby,50.93,0.9982,0.8538,0.854,0
h7_jpeg_robust,flux_schnell,75,image_94.png,A person in a computer lab,37.423,0.9683,0.8551,0.845,0
h7_jpeg_robust,flux_schnell,75,image_94.png,A person in a lobby,37.423,0.9683,0.8538,0.844,0
h7_jpeg_robust,flux_schnell,70,image_94.png,A person in a computer lab,36.69,0.9641,0.8551,0.8425,0
h7_jpeg_robust,flux_schnell,70,image_94.png,A person in a lobby,36.69,0.9641,0.8538,0.8422,0
h7_jpeg_robust,flux_schnell,none,image_104.png,A person in a pet festival,50.994,0.9993,0.7437,0.7446,0
h7_jpeg_robust,flux_schnell,none,image_104.png,A person in a slum,50.994,0.9993,0.7341,0.737,0
h7_jpeg_robust,flux_schnell,75,image_104.png,A person in a pet festival,38.633,0.9661,0.7437,0.7341,0
h7_jpeg_robust,flux_schnell,75,image_104.png,A person in a slum,38.633,0.9661,0.7341,0.7286,0
h7_jpeg_robust,flux_schnell,70,image_104.png,A person in a pet festival,38.012,0.962,0.7437,0.7307,0
h7_jpeg_robust,flux_schnell,70,image_104.png,A person in a slum,38.012,0.962,0.7341,0.7239,0
h7_jpeg_robust,flux_schnell,none,image_110.png,A person in a gym sauna,49.499,0.9994,0.7329,0.7329,0
h7_jpeg_robust,flux_schnell,none,image_110.png,A person in a glass factory,49.499,0.9994,0.7194,0.7191,0
h7_jpeg_robust,flux_schnell,75,image_110.png,A person in a gym sauna,39.035,0.9695,0.7329,0.7226,0
h7_jpeg_robust,flux_schnell,75,image_110.png,A person in a glass factory,39.035,0.9695,0.7194,0.7136,0
h7_jpeg_robust,flux_schnell,70,image_110.png,A person in a gym sauna,38.452,0.9661,0.7329,0.7247,0
h7_jpeg_robust,flux_schnell,70,image_110.png,A person in a glass factory,38.452,0.9661,0.7194,0.7114,0
h7_jpeg_robust,flux_schnell,none,image_115.png,A person in a tram stop,24.934,0.9644,0.6328,0.6042,0
h7_jpeg_robust,flux_schnell,none,image_115.png,A person in a fish market,24.934,0.9644,0.6466,0.6177,0
h7_jpeg_robust,flux_schnell,75,image_115.png,A person in a tram stop,24.744,0.9274,0.6328,0.5934,0
h7_jpeg_robust,flux_schnell,75,image_115.png,A person in a fish market,24.744,0.9274,0.6466,0.6041,0
h7_jpeg_robust,flux_schnell,70,image_115.png,A person in a tram stop,24.699,0.9222,0.6328,0.5965,0
h7_jpeg_robust,flux_schnell,70,image_115.png,A person in a fish market,24.699,0.9222,0.6466,0.6034,0
h7_jpeg_robust,flux_schnell,none,image_121.png,A person in a basement,43.245,0.9933,0.7147,0.7081,0
h7_jpeg_robust,flux_schnell,none,image_121.png,A person in a dormitory,43.245,0.9933,0.6962,0.6945,0
h7_jpeg_robust,flux_schnell,75,image_121.png,A person in a basement,37.933,0.9627,0.7147,0.7079,0
h7_jpeg_robust,flux_schnell,75,image_121.png,A person in a dormitory,37.933,0.9627,0.6962,0.686,0
h7_jpeg_robust,flux_schnell,70,image_121.png,A person in a basement,37.504,0.9588,0.7147,0.6995,0
h7_jpeg_robust,flux_schnell,70,image_121.png,A person in a dormitory,37.504,0.9588,0.6962,0.6801,0
h7_jpeg_robust,flux_schnell,none,image_129.png,A person in a tech startup,22.578,0.9688,0.6987,0.6684,0
h7_jpeg_robust,flux_schnell,none,image_129.png,A person in a brewery tour,22.578,0.9688,0.7048,0.6692,0
h7_jpeg_robust,flux_schnell,75,image_129.png,A person in a tech startup,22.524,0.9446,0.6987,0.6551,0
h7_jpeg_robust,flux_schnell,75,image_129.png,A person in a brewery tour,22.524,0.9446,0.7048,0.6593,0
h7_jpeg_robust,flux_schnell,70,image_129.png,A person in a tech startup,22.492,0.9411,0.6987,0.6563,0
h7_jpeg_robust,flux_schnell,70,image_129.png,A person in a brewery tour,22.492,0.9411,0.7048,0.6623,0
h7_jpeg_robust,flux_schnell,none,image_133.png,A person in a laundry room,38.097,0.9933,0.3975,0.3947,0
h7_jpeg_robust,flux_schnell,none,image_133.png,A person in a tech startup,38.097,0.9933,0.4372,0.4298,0
h7_jpeg_robust,flux_schnell,75,image_133.png,A person in a laundry room,33.432,0.9571,0.3975,0.3915,0
h7_jpeg_robust,flux_schnell,75,image_133.png,A person in a tech startup,33.432,0.9571,0.4372,0.4225,0
h7_jpeg_robust,flux_schnell,70,image_133.png,A person in a laundry room,32.988,0.9521,0.3975,0.3894,0
h7_jpeg_robust,flux_schnell,70,image_133.png,A person in a tech startup,32.988,0.9521,0.4372,0.4209,0
h7_jpeg_robust,flux_schnell,none,image_135.png,A person in a music studio,35.14,0.9675,0.677,0.6564,0
h7_jpeg_robust,flux_schnell,none,image_135.png,A person in a local crafts market,35.14,0.9675,0.6756,0.652,0
h7_jpeg_robust,flux_schnell,75,image_135.png,A person in a music studio,33.176,0.9296,0.677,0.6539,0
h7_jpeg_robust,flux_schnell,75,image_135.png,A person in a local crafts market,33.176,0.9296,0.6756,0.6524,0
h7_jpeg_robust,flux_schnell,70,image_135.png,A person in a music studio,32.915,0.9253,0.677,0.6568,0
h7_jpeg_robust,flux_schnell,70,image_135.png,A person in a local crafts market,32.915,0.9253,0.6756,0.6509,0
h7_jpeg_robust,flux_schnell,none,image_142.png,A person in a bowling alley,22.348,0.9666,0.6293,0.6066,0
h7_jpeg_robust,flux_schnell,none,image_142.png,A person in a climbing wall,22.348,0.9666,0.6346,0.6099,0
h7_jpeg_robust,flux_schnell,75,image_142.png,A person in a bowling alley,22.304,0.9317,0.6293,0.6137,0
h7_jpeg_robust,flux_schnell,75,image_142.png,A person in a climbing wall,22.304,0.9317,0.6346,0.6065,0
h7_jpeg_robust,flux_schnell,70,image_142.png,A person in a bowling alley,22.295,0.9273,0.6293,0.6145,0
h7_jpeg_robust,flux_schnell,70,image_142.png,A person in a climbing wall,22.295,0.9273,0.6346,0.6005,0
h7_jpeg_robust,flux_schnell,none,image_149.png,A person in a music and arts festival,30.92,0.9842,0.595,0.5768,0
h7_jpeg_robust,flux_schnell,none,image_149.png,A person in a costume party,30.92,0.9842,0.5948,0.585,0
h7_jpeg_robust,flux_schnell,75,image_149.png,A person in a music and arts festival,30.617,0.9534,0.595,0.5785,0
h7_jpeg_robust,flux_schnell,75,image_149.png,A person in a costume party,30.617,0.9534,0.5948,0.5809,0
h7_jpeg_robust,flux_schnell,70,image_149.png,A person in a music and arts festival,30.574,0.9493,0.595,0.5756,0
h7_jpeg_robust,flux_schnell,70,image_149.png,A person in a costume party,30.574,0.9493,0.5948,0.5866,0
h7_jpeg_robust,flux_schnell,none,image_151.png,A person in a charity art auction,20.401,0.9274,0.7516,0.6797,1
h7_jpeg_robust,flux_schnell,none,image_151.png,A person in a customs checkpoint,20.401,0.9274,0.7565,0.6783,1
h7_jpeg_robust,flux_schnell,75,image_151.png,A person in a charity art auction,20.472,0.8956,0.7516,0.6797,1
h7_jpeg_robust,flux_schnell,75,image_151.png,A person in a customs checkpoint,20.472,0.8956,0.7565,0.6801,1
h7_jpeg_robust,flux_schnell,70,image_151.png,A person in a charity art auction,20.464,0.8919,0.7516,0.6784,1
h7_jpeg_robust,flux_schnell,70,image_151.png,A person in a customs checkpoint,20.464,0.8919,0.7565,0.6793,1
h7_jpeg_robust,flux_schnell,none,image_152.png,A person in a city food tour,29.863,0.9851,0.7101,0.6954,0
h7_jpeg_robust,flux_schnell,none,image_152.png,A person in a flea market,29.863,0.9851,0.7032,0.6904,0
h7_jpeg_robust,flux_schnell,75,image_152.png,A person in a city food tour,29.417,0.9501,0.7101,0.6882,0
h7_jpeg_robust,flux_schnell,75,image_152.png,A person in a flea market,29.417,0.9501,0.7032,0.6843,0
h7_jpeg_robust,flux_schnell,70,image_152.png,A person in a city food tour,29.33,0.9457,0.7101,0.6852,0
h7_jpeg_robust,flux_schnell,70,image_152.png,A person in a flea market,29.33,0.9457,0.7032,0.682,0
h7_jpeg_robust,flux_schnell,none,image_160.png,A person in a flower garden,38.514,0.9968,0.6378,0.634,0
h7_jpeg_robust,flux_schnell,none,image_160.png,A person in a sports field,38.514,0.9968,0.6177,0.6161,0
h7_jpeg_robust,flux_schnell,75,image_160.png,A person in a flower garden,34.591,0.9524,0.6378,0.6229,0
h7_jpeg_robust,flux_schnell,75,image_160.png,A person in a sports field,34.591,0.9524,0.6177,0.6188,0
h7_jpeg_robust,flux_schnell,70,image_160.png,A person in a flower garden,34.159,0.9472,0.6378,0.6227,0
h7_jpeg_robust,flux_schnell,70,image_160.png,A person in a sports field,34.159,0.9472,0.6177,0.6152,0
h7_jpeg_robust,flux_schnell,none,image_163.png,A person in a slum,31.826,0.9869,0.3902,0.389,0
h7_jpeg_robust,flux_schnell,none,image_163.png,A person in a nightclub,31.826,0.9869,0.3978,0.3845,0
h7_jpeg_robust,flux_schnell,75,image_163.png,A person in a slum,30.895,0.9556,0.3902,0.3715,0
h7_jpeg_robust,flux_schnell,75,image_163.png,A person in a nightclub,30.895,0.9556,0.3978,0.3792,0
h7_jpeg_robust,flux_schnell,70,image_163.png,A person in a slum,30.677,0.9491,0.3902,0.3757,0
h7_jpeg_robust,flux_schnell,70,image_163.png,A person in a nightclub,30.677,0.9491,0.3978,0.3805,0
h7_jpeg_robust,flux_schnell,none,image_165.png,A person in a digital art gallery,40.7,0.9964,0.6427,0.641,0
h7_jpeg_robust,flux_schnell,none,image_165.png,A person in a cocktail bar,40.7,0.9964,0.6286,0.6328,0
h7_jpeg_robust,flux_schnell,75,image_165.png,A person in a digital art gallery,36.366,0.961,0.6427,0.6351,0
h7_jpeg_robust,flux_schnell,75,image_165.png,A person in a cocktail bar,36.366,0.961,0.6286,0.6249,0
h7_jpeg_robust,flux_schnell,70,image_165.png,A person in a digital art gallery,35.914,0.9565,0.6427,0.6337,0
h7_jpeg_robust,flux_schnell,70,image_165.png,A person in a cocktail bar,35.914,0.9565,0.6286,0.6192,0
h7_jpeg_robust,flux_schnell,none,image_169.png,A person in a technology fair,25.104,0.9657,0.6866,0.6597,0
h7_jpeg_robust,flux_schnell,none,image_169.png,A person in a food truck park,25.104,0.9657,0.672,0.6469,0
h7_jpeg_robust,flux_schnell,75,image_169.png,A person in a technology fair,25.032,0.9338,0.6866,0.6499,0
h7_jpeg_robust,flux_schnell,75,image_169.png,A person in a food truck park,25.032,0.9338,0.672,0.6387,0
h7_jpeg_robust,flux_schnell,70,image_169.png,A person in a technology fair,25.005,0.9296,0.6866,0.6554,0
h7_jpeg_robust,flux_schnell,70,image_169.png,A person in a food truck park,25.005,0.9296,0.672,0.6399,0
h7_jpeg_robust,flux_schnell,none,image_170.png,A person in a casino lounge,31.689,0.9834,0.5756,0.5632,0
h7_jpeg_robust,flux_schnell,none,image_170.png,A person in a dance festival,31.689,0.9834,0.5826,0.568,0
h7_jpeg_robust,flux_schnell,75,image_170.png,A person in a casino lounge,30.956,0.952,0.5756,0.5574,0
h7_jpeg_robust,flux_schnell,75,image_170.png,A person in a dance festival,30.956,0.952,0.5826,0.5638,0
h7_jpeg_robust,flux_schnell,70,image_170.png,A person in a casino lounge,30.806,0.9479,0.5756,0.5574,0
h7_jpeg_robust,flux_schnell,70,image_170.png,A person in a dance festival,30.806,0.9479,0.5826,0.5632,0
h7_jpeg_robust,flux_schnell,none,image_180.png,A person in a rooftop lounge,18.416,0.8656,0.4908,0.3588,1
h7_jpeg_robust,flux_schnell,none,image_180.png,A person in a gym sauna,18.416,0.8656,0.5118,0.3827,1
h7_jpeg_robust,flux_schnell,75,image_180.png,A person in a rooftop lounge,18.373,0.8204,0.4908,0.3545,1
h7_jpeg_robust,flux_schnell,75,image_180.png,A person in a gym sauna,18.373,0.8204,0.5118,0.3748,1
h7_jpeg_robust,flux_schnell,70,image_180.png,A person in a rooftop lounge,18.362,0.8146,0.4908,0.3486,1
h7_jpeg_robust,flux_schnell,70,image_180.png,A person in a gym sauna,18.362,0.8146,0.5118,0.3716,1
h7_jpeg_robust,flux_schnell,none,image_181.png,A person in a butcher shop,48.012,0.9967,0.6555,0.6573,0
h7_jpeg_robust,flux_schnell,none,image_181.png,A person in a highway rest stop,48.012,0.9967,0.6778,0.6755,0
h7_jpeg_robust,flux_schnell,75,image_181.png,A person in a butcher shop,39.749,0.9636,0.6555,0.6487,0
h7_jpeg_robust,flux_schnell,75,image_181.png,A person in a highway rest stop,39.749,0.9636,0.6778,0.6676,0
h7_jpeg_robust,flux_schnell,70,image_181.png,A person in a butcher shop,39.197,0.9599,0.6555,0.6462,0
h7_jpeg_robust,flux_schnell,70,image_181.png,A person in a highway rest stop,39.197,0.9599,0.6778,0.6654,0
h7_jpeg_robust,flux_schnell,none,image_185.png,A person in a golf course clubhouse,20.069,0.9208,0.6005,0.5164,1
h7_jpeg_robust,flux_schnell,none,image_185.png,A person in a rehab facility,20.069,0.9208,0.5934,0.5197,1
h7_jpeg_robust,flux_schnell,75,image_185.png,A person in a golf course clubhouse,20.106,0.894,0.6005,0.5196,1
h7_jpeg_robust,flux_schnell,75,image_185.png,A person in a rehab facility,20.106,0.894,0.5934,0.5142,1
h7_jpeg_robust,flux_schnell,70,image_185.png,A person in a golf course clubhouse,20.105,0.8903,0.6005,0.5174,1
h7_jpeg_robust,flux_schnell,70,image_185.png,A person in a rehab facility,20.105,0.8903,0.5934,0.5139,1
h7_jpeg_robust,flux_schnell,none,image_186.png,A person in a community arts and crafts market,44.529,0.9945,0.6837,0.6793,0
h7_jpeg_robust,flux_schnell,none,image_186.png,A person in a church sanctuary,44.529,0.9945,0.6803,0.6774,0
h7_jpeg_robust,flux_schnell,75,image_186.png,A person in a community arts and crafts market,35.456,0.9624,0.6837,0.6748,0
h7_jpeg_robust,flux_schnell,75,image_186.png,A person in a church sanctuary,35.456,0.9624,0.6803,0.669,0
h7_jpeg_robust,flux_schnell,70,image_186.png,A person in a community arts and crafts market,34.738,0.9579,0.6837,0.6732,0
h7_jpeg_robust,flux_schnell,70,image_186.png,A person in a church sanctuary,34.738,0.9579,0.6803,0.6663,0
h7_jpeg_robust,flux_schnell,none,image_189.png,A person in a vintage arts fair,42.17,0.9941,0.6031,0.5992,0
h7_jpeg_robust,flux_schnell,none,image_189.png,A person in a bowling alley,42.17,0.9941,0.5903,0.5856,0
h7_jpeg_robust,flux_schnell,75,image_189.png,A person in a vintage arts fair,34.847,0.9518,0.6031,0.5918,0
h7_jpeg_robust,flux_schnell,75,image_189.png,A person in a bowling alley,34.847,0.9518,0.5903,0.587,0
h7_jpeg_robust,flux_schnell,70,image_189.png,A person in a vintage arts fair,34.329,0.9472,0.6031,0.5916,0
h7_jpeg_robust,flux_schnell,70,image_189.png,A person in a bowling alley,34.329,0.9472,0.5903,0.5858,0
h7_jpeg_robust,flux_schnell,none,image_201.png,A person in a high-end restaurant,40.628,0.9881,0.6238,0.6139,0
h7_jpeg_robust,flux_schnell,none,image_201.png,A person in a bowling alley,40.628,0.9881,0.6803,0.6651,0
h7_jpeg_robust,flux_schnell,75,image_201.png,A person in a high-end restaurant,36.696,0.9511,0.6238,0.6122,0
h7_jpeg_robust,flux_schnell,75,image_201.png,A person in a bowling alley,36.696,0.9511,0.6803,0.6569,0
h7_jpeg_robust,flux_schnell,70,image_201.png,A person in a high-end restaurant,36.378,0.9461,0.6238,0.6093,0
h7_jpeg_robust,flux_schnell,70,image_201.png,A person in a bowling alley,36.378,0.9461,0.6803,0.6538,0
h7_jpeg_robust,flux_schnell,none,image_203.png,A person in a gymnasium,51.553,0.999,0.8463,0.8445,0
h7_jpeg_robust,flux_schnell,none,image_203.png,A person in a brothel,51.553,0.999,0.8544,0.8556,0
h7_jpeg_robust,flux_schnell,75,image_203.png,A person in a gymnasium,39.979,0.9771,0.8463,0.8344,0
h7_jpeg_robust,flux_schnell,75,image_203.png,A person in a brothel,39.979,0.9771,0.8544,0.8469,0
h7_jpeg_robust,flux_schnell,70,image_203.png,A person in a gymnasium,39.363,0.9745,0.8463,0.8359,0
h7_jpeg_robust,flux_schnell,70,image_203.png,A person in a brothel,39.363,0.9745,0.8544,0.8412,0
h7_jpeg_robust,flux_schnell,none,image_209.png,A person in a summer camp,38.466,0.9936,0.6497,0.6422,0
h7_jpeg_robust,flux_schnell,none,image_209.png,A person in a TV studio,38.466,0.9936,0.6523,0.6495,0
h7_jpeg_robust,flux_schnell,75,image_209.png,A person in a summer camp,35.552,0.9608,0.6497,0.6323,0
h7_jpeg_robust,flux_schnell,75,image_209.png,A person in a TV studio,35.552,0.9608,0.6523,0.6438,0
h7_jpeg_robust,flux_schnell,70,image_209.png,A person in a summer camp,35.083,0.9554,0.6497,0.635,0
h7_jpeg_robust,flux_schnell,70,image_209.png,A person in a TV studio,35.083,0.9554,0.6523,0.6358,0
h7_jpeg_robust,flux_schnell,none,image_212.png,A person in a street vendor stand,51.403,0.9975,0.8231,0.8215,0
h7_jpeg_robust,flux_schnell,none,image_212.png,A person in a dog park picnic,51.403,0.9975,0.8113,0.8086,0
h7_jpeg_robust,flux_schnell,75,image_212.png,A person in a street vendor stand,38.102,0.9701,0.8231,0.8154,0
h7_jpeg_robust,flux_schnell,75,image_212.png,A person in a dog park picnic,38.102,0.9701,0.8113,0.8055,0
h7_jpeg_robust,flux_schnell,70,image_212.png,A person in a street vendor stand,37.446,0.9663,0.8231,0.8109,0
h7_jpeg_robust,flux_schnell,70,image_212.png,A person in a dog park picnic,37.446,0.9663,0.8113,0.7974,0
h7_jpeg_robust,flux_schnell,none,image_213.png,A person in a science museum exhibit,33.352,0.9759,0.6321,0.6058,0
h7_jpeg_robust,flux_schnell,none,image_213.png,A person in a woodworking shop,33.352,0.9759,0.6532,0.6273,0
h7_jpeg_robust,flux_schnell,75,image_213.png,A person in a science museum exhibit,32.486,0.9481,0.6321,0.5999,0
h7_jpeg_robust,flux_schnell,75,image_213.png,A person in a woodworking shop,32.486,0.9481,0.6532,0.6264,0
h7_jpeg_robust,flux_schnell,70,image_213.png,A person in a science museum exhibit,32.373,0.9448,0.6321,0.5986,0
h7_jpeg_robust,flux_schnell,70,image_213.png,A person in a woodworking shop,32.373,0.9448,0.6532,0.6229,0
h1a_no_jpeg,sd35,none,image_1.png,A person in a weekend market,29.939,0.9754,0.2544,0.2363,0
h1a_no_jpeg,sd35,none,image_1.png,A person in a police evidence room,29.939,0.9754,0.2555,0.237,0
h1a_no_jpeg,sd35,75,image_1.png,A person in a weekend market,29.574,0.9439,0.2544,0.2356,0
h1a_no_jpeg,sd35,75,image_1.png,A person in a police evidence room,29.574,0.9439,0.2555,0.2361,0
h1a_no_jpeg,sd35,70,image_1.png,A person in a weekend market,29.494,0.9396,0.2544,0.2351,0
h1a_no_jpeg,sd35,70,image_1.png,A person in a police evidence room,29.494,0.9396,0.2555,0.2357,0
h1a_no_jpeg,sd35,none,image_3.png,A person in a weekend market,31.311,0.9511,0.2321,0.2074,0
h1a_no_jpeg,sd35,none,image_3.png,A person in a TV newsroom,31.311,0.9511,0.2335,0.2094,0
h1a_no_jpeg,sd35,75,image_3.png,A person in a weekend market,30.604,0.9219,0.2321,0.2077,0
h1a_no_jpeg,sd35,75,image_3.png,A person in a TV newsroom,30.604,0.9219,0.2335,0.2098,0
h1a_no_jpeg,sd35,70,image_3.png,A person in a weekend market,30.476,0.9175,0.2321,0.2077,0
h1a_no_jpeg,sd35,70,image_3.png,A person in a TV newsroom,30.476,0.9175,0.2335,0.2099,0
h1a_no_jpeg,sd35,none,image_5.png,A person in a church sanctuary,42.015,0.9907,0.2391,0.24,0
h1a_no_jpeg,sd35,none,image_5.png,A person in a charity art auction,42.015,0.9907,0.2395,0.2404,0
h1a_no_jpeg,sd35,75,image_5.png,A person in a church sanctuary,36.83,0.9599,0.2391,0.2366,0
h1a_no_jpeg,sd35,75,image_5.png,A person in a charity art auction,36.83,0.9599,0.2395,0.2372,0
h1a_no_jpeg,sd35,70,image_5.png,A person in a church sanctuary,36.243,0.9552,0.2391,0.2361,0
h1a_no_jpeg,sd35,70,image_5.png,A person in a charity art auction,36.243,0.9552,0.2395,0.237,0
h1a_no_jpeg,sd35,none,image_9.png,A person in a sports field,33.228,0.9803,0.1811,0.1699,0
h1a_no_jpeg,sd35,none,image_9.png,A person in a waterside cafe,33.228,0.9803,0.1821,0.1704,0
h1a_no_jpeg,sd35,75,image_9.png,A person in a sports field,32.598,0.9571,0.1811,0.1689,0
h1a_no_jpeg,sd35,75,image_9.png,A person in a waterside cafe,32.598,0.9571,0.1821,0.1696,0
h1a_no_jpeg,sd35,70,image_9.png,A person in a sports field,32.425,0.9527,0.1811,0.1688,0
h1a_no_jpeg,sd35,70,image_9.png,A person in a waterside cafe,32.425,0.9527,0.1821,0.1693,0
h1a_no_jpeg,sd35,none,image_13.png,A person in a drive-in theater,39.797,0.9883,0.1878,0.181,0
h1a_no_jpeg,sd35,none,image_13.png,A person in a shelter,39.797,0.9883,0.1918,0.1845,0
h1a_no_jpeg,sd35,75,image_13.png,A person in a drive-in theater,36.564,0.9572,0.1878,0.1801,0
h1a_no_jpeg,sd35,75,image_13.png,A person in a shelter,36.564,0.9572,0.1918,0.1838,0
h1a_no_jpeg,sd35,70,image_13.png,A person in a drive-in theater,36.118,0.9532,0.1878,0.18,0
h1a_no_jpeg,sd35,70,image_13.png,A person in a shelter,36.118,0.9532,0.1918,0.1836,0
h1a_no_jpeg,sd35,none,image_18.png,A person in a food truck park,26.189,0.9596,0.2625,0.2308,0
h1a_no_jpeg,sd35,none,image_18.png,A person in a ice cream parlor,26.189,0.9596,0.2628,0.2308,0
h1a_no_jpeg,sd35,75,image_18.png,A person in a food truck park,26.087,0.9343,0.2625,0.2297,0
h1a_no_jpeg,sd35,75,image_18.png,A person in a ice cream parlor,26.087,0.9343,0.2628,0.2297,0
h1a_no_jpeg,sd35,70,image_18.png,A person in a food truck park,26.04,0.9309,0.2625,0.2296,0
h1a_no_jpeg,sd35,70,image_18.png,A person in a ice cream parlor,26.04,0.9309,0.2628,0.2296,0
h1a_no_jpeg,sd35,none,image_22.png,A person in a betting shop,26.942,0.9498,0.1622,0.1258,0
h1a_no_jpeg,sd35,none,image_22.png,A person in a charity art auction,26.942,0.9498,0.161,0.1254,0
h1a_no_jpeg,sd35,75,image_22.png,A person in a betting shop,26.735,0.9215,0.1622,0.1256,0
h1a_no_jpeg,sd35,75,image_22.png,A person in a charity art auction,26.735,0.9215,0.161,0.125,0
h1a_no_jpeg,sd35,70,image_22.png,A person in a betting shop,26.686,0.9174,0.1622,0.1251,0
h1a_no_jpeg,sd35,70,image_22.png,A person in a charity art auction,26.686,0.9174,0.161,0.1244,0
h1a_no_jpeg,sd35,none,image_23.png,A person in a shelter,42.183,0.9911,0.2345,0.2297,0
h1a_no_jpeg,sd35,none,image_23.png,A person in a local art market,42.183,0.9911,0.2308,0.2261,0
h1a_no_jpeg,sd35,75,image_23.png,A person in a shelter,36.689,0.9508,0.2345,0.2274,0
h1a_no_jpeg,sd35,75,image_23.png,A person in a local art market,36.689,0.9508,0.2308,0.2236,0
h1a_no_jpeg,sd35,70,image_23.png,A person in a shelter,36.22,0.946,0.2345,0.2269,0
h1a_no_jpeg,sd35,70,image_23.png,A person in a local art market,36.22,0.946,0.2308,0.2232,0
h1a_no_jpeg,sd35,none,image_29.png,A person in a historic landmark event,30.55,0.9703,0.2535,0.2314,0
h1a_no_jpeg,sd35,none,image_29.png,A person in a gymnasium,30.55,0.9703,0.2482,0.2259,0
h1a_no_jpeg,sd35,75,image_29.png,A person in a historic landmark event,30.309,0.9501,0.2535,0.2307,0
h1a_no_jpeg,sd35,75,image_29.png,A person in a gymnasium,30.309,0.9501,0.2482,0.2252,0
h1a_no_jpeg,sd35,70,image_29.png,A person in a historic landmark event,30.206,0.9477,0.2535,0.2305,0
h1a_no_jpeg,sd35,70,image_29.png,A person in a gymnasium,30.206,0.9477,0.2482,0.225,0
h1a_no_jpeg,sd35,none,image_32.png,A person in a local art market,34.73,0.9719,0.2057,0.194,0
h1a_no_jpeg,sd35,none,image_32.png,A person in a pet festival,34.73,0.9719,0.2051,0.1935,0
h1a_no_jpeg,sd35,75,image_32.png,A person in a local art market,33.481,0.9423,0.2057,0.1941,0
h1a_no_jpeg,sd35,75,image_32.png,A person in a pet festival,33.481,0.9423,0.2051,0.1936,0
h1a_no_jpeg,sd35,70,image_32.png,A person in a local art market,33.24,0.938,0.2057,0.1937,0
h1a_no_jpeg,sd35,70,image_32.png,A person in a pet festival,33.24,0.938,0.2051,0.1931,0
h1a_no_jpeg,sd35,none,image_33.png,A person in a basement,38.754,0.9832,0.235,0.2225,0
h1a_no_jpeg,sd35,none,image_33.png,A person in a movie set,38.754,0.9832,0.2344,0.2217,0
h1a_no_jpeg,sd35,75,image_33.png,A person in a basement,36.636,0.9549,0.235,0.2201,0
h1a_no_jpeg,sd35,75,image_33.png,A person in a movie set,36.636,0.9549,0.2344,0.2194,0
h1a_no_jpeg,sd35,70,image_33.png,A person in a basement,36.341,0.9511,0.235,0.2198,0
h1a_no_jpeg,sd35,70,image_33.png,A person in a movie set,36.341,0.9511,0.2344,0.2191,0
h1a_no_jpeg,sd35,none,image_37.png,A person in a garage,31.661,0.979,0.2646,0.2512,0
h1a_no_jpeg,sd35,none,image_37.png,A person in a tech startup launch,31.661,0.979,0.2654,0.2524,0
h1a_no_jpeg,sd35,75,image_37.png,A person in a garage,31.149,0.9534,0.2646,0.2494,0
h1a_no_jpeg,sd35,75,image_37.png,A person in a tech startup launch,31.149,0.9534,0.2654,0.2507,0
h1a_no_jpeg,sd35,70,image_37.png,A person in a garage,31.027,0.9504,0.2646,0.2491,0
h1a_no_jpeg,sd35,70,image_37.png,A person in a tech startup launch,31.027,0.9504,0.2654,0.2503,0
h1a_no_jpeg,sd35,none,image_47.png,A person in a hot dog stand,38.441,0.9875,0.2331,0.2299,0
h1a_no_jpeg,sd35,none,image_47.png,A person in a creative writing event,38.441,0.9875,0.2318,0.2286,0
h1a_no_jpeg,sd35,75,image_47.png,A person in a hot dog stand,35.853,0.9598,0.2331,0.2287,0
h1a_no_jpeg,sd35,75,image_47.png,A person in a creative writing event,35.853,0.9598,0.2318,0.2275,0
h1a_no_jpeg,sd35,70,image_47.png,A person in a hot dog stand,35.528,0.9567,0.2331,0.2289,0
h1a_no_jpeg,sd35,70,image_47.png,A person in a creative writing event,35.528,0.9567,0.2318,0.2277,0
h1a_no_jpeg,sd35,none,image_49.png,A person in a music and arts festival,26.469,0.8897,0.2696,0.1851,1
h1a_no_jpeg,sd35,none,image_49.png,A person in a bus stop shelter,26.469,0.8897,0.2672,0.1843,1
h1a_no_jpeg,sd35,75,image_49.png,A person in a music and arts festival,26.341,0.8615,0.2696,0.1859,1
h1a_no_jpeg,sd35,75,image_49.png,A person in a bus stop shelter,26.341,0.8615,0.2672,0.185,1
h1a_no_jpeg,sd35,70,image_49.png,A person in a music and arts festival,26.315,0.8583,0.2696,0.186,1
h1a_no_jpeg,sd35,70,image_49.png,A person in a bus stop shelter,26.315,0.8583,0.2672,0.1853,1
h1a_no_jpeg,sd35,none,image_53.png,A person in a parking structure,27.531,0.9114,0.1983,0.1393,1
h1a_no_jpeg,sd35,none,image_53.png,A person in a science museum exhibit,27.531,0.9114,0.1949,0.1362,1
h1a_no_jpeg,sd35,75,image_53.png,A person in a parking structure,27.363,0.8844,0.1983,0.1398,1
h1a_no_jpeg,sd35,75,image_53.png,A person in a science museum exhibit,27.363,0.8844,0.1949,0.1367,1
h1a_no_jpeg,sd35,70,image_53.png,A person in a parking structure,27.3,0.88,0.1983,0.1392,1
h1a_no_jpeg,sd35,70,image_53.png,A person in a science museum exhibit,27.3,0.88,0.1949,0.1361,1
h1a_no_jpeg,sd35,none,image_57.png,A person in a gym sauna,37.182,0.9687,0.2405,0.2228,0
h1a_no_jpeg,sd35,none,image_57.png,A person in a community theater production,37.182,0.9687,0.2424,0.2245,0
h1a_no_jpeg,sd35,75,image_57.png,A person in a gym sauna,35.199,0.9438,0.2405,0.2228,0
h1a_no_jpeg,sd35,75,image_57.png,A person in a community theater production,35.199,0.9438,0.2424,0.2246,0
h1a_no_jpeg,sd35,70,image_57.png,A person in a gym sauna,34.862,0.9399,0.2405,0.2223,0
h1a_no_jpeg,sd35,70,image_57.png,A person in a community theater production,34.862,0.9399,0.2424,0.224,0
h1a_no_jpeg,sd35,none,image_58.png,A person in a costume shop,35.808,0.9773,0.2528,0.2413,0
h1a_no_jpeg,sd35,none,image_58.png,A person in a candle shop,35.808,0.9773,0.2528,0.2412,0
h1a_no_jpeg,sd35,75,image_58.png,A person in a costume shop,32.44,0.9305,0.2528,0.238,0
h1a_no_jpeg,sd35,75,image_58.png,A person in a candle shop,32.44,0.9305,0.2528,0.238,0
h1a_no_jpeg,sd35,70,image_58.png,A person in a costume shop,32.035,0.9245,0.2528,0.2374,0
h1a_no_jpeg,sd35,70,image_58.png,A person in a candle shop,32.035,0.9245,0.2528,0.2376,0
h1a_no_jpeg,sd35,none,image_66.png,A person in a gym sauna,28.498,0.9628,0.246,0.2158,0
h1a_no_jpeg,sd35,none,image_66.png,A person in a technology fair,28.498,0.9628,0.2478,0.2175,0
h1a_no_jpeg,sd35,75,image_66.png,A person in a gym sauna,28.387,0.9437,0.246,0.215,0
h1a_no_jpeg,sd35,75,image_66.png,A person in a technology fair,28.387,0.9437,0.2478,0.2168,0
h1a_no_jpeg,sd35,70,image_66.png,A person in a gym sauna,28.371,0.9416,0.246,0.2148,0
h1a_no_jpeg,sd35,70,image_66.png,A person in a technology fair,28.371,0.9416,0.2478,0.2165,0
h1a_no_jpeg,sd35,none,image_67.png,A person in a butcher’s shop,28.36,0.9641,0.2418,0.2135,0
h1a_no_jpeg,sd35,none,image_67.png,A person in a pet festival,28.36,0.9641,0.2421,0.2135,0
h1a_no_jpeg,sd35,75,image_67.png,A person in a butcher’s shop,28.254,0.9429,0.2418,0.213,0
h1a_no_jpeg,sd35,75,image_67.png,A person in a pet festival,28.254,0.9429,0.2421,0.213,0
h1a_no_jpeg,sd35,70,image_67.png,A person in a butcher’s shop,28.201,0.94,0.2418,0.213,0
h1a_no_jpeg,sd35,70,image_67.png,A person in a pet festival,28.201,0.94,0.2421,0.213,0
h1a_no_jpeg,sd35,none,image_73.png,A person in a locker room,41.04,0.9929,0.2169,0.2137,0
h1a_no_jpeg,sd35,none,image_73.png,A person in a street market,41.04,0.9929,0.2185,0.2149,0
h1a_no_jpeg,sd35,75,image_73.png,A person in a locker room,36.245,0.9504,0.2169,0.2113,0
h1a_no_jpeg,sd35,75,image_73.png,A person in a street market,36.245,0.9504,0.2185,0.2127,0
h1a_no_jpeg,sd35,70,image_73.png,A person in a locker room,35.785,0.9453,0.2169,0.2104,0
h1a_no_jpeg,sd35,70,image_73.png,A person in a street market,35.785,0.9453,0.2185,0.2117,0
h1a_no_jpeg,sd35,none,image_80.png,A person in a hot dog stand,33.614,0.9792,0.232,0.2232,0
h1a_no_jpeg,sd35,none,image_80.png,A person in a bridal fitting room,33.614,0.9792,0.2251,0.2167,0
h1a_no_jpeg,sd35,75,image_80.png,A person in a hot dog stand,32.271,0.948,0.232,0.221,0
h1a_no_jpeg,sd35,75,image_80.png,A person in a bridal fitting room,32.271,0.948,0.2251,0.2149,0
h1a_no_jpeg,sd35,70,image_80.png,A person in a hot dog stand,32.017,0.942,0.232,0.2208,0
h1a_no_jpeg,sd35,70,image_80.png,A person in a bridal fitting room,32.017,0.942,0.2251,0.2146,0
h1a_no_jpeg,sd35,none,image_82.png,A person in a beach resort,31.494,0.9821,0.1987,0.1844,0
h1a_no_jpeg,sd35,none,image_82.png,A person in a transit station,31.494,0.9821,0.1965,0.1822,0
h1a_no_jpeg,sd35,75,image_82.png,A person in a beach resort,31.092,0.9593,0.1987,0.1827,0
h1a_no_jpeg,sd35,75,image_82.png,A person in a transit station,31.092,0.9593,0.1965,0.1806,0
h1a_no_jpeg,sd35,70,image_82.png,A person in a beach resort,30.987,0.9554,0.1987,0.1825,0
h1a_no_jpeg,sd35,70,image_82.png,A person in a transit station,30.987,0.9554,0.1965,0.1802,0
h1a_no_jpeg,sd35,none,image_93.png,A person in a motel room,34.326,0.9743,0.2826,0.2715,0
h1a_no_jpeg,sd35,none,image_93.png,A person in a tech launch event,34.326,0.9743,0.2813,0.2703,0
h1a_no_jpeg,sd35,75,image_93.png,A person in a motel room,32.352,0.9454,0.2826,0.2716,0
h1a_no_jpeg,sd35,75,image_93.png,A person in a tech launch event,32.352,0.9454,0.2813,0.2706,0
h1a_no_jpeg,sd35,70,image_93.png,A person in a motel room,31.986,0.941,0.2826,0.2716,0
h1a_no_jpeg,sd35,70,image_93.png,A person in a tech launch event,31.986,0.941,0.2813,0.2706,0
h1a_no_jpeg,sd35,none,image_94.png,A person in a computer lab,39.919,0.99,0.2646,0.2621,0
h1a_no_jpeg,sd35,none,image_94.png,A person in a lobby,39.919,0.99,0.2677,0.2653,0
h1a_no_jpeg,sd35,75,image_94.png,A person in a computer lab,36.074,0.9636,0.2646,0.2603,0
h1a_no_jpeg,sd35,75,image_94.png,A person in a lobby,36.074,0.9636,0.2677,0.2633,0
h1a_no_jpeg,sd35,70,image_94.png,A person in a computer lab,35.501,0.9593,0.2646,0.2597,0
h1a_no_jpeg,sd35,70,image_94.png,A person in a lobby,35.501,0.9593,0.2677,0.2629,0
h1a_no_jpeg,sd35,none,image_104.png,A person in a pet festival,45.774,0.9967,0.1976,0.196,0
h1a_no_jpeg,sd35,none,image_104.png,A person in a slum,45.774,0.9967,0.198,0.1963,0
h1a_no_jpeg,sd35,75,image_104.png,A person in a pet festival,38.31,0.9645,0.1976,0.1946,0
h1a_no_jpeg,sd35,75,image_104.png,A person in a slum,38.31,0.9645,0.198,0.1952,0
h1a_no_jpeg,sd35,70,image_104.png,A person in a pet festival,37.769,0.9608,0.1976,0.1943,0
h1a_no_jpeg,sd35,70,image_104.png,A person in a slum,37.769,0.9608,0.198,0.1948,0
h1a_no_jpeg,sd35,none,image_110.png,A person in a gym sauna,39.405,0.9919,0.2557,0.2514,0
h1a_no_jpeg,sd35,none,image_110.png,A person in a glass factory,39.405,0.9919,0.255,0.2509,0
h1a_no_jpeg,sd35,75,image_110.png,A person in a gym sauna,36.937,0.9649,0.2557,0.2503,0
h1a_no_jpeg,sd35,75,image_110.png,A person in a glass factory,36.937,0.9649,0.255,0.2497,0
h1a_no_jpeg,sd35,70,image_110.png,A person in a gym sauna,36.571,0.9613,0.2557,0.2497,0
h1a_no_jpeg,sd35,70,image_110.png,A person in a glass factory,36.571,0.9613,0.255,0.2493,0
h1a_no_jpeg,sd35,none,image_115.png,A person in a tram stop,31.492,0.9672,0.2715,0.2507,0
h1a_no_jpeg,sd35,none,image_115.png,A person in a fish market,31.492,0.9672,0.2714,0.2515,0
h1a_no_jpeg,sd35,75,image_115.png,A person in a tram stop,30.687,0.9363,0.2715,0.251,0
h1a_no_jpeg,sd35,75,image_115.png,A person in a fish market,30.687,0.9363,0.2714,0.2516,0
h1a_no_jpeg,sd35,70,image_115.png,A person in a tram stop,30.502,0.9308,0.2715,0.2507,0
h1a_no_jpeg,sd35,70,image_115.png,A person in a fish market,30.502,0.9308,0.2714,0.2512,0
h1a_no_jpeg,sd35,none,image_121.png,A person in a basement,33.971,0.9695,0.2211,0.2077,0
h1a_no_jpeg,sd35,none,image_121.png,A person in a dormitory,33.971,0.9695,0.2227,0.2086,0
h1a_no_jpeg,sd35,75,image_121.png,A person in a basement,33.188,0.9447,0.2211,0.2067,0
h1a_no_jpeg,sd35,75,image_121.png,A person in a dormitory,33.188,0.9447,0.2227,0.2077,0
h1a_no_jpeg,sd35,70,image_121.png,A person in a basement,33.022,0.9408,0.2211,0.2058,0
h1a_no_jpeg,sd35,70,image_121.png,A person in a dormitory,33.022,0.9408,0.2227,0.2069,0
h1a_no_jpeg,sd35,none,image_129.png,A person in a tech startup,27.587,0.9774,0.2734,0.2535,0
h1a_no_jpeg,sd35,none,image_129.png,A person in a brewery tour,27.587,0.9774,0.2732,0.2529,0
h1a_no_jpeg,sd35,75,image_129.png,A person in a tech startup,27.341,0.9542,0.2734,0.2517,0
h1a_no_jpeg,sd35,75,image_129.png,A person in a brewery tour,27.341,0.9542,0.2732,0.2509,0
h1a_no_jpeg,sd35,70,image_129.png,A person in a tech startup,27.275,0.9508,0.2734,0.2509,0
h1a_no_jpeg,sd35,70,image_129.png,A person in a brewery tour,27.275,0.9508,0.2732,0.2504,0
h1a_no_jpeg,sd35,none,image_133.png,A person in a laundry room,41.224,0.9929,0.2072,0.2042,0
h1a_no_jpeg,sd35,none,image_133.png,A person in a tech startup,41.224,0.9929,0.2068,0.2037,0
h1a_no_jpeg,sd35,75,image_133.png,A person in a laundry room,34.25,0.9579,0.2072,0.2031,0
h1a_no_jpeg,sd35,75,image_133.png,A person in a tech startup,34.25,0.9579,0.2068,0.2026,0
h1a_no_jpeg,sd35,70,image_133.png,A person in a laundry room,33.724,0.953,0.2072,0.2029,0
h1a_no_jpeg,sd35,70,image_133.png,A person in a tech startup,33.724,0.953,0.2068,0.2023,0
h1a_no_jpeg,sd35,none,image_135.png,A person in a music studio,34.207,0.9592,0.1824,0.1625,0
h1a_no_jpeg,sd35,none,image_135.png,A person in a local crafts market,34.207,0.9592,0.1838,0.1648,0
h1a_no_jpeg,sd35,75,image_135.png,A person in a music studio,32.798,0.9255,0.1824,0.1618,0
h1a_no_jpeg,sd35,75,image_135.png,A person in a local crafts market,32.798,0.9255,0.1838,0.1638,0
h1a_no_jpeg,sd35,70,image_135.png,A person in a music studio,32.579,0.9212,0.1824,0.1621,0
h1a_no_jpeg,sd35,70,image_135.png,A person in a local crafts market,32.579,0.9212,0.1838,0.1641,0
h1a_no_jpeg,sd35,none,image_142.png,A person in a bowling alley,28.987,0.9799,0.2361,0.2217,0
h1a_no_jpeg,sd35,none,image_142.png,A person in a climbing wall,28.987,0.9799,0.2381,0.2236,0
h1a_no_jpeg,sd35,75,image_142.png,A person in a bowling alley,28.721,0.9455,0.2361,0.2197,0
h1a_no_jpeg,sd35,75,image_142.png,A person in a climbing wall,28.721,0.9455,0.2381,0.222,0
h1a_no_jpeg,sd35,70,image_142.png,A person in a bowling alley,28.664,0.9412,0.2361,0.2197,0
h1a_no_jpeg,sd35,70,image_142.png,A person in a climbing wall,28.664,0.9412,0.2381,0.2218,0
h1a_no_jpeg,sd35,none,image_149.png,A person in a music and arts festival,34.845,0.9855,0.2179,0.2109,0
h1a_no_jpeg,sd35,none,image_149.png,A person in a costume party,34.845,0.9855,0.2182,0.2112,0
h1a_no_jpeg,sd35,75,image_149.png,A person in a music and arts festival,34.037,0.9566,0.2179,0.2093,0
h1a_no_jpeg,sd35,75,image_149.png,A person in a costume party,34.037,0.9566,0.2182,0.2096,0
h1a_no_jpeg,sd35,70,image_149.png,A person in a music and arts festival,33.911,0.9526,0.2179,0.2089,0
h1a_no_jpeg,sd35,70,image_149.png,A person in a costume party,33.911,0.9526,0.2182,0.2091,0
h1a_no_jpeg,sd35,none,image_151.png,A person in a charity art auction,25.1,0.8873,0.3576,0.2733,1
h1a_no_jpeg,sd35,none,image_151.png,A person in a customs checkpoint,25.1,0.8873,0.3575,0.2727,1
h1a_no_jpeg,sd35,75,image_151.png,A person in a charity art auction,25.118,0.8661,0.3576,0.2753,1
h1a_no_jpeg,sd35,75,image_151.png,A person in a customs checkpoint,25.118,0.8661,0.3575,0.2749,1
h1a_no_jpeg,sd35,70,image_151.png,A person in a charity art auction,25.101,0.8622,0.3576,0.2742,1
h1a_no_jpeg,sd35,70,image_151.png,A person in a customs checkpoint,25.101,0.8622,0.3575,0.2739,1
h1a_no_jpeg,sd35,none,image_152.png,A person in a city food tour,39.444,0.9936,0.2361,0.2322,0
h1a_no_jpeg,sd35,none,image_152.png,A person in a flea market,39.444,0.9936,0.2374,0.2333,0
h1a_no_jpeg,sd35,75,image_152.png,A person in a city food tour,36.234,0.9591,0.2361,0.2299,0
h1a_no_jpeg,sd35,75,image_152.png,A person in a flea market,36.234,0.9591,0.2374,0.231,0
h1a_no_jpeg,sd35,70,image_152.png,A person in a city food tour,35.842,0.9547,0.2361,0.2295,0
h1a_no_jpeg,sd35,70,image_152.png,A person in a flea market,35.842,0.9547,0.2374,0.2306,0
h1a_no_jpeg,sd35,none,image_160.png,A person in a flower garden,41.864,0.9955,0.2211,0.2192,0
h1a_no_jpeg,sd35,none,image_160.png,A person in a sports field,41.864,0.9955,0.2205,0.2185,0
h1a_no_jpeg,sd35,75,image_160.png,A person in a flower garden,35.775,0.9524,0.2211,0.2163,0
h1a_no_jpeg,sd35,75,image_160.png,A person in a sports field,35.775,0.9524,0.2205,0.2155,0
h1a_no_jpeg,sd35,70,image_160.png,A person in a flower garden,35.267,0.9472,0.2211,0.2158,0
h1a_no_jpeg,sd35,70,image_160.png,A person in a sports field,35.267,0.9472,0.2205,0.215,0
h1a_no_jpeg,sd35,none,image_163.png,A person in a slum,38.104,0.9915,0.2303,0.227,0
h1a_no_jpeg,sd35,none,image_163.png,A person in a nightclub,38.104,0.9915,0.2282,0.2249,0
h1a_no_jpeg,sd35,75,image_163.png,A person in a slum,34.939,0.9606,0.2303,0.2246,0
h1a_no_jpeg,sd35,75,image_163.png,A person in a nightclub,34.939,0.9606,0.2282,0.2226,0
h1a_no_jpeg,sd35,70,image_163.png,A person in a slum,34.321,0.9541,0.2303,0.2241,0
h1a_no_jpeg,sd35,70,image_163.png,A person in a nightclub,34.321,0.9541,0.2282,0.2222,0
h1a_no_jpeg,sd35,none,image_165.png,A person in a digital art gallery,36.437,0.9902,0.2742,0.2711,0
h1a_no_jpeg,sd35,none,image_165.png,A person in a cocktail bar,36.437,0.9902,0.2717,0.2685,0
h1a_no_jpeg,sd35,75,image_165.png,A person in a digital art gallery,34.648,0.9574,0.2742,0.2695,0
h1a_no_jpeg,sd35,75,image_165.png,A person in a cocktail bar,34.648,0.9574,0.2717,0.2667,0
h1a_no_jpeg,sd35,70,image_165.png,A person in a digital art gallery,34.34,0.953,0.2742,0.2691,0
h1a_no_jpeg,sd35,70,image_165.png,A person in a cocktail bar,34.34,0.953,0.2717,0.2664,0
h1a_no_jpeg,sd35,none,image_169.png,A person in a technology fair,34.151,0.9661,0.1707,0.1579,0
h1a_no_jpeg,sd35,none,image_169.png,A person in a food truck park,34.151,0.9661,0.1732,0.1599,0
h1a_no_jpeg,sd35,75,image_169.png,A person in a technology fair,33.367,0.9396,0.1707,0.159,0
h1a_no_jpeg,sd35,75,image_169.png,A person in a food truck park,33.367,0.9396,0.1732,0.161,0
h1a_no_jpeg,sd35,70,image_169.png,A person in a technology fair,33.206,0.9357,0.1707,0.1589,0
h1a_no_jpeg,sd35,70,image_169.png,A person in a food truck park,33.206,0.9357,0.1732,0.161,0
h1a_no_jpeg,sd35,none,image_170.png,A person in a casino lounge,33.054,0.9754,0.284,0.2685,0
h1a_no_jpeg,sd35,none,image_170.png,A person in a dance festival,33.054,0.9754,0.283,0.267,0
h1a_no_jpeg,sd35,75,image_170.png,A person in a casino lounge,32.095,0.9482,0.284,0.2682,0
h1a_no_jpeg,sd35,75,image_170.png,A person in a dance festival,32.095,0.9482,0.283,0.2669,0
h1a_no_jpeg,sd35,70,image_170.png,A person in a casino lounge,31.916,0.9445,0.284,0.2679,0
h1a_no_jpeg,sd35,70,image_170.png,A person in a dance festival,31.916,0.9445,0.283,0.2667,0
h1a_no_jpeg,sd35,none,image_180.png,A person in a rooftop lounge,30.06,0.9653,0.2189,0.1935,0
h1a_no_jpeg,sd35,none,image_180.png,A person in a gym sauna,30.06,0.9653,0.2192,0.1936,0
h1a_no_jpeg,sd35,75,image_180.png,A person in a rooftop lounge,29.14,0.9205,0.2189,0.1922,0
h1a_no_jpeg,sd35,75,image_180.png,A person in a gym sauna,29.14,0.9205,0.2192,0.1922,0
h1a_no_jpeg,sd35,70,image_180.png,A person in a rooftop lounge,28.989,0.9143,0.2189,0.1918,0
h1a_no_jpeg,sd35,70,image_180.png,A person in a gym sauna,28.989,0.9143,0.2192,0.192,0
h1a_no_jpeg,sd35,none,image_181.png,A person in a butcher shop,43.225,0.9955,0.1371,0.1356,0
h1a_no_jpeg,sd35,none,image_181.png,A person in a highway rest stop,43.225,0.9955,0.1388,0.137,0
h1a_no_jpeg,sd35,75,image_181.png,A person in a butcher shop,38.88,0.9628,0.1371,0.1341,0
h1a_no_jpeg,sd35,75,image_181.png,A person in a highway rest stop,38.88,0.9628,0.1388,0.1354,0
h1a_no_jpeg,sd35,70,image_181.png,A person in a butcher shop,38.434,0.9591,0.1371,0.1337,0
h1a_no_jpeg,sd35,70,image_181.png,A person in a highway rest stop,38.434,0.9591,0.1388,0.1347,0
h1a_no_jpeg,sd35,none,image_185.png,A person in a golf course clubhouse,26.937,0.9458,0.248,0.2069,0
h1a_no_jpeg,sd35,none,image_185.png,A person in a rehab facility,26.937,0.9458,0.2475,0.2068,0
h1a_no_jpeg,sd35,75,image_185.png,A person in a golf course clubhouse,26.823,0.9216,0.248,0.2074,0
h1a_no_jpeg,sd35,75,image_185.png,A person in a rehab facility,26.823,0.9216,0.2475,0.2071,0
h1a_no_jpeg,sd35,70,image_185.png,A person in a golf course clubhouse,26.788,0.9182,0.248,0.2074,0
h1a_no_jpeg,sd35,70,image_185.png,A person in a rehab facility,26.788,0.9182,0.2475,0.2071,0
h1a_no_jpeg,sd35,none,image_186.png,A person in a community arts and crafts market,36.769,0.9845,0.2719,0.2703,0
h1a_no_jpeg,sd35,none,image_186.png,A person in a church sanctuary,36.769,0.9845,0.271,0.2697,0
h1a_no_jpeg,sd35,75,image_186.png,A person in a community arts and crafts market,33.807,0.9547,0.2719,0.268,0
h1a_no_jpeg,sd35,75,image_186.png,A person in a church sanctuary,33.807,0.9547,0.271,0.2674,0
h1a_no_jpeg,sd35,70,image_186.png,A person in a community arts and crafts market,33.336,0.9506,0.2719,0.2677,0
h1a_no_jpeg,sd35,70,image_186.png,A person in a church sanctuary,33.336,0.9506,0.271,0.2672,0
h1a_no_jpeg,sd35,none,image_189.png,A person in a vintage arts fair,38.083,0.9894,0.2015,0.1985,0
h1a_no_jpeg,sd35,none,image_189.png,A person in a bowling alley,38.083,0.9894,0.2034,0.2,0
h1a_no_jpeg,sd35,75,image_189.png,A person in a vintage arts fair,34.037,0.9497,0.2015,0.197,0
h1a_no_jpeg,sd35,75,image_189.png,A person in a bowling alley,34.037,0.9497,0.2034,0.1988,0
h1a_no_jpeg,sd35,70,image_189.png,A person in a vintage arts fair,33.594,0.9451,0.2015,0.1963,0
h1a_no_jpeg,sd35,70,image_189.png,A person in a bowling alley,33.594,0.9451,0.2034,0.1982,0
h1a_no_jpeg,sd35,none,image_201.png,A person in a high-end restaurant,39.452,0.984,0.1562,0.1463,0
h1a_no_jpeg,sd35,none,image_201.png,A person in a bowling alley,39.452,0.984,0.1557,0.1453,0
h1a_no_jpeg,sd35,75,image_201.png,A person in a high-end restaurant,36.549,0.949,0.1562,0.1466,0
h1a_no_jpeg,sd35,75,image_201.png,A person in a bowling alley,36.549,0.949,0.1557,0.1455,0
h1a_no_jpeg,sd35,70,image_201.png,A person in a high-end restaurant,36.188,0.9437,0.1562,0.1457,0
h1a_no_jpeg,sd35,70,image_201.png,A person in a bowling alley,36.188,0.9437,0.1557,0.1448,0
h1a_no_jpeg,sd35,none,image_203.png,A person in a gymnasium,42.008,0.9942,0.247,0.2443,0
h1a_no_jpeg,sd35,none,image_203.png,A person in a brothel,42.008,0.9942,0.2499,0.247,0
h1a_no_jpeg,sd35,75,image_203.png,A person in a gymnasium,38.558,0.974,0.247,0.2433,0
h1a_no_jpeg,sd35,75,image_203.png,A person in a brothel,38.558,0.974,0.2499,0.2459,0
h1a_no_jpeg,sd35,70,image_203.png,A person in a gymnasium,38.18,0.9715,0.247,0.2425,0
h1a_no_jpeg,sd35,70,image_203.png,A person in a brothel,38.18,0.9715,0.2499,0.2452,0
h1a_no_jpeg,sd35,none,image_209.png,A person in a summer camp,38.641,0.9875,0.2022,0.1968,0
h1a_no_jpeg,sd35,none,image_209.png,A person in a TV studio,38.641,0.9875,0.2019,0.1969,0
h1a_no_jpeg,sd35,75,image_209.png,A person in a summer camp,35.94,0.9576,0.2022,0.1955,0
h1a_no_jpeg,sd35,75,image_209.png,A person in a TV studio,35.94,0.9576,0.2019,0.1956,0
h1a_no_jpeg,sd35,70,image_209.png,A person in a summer camp,35.428,0.9522,0.2022,0.1952,0
h1a_no_jpeg,sd35,70,image_209.png,A person in a TV studio,35.428,0.9522,0.2019,0.1952,0
h1a_no_jpeg,sd35,none,image_212.png,A person in a street vendor stand,39.166,0.9796,0.2164,0.2071,0
h1a_no_jpeg,sd35,none,image_212.png,A person in a dog park picnic,39.166,0.9796,0.2205,0.2115,0
h1a_no_jpeg,sd35,75,image_212.png,A person in a street vendor stand,36.288,0.9577,0.2164,0.2076,0
h1a_no_jpeg,sd35,75,image_212.png,A person in a dog park picnic,36.288,0.9577,0.2205,0.2119,0
h1a_no_jpeg,sd35,70,image_212.png,A person in a street vendor stand,35.855,0.9545,0.2164,0.2068,0
h1a_no_jpeg,sd35,70,image_212.png,A person in a dog park picnic,35.855,0.9545,0.2205,0.2113,0
h1a_no_jpeg,sd35,none,image_213.png,A person in a science museum exhibit,30.717,0.955,0.2109,0.1804,0
h1a_no_jpeg,sd35,none,image_213.png,A person in a woodworking shop,30.717,0.955,0.2084,0.1773,0
h1a_no_jpeg,sd35,75,image_213.png,A person in a science museum exhibit,30.35,0.9315,0.2109,0.181,0
h1a_no_jpeg,sd35,75,image_213.png,A person in a woodworking shop,30.35,0.9315,0.2084,0.1779,0
h1a_no_jpeg,sd35,70,image_213.png,A person in a science museum exhibit,30.282,0.9287,0.2109,0.1811,0
h1a_no_jpeg,sd35,70,image_213.png,A person in a woodworking shop,30.282,0.9287,0.2084,0.1778,0
h7_jpeg_robust,sd35,none,image_1.png,A person in a weekend market,28.514,0.9855,0.2544,0.2403,0
h7_jpeg_robust,sd35,none,image_1.png,A person in a police evidence room,28.514,0.9855,0.2555,0.2413,0
h7_jpeg_robust,sd35,75,image_1.png,A person in a weekend market,28.2,0.9501,0.2544,0.2383,0
h7_jpeg_robust,sd35,75,image_1.png,A person in a police evidence room,28.2,0.9501,0.2555,0.2392,0
h7_jpeg_robust,sd35,70,image_1.png,A person in a weekend market,28.131,0.9458,0.2544,0.2377,0
h7_jpeg_robust,sd35,70,image_1.png,A person in a police evidence room,28.131,0.9458,0.2555,0.2388,0
h7_jpeg_robust,sd35,none,image_3.png,A person in a weekend market,31.545,0.9812,0.2322,0.2174,0
h7_jpeg_robust,sd35,none,image_3.png,A person in a TV newsroom,31.545,0.9812,0.2335,0.2187,0
h7_jpeg_robust,sd35,75,image_3.png,A person in a weekend market,30.639,0.9444,0.2322,0.2162,0
h7_jpeg_robust,sd35,75,image_3.png,A person in a TV newsroom,30.639,0.9444,0.2335,0.2174,0
h7_jpeg_robust,sd35,70,image_3.png,A person in a weekend market,30.508,0.9393,0.2322,0.216,0
h7_jpeg_robust,sd35,70,image_3.png,A person in a TV newsroom,30.508,0.9393,0.2335,0.2173,0
h7_jpeg_robust,sd35,none,image_5.png,A person in a church sanctuary,47.954,0.9962,0.239,0.2399,0
h7_jpeg_robust,sd35,none,image_5.png,A person in a charity art auction,47.954,0.9962,0.2396,0.2402,0
h7_jpeg_robust,sd35,75,image_5.png,A person in a church sanctuary,37.57,0.9637,0.239,0.2368,0
h7_jpeg_robust,sd35,75,image_5.png,A person in a charity art auction,37.57,0.9637,0.2396,0.2375,0
h7_jpeg_robust,sd35,70,image_5.png,A person in a church sanctuary,36.877,0.959,0.239,0.2359,0
h7_jpeg_robust,sd35,70,image_5.png,A person in a charity art auction,36.877,0.959,0.2396,0.2367,0
h7_jpeg_robust,sd35,none,image_9.png,A person in a sports field,31.968,0.9862,0.1811,0.1683,0
h7_jpeg_robust,sd35,none,image_9.png,A person in a waterside cafe,31.968,0.9862,0.1821,0.1692,0
h7_jpeg_robust,sd35,75,image_9.png,A person in a sports field,31.449,0.9596,0.1811,0.1657,0
h7_jpeg_robust,sd35,75,image_9.png,A person in a waterside cafe,31.449,0.9596,0.1821,0.1666,0
h7_jpeg_robust,sd35,70,image_9.png,A person in a sports field,31.323,0.955,0.1811,0.1654,0
h7_jpeg_robust,sd35,70,image_9.png,A person in a waterside cafe,31.323,0.955,0.1821,0.1663,0
h7_jpeg_robust,sd35,none,image_13.png,A person in a drive-in theater,54.774,0.9996,0.1878,0.1879,0
h7_jpeg_robust,sd35,none,image_13.png,A person in a shelter,54.774,0.9996,0.1918,0.1919,0
h7_jpeg_robust,sd35,75,image_13.png,A person in a drive-in theater,38.485,0.9652,0.1878,0.1862,0
h7_jpeg_robust,sd35,75,image_13.png,A person in a shelter,38.485,0.9652,0.1918,0.1904,0
h7_jpeg_robust,sd35,70,image_13.png,A person in a drive-in theater,37.805,0.9611,0.1878,0.1855,0
h7_jpeg_robust,sd35,70,image_13.png,A person in a shelter,37.805,0.9611,0.1918,0.1895,0
h7_jpeg_robust,sd35,none,image_18.png,A person in a food truck park,23.804,0.9652,0.2625,0.2291,0
h7_jpeg_robust,sd35,none,image_18.png,A person in a ice cream parlor,23.804,0.9652,0.2628,0.2297,0
h7_jpeg_robust,sd35,75,image_18.png,A person in a food truck park,23.729,0.9368,0.2625,0.2275,0
h7_jpeg_robust,sd35,75,image_18.png,A person in a ice cream parlor,23.729,0.9368,0.2628,0.2281,0
h7_jpeg_robust,sd35,70,image_18.png,A person in a food truck park,23.704,0.9331,0.2625,0.227,0
h7_jpeg_robust,sd35,70,image_18.png,A person in a ice cream parlor,23.704,0.9331,0.2628,0.2275,0
h7_jpeg_robust,sd35,none,image_22.png,A person in a betting shop,26.983,0.9575,0.1622,0.1252,0
h7_jpeg_robust,sd35,none,image_22.png,A person in a charity art auction,26.983,0.9575,0.161,0.1235,0
h7_jpeg_robust,sd35,75,image_22.png,A person in a betting shop,26.842,0.926,0.1622,0.1236,0
h7_jpeg_robust,sd35,75,image_22.png,A person in a charity art auction,26.842,0.926,0.161,0.1223,0
h7_jpeg_robust,sd35,70,image_22.png,A person in a betting shop,26.803,0.9221,0.1622,0.1237,0
h7_jpeg_robust,sd35,70,image_22.png,A person in a charity art auction,26.803,0.9221,0.161,0.1221,0
h7_jpeg_robust,sd35,none,image_23.png,A person in a shelter,44.507,0.9944,0.2345,0.2331,0
h7_jpeg_robust,sd35,none,image_23.png,A person in a local art market,44.507,0.9944,0.2308,0.2295,0
h7_jpeg_robust,sd35,75,image_23.png,A person in a shelter,36.911,0.9521,0.2345,0.2302,0
h7_jpeg_robust,sd35,75,image_23.png,A person in a local art market,36.911,0.9521,0.2308,0.2266,0
h7_jpeg_robust,sd35,70,image_23.png,A person in a shelter,36.412,0.9473,0.2345,0.2294,0
h7_jpeg_robust,sd35,70,image_23.png,A person in a local art market,36.412,0.9473,0.2308,0.2258,0
h7_jpeg_robust,sd35,none,image_29.png,A person in a historic landmark event,47.486,0.9986,0.2535,0.2536,0
h7_jpeg_robust,sd35,none,image_29.png,A person in a gymnasium,47.486,0.9986,0.2482,0.248,0
h7_jpeg_robust,sd35,75,image_29.png,A person in a historic landmark event,38.805,0.9743,0.2535,0.2514,0
h7_jpeg_robust,sd35,75,image_29.png,A person in a gymnasium,38.805,0.9743,0.2482,0.2457,0
h7_jpeg_robust,sd35,70,image_29.png,A person in a historic landmark event,38.237,0.9715,0.2535,0.2511,0
h7_jpeg_robust,sd35,70,image_29.png,A person in a gymnasium,38.237,0.9715,0.2482,0.2456,0
h7_jpeg_robust,sd35,none,image_32.png,A person in a local art market,36.846,0.9881,0.2057,0.1999,0
h7_jpeg_robust,sd35,none,image_32.png,A person in a pet festival,36.846,0.9881,0.205,0.1991,0
h7_jpeg_robust,sd35,75,image_32.png,A person in a local art market,34.44,0.9535,0.2057,0.1979,0
h7_jpeg_robust,sd35,75,image_32.png,A person in a pet festival,34.44,0.9535,0.205,0.1971,0
h7_jpeg_robust,sd35,70,image_32.png,A person in a local art market,34.155,0.9494,0.2057,0.1977,0
h7_jpeg_robust,sd35,70,image_32.png,A person in a pet festival,34.155,0.9494,0.205,0.1967,0
h7_jpeg_robust,sd35,none,image_33.png,A person in a basement,43.843,0.9975,0.235,0.2335,0
h7_jpeg_robust,sd35,none,image_33.png,A person in a movie set,43.843,0.9975,0.2344,0.2328,0
h7_jpeg_robust,sd35,75,image_33.png,A person in a basement,38.43,0.9654,0.235,0.2304,0
h7_jpeg_robust,sd35,75,image_33.png,A person in a movie set,38.43,0.9654,0.2344,0.2297,0
h7_jpeg_robust,sd35,70,image_33.png,A person in a basement,37.972,0.9613,0.235,0.2302,0
h7_jpeg_robust,sd35,70,image_33.png,A person in a movie set,37.972,0.9613,0.2344,0.2296,0
h7_jpeg_robust,sd35,none,image_37.png,A person in a garage,24.98,0.9823,0.2645,0.2487,0
h7_jpeg_robust,sd35,none,image_37.png,A person in a tech startup launch,24.98,0.9823,0.2655,0.2499,0
h7_jpeg_robust,sd35,75,image_37.png,A person in a garage,24.887,0.9529,0.2645,0.2463,0
h7_jpeg_robust,sd35,75,image_37.png,A person in a tech startup launch,24.887,0.9529,0.2655,0.2475,0
h7_jpeg_robust,sd35,70,image_37.png,A person in a garage,24.871,0.9501,0.2645,0.2459,0
h7_jpeg_robust,sd35,70,image_37.png,A person in a tech startup launch,24.871,0.9501,0.2655,0.2472,0
h7_jpeg_robust,sd35,none,image_47.png,A person in a hot dog stand,44.016,0.9947,0.2331,0.2309,0
h7_jpeg_robust,sd35,none,image_47.png,A person in a creative writing event,44.016,0.9947,0.2318,0.2297,0
h7_jpeg_robust,sd35,75,image_47.png,A person in a hot dog stand,37.311,0.9643,0.2331,0.2294,0
h7_jpeg_robust,sd35,75,image_47.png,A person in a creative writing event,37.311,0.9643,0.2318,0.2283,0
h7_jpeg_robust,sd35,70,image_47.png,A person in a hot dog stand,36.797,0.9609,0.2331,0.2288,0
h7_jpeg_robust,sd35,70,image_47.png,A person in a creative writing event,36.797,0.9609,0.2318,0.2278,0
h7_jpeg_robust,sd35,none,image_49.png,A person in a music and arts festival,24.361,0.9348,0.2696,0.2122,1
h7_jpeg_robust,sd35,none,image_49.png,A person in a bus stop shelter,24.361,0.9348,0.2673,0.2102,1
h7_jpeg_robust,sd35,75,image_49.png,A person in a music and arts festival,24.292,0.8989,0.2696,0.2088,1
h7_jpeg_robust,sd35,75,image_49.png,A person in a bus stop shelter,24.292,0.8989,0.2673,0.2068,1
h7_jpeg_robust,sd35,70,image_49.png,A person in a music and arts festival,24.264,0.8955,0.2696,0.2089,1
h7_jpeg_robust,sd35,70,image_49.png,A person in a bus stop shelter,24.264,0.8955,0.2673,0.2071,1
h7_jpeg_robust,sd35,none,image_53.png,A person in a parking structure,22.584,0.9368,0.1983,0.1461,1
h7_jpeg_robust,sd35,none,image_53.png,A person in a science museum exhibit,22.584,0.9368,0.1949,0.143,1
h7_jpeg_robust,sd35,75,image_53.png,A person in a parking structure,22.633,0.9071,0.1983,0.1452,1
h7_jpeg_robust,sd35,75,image_53.png,A person in a science museum exhibit,22.633,0.9071,0.1949,0.1422,1
h7_jpeg_robust,sd35,70,image_53.png,A person in a parking structure,22.62,0.9025,0.1983,0.145,1
h7_jpeg_robust,sd35,70,image_53.png,A person in a science museum exhibit,22.62,0.9025,0.1949,0.1419,1
h7_jpeg_robust,sd35,none,image_57.png,A person in a gym sauna,34.906,0.9821,0.2405,0.235,0
h7_jpeg_robust,sd35,none,image_57.png,A person in a community theater production,34.906,0.9821,0.2423,0.2364,0
h7_jpeg_robust,sd35,75,image_57.png,A person in a gym sauna,33.395,0.9515,0.2405,0.2319,0
h7_jpeg_robust,sd35,75,image_57.png,A person in a community theater production,33.395,0.9515,0.2423,0.2334,0
h7_jpeg_robust,sd35,70,image_57.png,A person in a gym sauna,33.174,0.9477,0.2405,0.2315,0
h7_jpeg_robust,sd35,70,image_57.png,A person in a community theater production,33.174,0.9477,0.2423,0.233,0
h7_jpeg_robust,sd35,none,image_58.png,A person in a costume shop,37.167,0.9919,0.2528,0.2494,0
h7_jpeg_robust,sd35,none,image_58.png,A person in a candle shop,37.167,0.9919,0.2528,0.2491,0
h7_jpeg_robust,sd35,75,image_58.png,A person in a costume shop,32.789,0.9405,0.2528,0.2457,0
h7_jpeg_robust,sd35,75,image_58.png,A person in a candle shop,32.789,0.9405,0.2528,0.2456,0
h7_jpeg_robust,sd35,70,image_58.png,A person in a costume shop,32.368,0.9344,0.2528,0.245,0
h7_jpeg_robust,sd35,70,image_58.png,A person in a candle shop,32.368,0.9344,0.2528,0.2447,0
h7_jpeg_robust,sd35,none,image_66.png,A person in a gym sauna,28.111,0.981,0.2461,0.2274,0
h7_jpeg_robust,sd35,none,image_66.png,A person in a technology fair,28.111,0.981,0.2478,0.2293,0
h7_jpeg_robust,sd35,75,image_66.png,A person in a gym sauna,27.924,0.9584,0.2461,0.2254,0
h7_jpeg_robust,sd35,75,image_66.png,A person in a technology fair,27.924,0.9584,0.2478,0.2272,0
h7_jpeg_robust,sd35,70,image_66.png,A person in a gym sauna,27.895,0.9557,0.2461,0.2247,0
h7_jpeg_robust,sd35,70,image_66.png,A person in a technology fair,27.895,0.9557,0.2478,0.2264,0
h7_jpeg_robust,sd35,none,image_67.png,A person in a butcher’s shop,27.849,0.9698,0.2418,0.2122,0
h7_jpeg_robust,sd35,none,image_67.png,A person in a pet festival,27.849,0.9698,0.2421,0.2127,0
h7_jpeg_robust,sd35,75,image_67.png,A person in a butcher’s shop,27.714,0.945,0.2418,0.2109,0
h7_jpeg_robust,sd35,75,image_67.png,A person in a pet festival,27.714,0.945,0.2421,0.2113,0
h7_jpeg_robust,sd35,70,image_67.png,A person in a butcher’s shop,27.67,0.9418,0.2418,0.2103,0
h7_jpeg_robust,sd35,70,image_67.png,A person in a pet festival,27.67,0.9418,0.2421,0.2107,0
h7_jpeg_robust,sd35,none,image_73.png,A person in a locker room,34.319,0.9903,0.2169,0.2079,0
h7_jpeg_robust,sd35,none,image_73.png,A person in a street market,34.319,0.9903,0.2185,0.2093,0
h7_jpeg_robust,sd35,75,image_73.png,A person in a locker room,32.709,0.946,0.2169,0.205,0
h7_jpeg_robust,sd35,75,image_73.png,A person in a street market,32.709,0.946,0.2185,0.2065,0
h7_jpeg_robust,sd35,70,image_73.png,A person in a locker room,32.497,0.941,0.2169,0.2046,0
h7_jpeg_robust,sd35,70,image_73.png,A person in a street market,32.497,0.941,0.2185,0.206,0
h7_jpeg_robust,sd35,none,image_80.png,A person in a hot dog stand,32.2,0.9807,0.2319,0.222,0
h7_jpeg_robust,sd35,none,image_80.png,A person in a bridal fitting room,32.2,0.9807,0.2251,0.2154,0
h7_jpeg_robust,sd35,75,image_80.png,A person in a hot dog stand,31.218,0.9476,0.2319,0.2201,0
h7_jpeg_robust,sd35,75,image_80.png,A person in a bridal fitting room,31.218,0.9476,0.2251,0.2135,0
h7_jpeg_robust,sd35,70,image_80.png,A person in a hot dog stand,31.016,0.9421,0.2319,0.2199,0
h7_jpeg_robust,sd35,70,image_80.png,A person in a bridal fitting room,31.016,0.9421,0.2251,0.2133,0
h7_jpeg_robust,sd35,none,image_82.png,A person in a beach resort,35.374,0.9911,0.1987,0.1918,0
h7_jpeg_robust,sd35,none,image_82.png,A person in a transit station,35.374,0.9911,0.1965,0.1894,0
h7_jpeg_robust,sd35,75,image_82.png,A person in a beach resort,34.31,0.9663,0.1987,0.1893,0
h7_jpeg_robust,sd35,75,image_82.png,A person in a transit station,34.31,0.9663,0.1965,0.187,0
h7_jpeg_robust,sd35,70,image_82.png,A person in a beach resort,34.111,0.9624,0.1987,0.189,0
h7_jpeg_robust,sd35,70,image_82.png,A person in a transit station,34.111,0.9624,0.1965,0.1869,0
h7_jpeg_robust,sd35,none,image_93.png,A person in a motel room,42.973,0.9928,0.2826,0.2788,0
h7_jpeg_robust,sd35,none,image_93.png,A person in a tech launch event,42.973,0.9928,0.2813,0.2773,0
h7_jpeg_robust,sd35,75,image_93.png,A person in a motel room,34.788,0.9587,0.2826,0.2773,0
h7_jpeg_robust,sd35,75,image_93.png,A person in a tech launch event,34.788,0.9587,0.2813,0.276,0
h7_jpeg_robust,sd35,70,image_93.png,A person in a motel room,34.137,0.9538,0.2826,0.277,0
h7_jpeg_robust,sd35,70,image_93.png,A person in a tech launch event,34.137,0.9538,0.2813,0.2756,0
h7_jpeg_robust,sd35,none,image_94.png,A person in a computer lab,50.93,0.9982,0.2646,0.2629,0
h7_jpeg_robust,sd35,none,image_94.png,A person in a lobby,50.93,0.9982,0.2677,0.2662,0
h7_jpeg_robust,sd35,75,image_94.png,A person in a computer lab,37.423,0.9683,0.2646,0.261,0
h7_jpeg_robust,sd35,75,image_94.png,A person in a lobby,37.423,0.9683,0.2677,0.2643,0
h7_jpeg_robust,sd35,70,image_94.png,A person in a computer lab,36.69,0.9641,0.2646,0.2601,0
h7_jpeg_robust,sd35,70,image_94.png,A person in a lobby,36.69,0.9641,0.2677,0.2632,0
h7_jpeg_robust,sd35,none,image_104.png,A person in a pet festival,50.994,0.9993,0.1977,0.1982,0
h7_jpeg_robust,sd35,none,image_104.png,A person in a slum,50.994,0.9993,0.198,0.1985,0
h7_jpeg_robust,sd35,75,image_104.png,A person in a pet festival,38.633,0.9661,0.1977,0.1965,0
h7_jpeg_robust,sd35,75,image_104.png,A person in a slum,38.633,0.9661,0.198,0.1969,0
h7_jpeg_robust,sd35,70,image_104.png,A person in a pet festival,38.012,0.962,0.1977,0.1962,0
h7_jpeg_robust,sd35,70,image_104.png,A person in a slum,38.012,0.962,0.198,0.1964,0
h7_jpeg_robust,sd35,none,image_110.png,A person in a gym sauna,49.499,0.9994,0.2557,0.2558,0
h7_jpeg_robust,sd35,none,image_110.png,A person in a glass factory,49.499,0.9994,0.255,0.255,0
h7_jpeg_robust,sd35,75,image_110.png,A person in a gym sauna,39.035,0.9695,0.2557,0.2534,0
h7_jpeg_robust,sd35,75,image_110.png,A person in a glass factory,39.035,0.9695,0.255,0.2528,0
h7_jpeg_robust,sd35,70,image_110.png,A person in a gym sauna,38.452,0.9661,0.2557,0.2528,0
h7_jpeg_robust,sd35,70,image_110.png,A person in a glass factory,38.452,0.9661,0.255,0.2523,0
h7_jpeg_robust,sd35,none,image_115.png,A person in a tram stop,24.934,0.9644,0.2715,0.2467,0
h7_jpeg_robust,sd35,none,image_115.png,A person in a fish market,24.934,0.9644,0.2714,0.2471,0
h7_jpeg_robust,sd35,75,image_115.png,A person in a tram stop,24.744,0.9274,0.2715,0.2443,0
h7_jpeg_robust,sd35,75,image_115.png,A person in a fish market,24.744,0.9274,0.2714,0.2447,0
h7_jpeg_robust,sd35,70,image_115.png,A person in a tram stop,24.699,0.9222,0.2715,0.244,0
h7_jpeg_robust,sd35,70,image_115.png,A person in a fish market,24.699,0.9222,0.2714,0.2445,0
h7_jpeg_robust,sd35,none,image_121.png,A person in a basement,43.245,0.9933,0.2211,0.2221,0
h7_jpeg_robust,sd35,none,image_121.png,A person in a dormitory,43.245,0.9933,0.2227,0.2232,0
h7_jpeg_robust,sd35,75,image_121.png,A person in a basement,37.933,0.9627,0.2211,0.2193,0
h7_jpeg_robust,sd35,75,image_121.png,A person in a dormitory,37.933,0.9627,0.2227,0.2203,0
h7_jpeg_robust,sd35,70,image_121.png,A person in a basement,37.504,0.9588,0.2211,0.2188,0
h7_jpeg_robust,sd35,70,image_121.png,A person in a dormitory,37.504,0.9588,0.2227,0.2198,0
h7_jpeg_robust,sd35,none,image_129.png,A person in a tech startup,22.578,0.9688,0.2733,0.2419,0
h7_jpeg_robust,sd35,none,image_129.png,A person in a brewery tour,22.578,0.9688,0.2732,0.2419,0
h7_jpeg_robust,sd35,75,image_129.png,A person in a tech startup,22.524,0.9446,0.2733,0.24,0
h7_jpeg_robust,sd35,75,image_129.png,A person in a brewery tour,22.524,0.9446,0.2732,0.2398,0
h7_jpeg_robust,sd35,70,image_129.png,A person in a tech startup,22.492,0.9411,0.2733,0.2393,0
h7_jpeg_robust,sd35,70,image_129.png,A person in a brewery tour,22.492,0.9411,0.2732,0.2391,0
h7_jpeg_robust,sd35,none,image_133.png,A person in a laundry room,38.097,0.9933,0.2072,0.2063,0
h7_jpeg_robust,sd35,none,image_133.png,A person in a tech startup,38.097,0.9933,0.2068,0.2063,0
h7_jpeg_robust,sd35,75,image_133.png,A person in a laundry room,33.432,0.9571,0.2072,0.2054,0
h7_jpeg_robust,sd35,75,image_133.png,A person in a tech startup,33.432,0.9571,0.2068,0.2052,0
h7_jpeg_robust,sd35,70,image_133.png,A person in a laundry room,32.988,0.9521,0.2072,0.2049,0
h7_jpeg_robust,sd35,70,image_133.png,A person in a tech startup,32.988,0.9521,0.2068,0.2048,0
h7_jpeg_robust,sd35,none,image_135.png,A person in a music studio,35.14,0.9675,0.1824,0.1672,0
h7_jpeg_robust,sd35,none,image_135.png,A person in a local crafts market,35.14,0.9675,0.1838,0.1697,0
h7_jpeg_robust,sd35,75,image_135.png,A person in a music studio,33.176,0.9296,0.1824,0.1654,0
h7_jpeg_robust,sd35,75,image_135.png,A person in a local crafts market,33.176,0.9296,0.1838,0.1677,0
h7_jpeg_robust,sd35,70,image_135.png,A person in a music studio,32.915,0.9253,0.1824,0.1656,0
h7_jpeg_robust,sd35,70,image_135.png,A person in a local crafts market,32.915,0.9253,0.1838,0.1678,0
h7_jpeg_robust,sd35,none,image_142.png,A person in a bowling alley,22.348,0.9666,0.2361,0.2069,0
h7_jpeg_robust,sd35,none,image_142.png,A person in a climbing wall,22.348,0.9666,0.2381,0.2091,0
h7_jpeg_robust,sd35,75,image_142.png,A person in a bowling alley,22.304,0.9317,0.2361,0.2052,0
h7_jpeg_robust,sd35,75,image_142.png,A person in a climbing wall,22.304,0.9317,0.2381,0.2074,0
h7_jpeg_robust,sd35,70,image_142.png,A person in a bowling alley,22.295,0.9273,0.2361,0.2049,0
h7_jpeg_robust,sd35,70,image_142.png,A person in a climbing wall,22.295,0.9273,0.2381,0.2073,0
h7_jpeg_robust,sd35,none,image_149.png,A person in a music and arts festival,30.92,0.9842,0.2179,0.2041,0
h7_jpeg_robust,sd35,none,image_149.png,A person in a costume party,30.92,0.9842,0.2182,0.204,0
h7_jpeg_robust,sd35,75,image_149.png,A person in a music and arts festival,30.617,0.9534,0.2179,0.2019,0
h7_jpeg_robust,sd35,75,image_149.png,A person in a costume party,30.617,0.9534,0.2182,0.2017,0
h7_jpeg_robust,sd35,70,image_149.png,A person in a music and arts festival,30.574,0.9493,0.2179,0.2015,0
h7_jpeg_robust,sd35,70,image_149.png,A person in a costume party,30.574,0.9493,0.2182,0.2014,0
h7_jpeg_robust,sd35,none,image_151.png,A person in a charity art auction,20.401,0.9274,0.3576,0.2962,1
h7_jpeg_robust,sd35,none,image_151.png,A person in a customs checkpoint,20.401,0.9274,0.3575,0.2958,1
h7_jpeg_robust,sd35,75,image_151.png,A person in a charity art auction,20.472,0.8956,0.3576,0.2937,1
h7_jpeg_robust,sd35,75,image_151.png,A person in a customs checkpoint,20.472,0.8956,0.3575,0.2934,1
h7_jpeg_robust,sd35,70,image_151.png,A person in a charity art auction,20.464,0.8919,0.3576,0.293,1
h7_jpeg_robust,sd35,70,image_151.png,A person in a customs checkpoint,20.464,0.8919,0.3575,0.2927,1
h7_jpeg_robust,sd35,none,image_152.png,A person in a city food tour,29.863,0.9851,0.2362,0.2238,0
h7_jpeg_robust,sd35,none,image_152.png,A person in a flea market,29.863,0.9851,0.2374,0.225,0
h7_jpeg_robust,sd35,75,image_152.png,A person in a city food tour,29.417,0.9501,0.2362,0.2219,0
h7_jpeg_robust,sd35,75,image_152.png,A person in a flea market,29.417,0.9501,0.2374,0.2232,0
h7_jpeg_robust,sd35,70,image_152.png,A person in a city food tour,29.33,0.9457,0.2362,0.2215,0
h7_jpeg_robust,sd35,70,image_152.png,A person in a flea market,29.33,0.9457,0.2374,0.2226,0
h7_jpeg_robust,sd35,none,image_160.png,A person in a flower garden,38.514,0.9968,0.2211,0.2202,0
h7_jpeg_robust,sd35,none,image_160.png,A person in a sports field,38.514,0.9968,0.2205,0.2196,0
h7_jpeg_robust,sd35,75,image_160.png,A person in a flower garden,34.591,0.9524,0.2211,0.2174,0
h7_jpeg_robust,sd35,75,image_160.png,A person in a sports field,34.591,0.9524,0.2205,0.2167,0
h7_jpeg_robust,sd35,70,image_160.png,A person in a flower garden,34.159,0.9472,0.2211,0.2171,0
h7_jpeg_robust,sd35,70,image_160.png,A person in a sports field,34.159,0.9472,0.2205,0.2163,0
h7_jpeg_robust,sd35,none,image_163.png,A person in a slum,31.826,0.9869,0.2303,0.2205,0
h7_jpeg_robust,sd35,none,image_163.png,A person in a nightclub,31.826,0.9869,0.2282,0.2183,0
h7_jpeg_robust,sd35,75,image_163.png,A person in a slum,30.895,0.9556,0.2303,0.2184,0
h7_jpeg_robust,sd35,75,image_163.png,A person in a nightclub,30.895,0.9556,0.2282,0.2162,0
h7_jpeg_robust,sd35,70,image_163.png,A person in a slum,30.677,0.9491,0.2303,0.2181,0
h7_jpeg_robust,sd35,70,image_163.png,A person in a nightclub,30.677,0.9491,0.2282,0.2159,0
h7_jpeg_robust,sd35,none,image_165.png,A person in a digital art gallery,40.7,0.9964,0.2742,0.2719,0
h7_jpeg_robust,sd35,none,image_165.png,A person in a cocktail bar,40.7,0.9964,0.2717,0.2693,0
h7_jpeg_robust,sd35,75,image_165.png,A person in a digital art gallery,36.366,0.961,0.2742,0.2692,0
h7_jpeg_robust,sd35,75,image_165.png,A person in a cocktail bar,36.366,0.961,0.2717,0.2667,0
h7_jpeg_robust,sd35,70,image_165.png,A person in a digital art gallery,35.914,0.9565,0.2742,0.2686,0
h7_jpeg_robust,sd35,70,image_165.png,A person in a cocktail bar,35.914,0.9565,0.2717,0.266,0
h7_jpeg_robust,sd35,none,image_169.png,A person in a technology fair,25.104,0.9657,0.1707,0.1486,0
h7_jpeg_robust,sd35,none,image_169.png,A person in a food truck park,25.104,0.9657,0.1732,0.1506,0
h7_jpeg_robust,sd35,75,image_169.png,A person in a technology fair,25.032,0.9338,0.1707,0.1476,0
h7_jpeg_robust,sd35,75,image_169.png,A person in a food truck park,25.032,0.9338,0.1732,0.1498,0
h7_jpeg_robust,sd35,70,image_169.png,A person in a technology fair,25.005,0.9296,0.1707,0.1476,0
h7_jpeg_robust,sd35,70,image_169.png,A person in a food truck park,25.005,0.9296,0.1732,0.1498,0
h7_jpeg_robust,sd35,none,image_170.png,A person in a casino lounge,31.689,0.9834,0.284,0.2704,0
h7_jpeg_robust,sd35,none,image_170.png,A person in a dance festival,31.689,0.9834,0.283,0.2693,0
h7_jpeg_robust,sd35,75,image_170.png,A person in a casino lounge,30.956,0.952,0.284,0.2693,0
h7_jpeg_robust,sd35,75,image_170.png,A person in a dance festival,30.956,0.952,0.283,0.2681,0
h7_jpeg_robust,sd35,70,image_170.png,A person in a casino lounge,30.806,0.9479,0.284,0.2686,0
h7_jpeg_robust,sd35,70,image_170.png,A person in a dance festival,30.806,0.9479,0.283,0.2675,0
h7_jpeg_robust,sd35,none,image_180.png,A person in a rooftop lounge,18.416,0.8656,0.2188,0.0998,1
h7_jpeg_robust,sd35,none,image_180.png,A person in a gym sauna,18.416,0.8656,0.2192,0.1007,1
h7_jpeg_robust,sd35,75,image_180.png,A person in a rooftop lounge,18.373,0.8204,0.2188,0.0986,1
h7_jpeg_robust,sd35,75,image_180.png,A person in a gym sauna,18.373,0.8204,0.2192,0.0995,1
h7_jpeg_robust,sd35,70,image_180.png,A person in a rooftop lounge,18.362,0.8146,0.2188,0.0982,1
h7_jpeg_robust,sd35,70,image_180.png,A person in a gym sauna,18.362,0.8146,0.2192,0.0991,1
h7_jpeg_robust,sd35,none,image_181.png,A person in a butcher shop,48.012,0.9967,0.1371,0.1383,0
h7_jpeg_robust,sd35,none,image_181.png,A person in a highway rest stop,48.012,0.9967,0.1388,0.1396,0
h7_jpeg_robust,sd35,75,image_181.png,A person in a butcher shop,39.749,0.9636,0.1371,0.1366,0
h7_jpeg_robust,sd35,75,image_181.png,A person in a highway rest stop,39.749,0.9636,0.1388,0.1377,0
h7_jpeg_robust,sd35,70,image_181.png,A person in a butcher shop,39.197,0.9599,0.1371,0.1363,0
h7_jpeg_robust,sd35,70,image_181.png,A person in a highway rest stop,39.197,0.9599,0.1388,0.1372,0
h7_jpeg_robust,sd35,none,image_185.png,A person in a golf course clubhouse,20.069,0.9208,0.248,0.1799,1
h7_jpeg_robust,sd35,none,image_185.png,A person in a rehab facility,20.069,0.9208,0.2475,0.1797,1
h7_jpeg_robust,sd35,75,image_185.png,A person in a golf course clubhouse,20.106,0.894,0.248,0.1793,1
h7_jpeg_robust,sd35,75,image_185.png,A person in a rehab facility,20.106,0.894,0.2475,0.1792,1
h7_jpeg_robust,sd35,70,image_185.png,A person in a golf course clubhouse,20.105,0.8903,0.248,0.1793,1
h7_jpeg_robust,sd35,70,image_185.png,A person in a rehab facility,20.105,0.8903,0.2475,0.1791,1
h7_jpeg_robust,sd35,none,image_186.png,A person in a community arts and crafts market,44.529,0.9945,0.2719,0.2698,0
h7_jpeg_robust,sd35,none,image_186.png,A person in a church sanctuary,44.529,0.9945,0.271,0.2686,0
h7_jpeg_robust,sd35,75,image_186.png,A person in a community arts and crafts market,35.456,0.9624,0.2719,0.2674,0
h7_jpeg_robust,sd35,75,image_186.png,A person in a church sanctuary,35.456,0.9624,0.271,0.2663,0
h7_jpeg_robust,sd35,70,image_186.png,A person in a community arts and crafts market,34.738,0.9579,0.2719,0.2672,0
h7_jpeg_robust,sd35,70,image_186.png,A person in a church sanctuary,34.738,0.9579,0.271,0.266,0
h7_jpeg_robust,sd35,none,image_189.png,A person in a vintage arts fair,42.17,0.9941,0.2015,0.2011,0
h7_jpeg_robust,sd35,none,image_189.png,A person in a bowling alley,42.17,0.9941,0.2034,0.2023,0
h7_jpeg_robust,sd35,75,image_189.png,A person in a vintage arts fair,34.847,0.9518,0.2015,0.1986,0
h7_jpeg_robust,sd35,75,image_189.png,A person in a bowling alley,34.847,0.9518,0.2034,0.2001,0
h7_jpeg_robust,sd35,70,image_189.png,A person in a vintage arts fair,34.329,0.9472,0.2015,0.198,0
h7_jpeg_robust,sd35,70,image_189.png,A person in a bowling alley,34.329,0.9472,0.2034,0.1996,0
h7_jpeg_robust,sd35,none,image_201.png,A person in a high-end restaurant,40.628,0.9881,0.1562,0.1477,0
h7_jpeg_robust,sd35,none,image_201.png,A person in a bowling alley,40.628,0.9881,0.1557,0.147,0
h7_jpeg_robust,sd35,75,image_201.png,A person in a high-end restaurant,36.696,0.9511,0.1562,0.1471,0
h7_jpeg_robust,sd35,75,image_201.png,A person in a bowling alley,36.696,0.9511,0.1557,0.1466,0
h7_jpeg_robust,sd35,70,image_201.png,A person in a high-end restaurant,36.378,0.9461,0.1562,0.1468,0
h7_jpeg_robust,sd35,70,image_201.png,A person in a bowling alley,36.378,0.9461,0.1557,0.1462,0
h7_jpeg_robust,sd35,none,image_203.png,A person in a gymnasium,51.553,0.999,0.247,0.2454,0
h7_jpeg_robust,sd35,none,image_203.png,A person in a brothel,51.553,0.999,0.25,0.2483,0
h7_jpeg_robust,sd35,75,image_203.png,A person in a gymnasium,39.979,0.9771,0.247,0.2436,0
h7_jpeg_robust,sd35,75,image_203.png,A person in a brothel,39.979,0.9771,0.25,0.2463,0
h7_jpeg_robust,sd35,70,image_203.png,A person in a gymnasium,39.363,0.9745,0.247,0.2428,0
h7_jpeg_robust,sd35,70,image_203.png,A person in a brothel,39.363,0.9745,0.25,0.2454,0
h7_jpeg_robust,sd35,none,image_209.png,A person in a summer camp,38.466,0.9936,0.2022,0.1994,0
h7_jpeg_robust,sd35,none,image_209.png,A person in a TV studio,38.466,0.9936,0.202,0.1992,0
h7_jpeg_robust,sd35,75,image_209.png,A person in a summer camp,35.552,0.9608,0.2022,0.197,0
h7_jpeg_robust,sd35,75,image_209.png,A person in a TV studio,35.552,0.9608,0.202,0.1966,0
h7_jpeg_robust,sd35,70,image_209.png,A person in a summer camp,35.083,0.9554,0.2022,0.1968,0
h7_jpeg_robust,sd35,70,image_209.png,A person in a TV studio,35.083,0.9554,0.202,0.1963,0
h7_jpeg_robust,sd35,none,image_212.png,A person in a street vendor stand,51.403,0.9975,0.2164,0.214,0
h7_jpeg_robust,sd35,none,image_212.png,A person in a dog park picnic,51.403,0.9975,0.2205,0.2183,0
h7_jpeg_robust,sd35,75,image_212.png,A person in a street vendor stand,38.102,0.9701,0.2164,0.2123,0
h7_jpeg_robust,sd35,75,image_212.png,A person in a dog park picnic,38.102,0.9701,0.2205,0.2161,0
h7_jpeg_robust,sd35,70,image_212.png,A person in a street vendor stand,37.446,0.9663,0.2164,0.2113,0
h7_jpeg_robust,sd35,70,image_212.png,A person in a dog park picnic,37.446,0.9663,0.2205,0.2155,0
h7_jpeg_robust,sd35,none,image_213.png,A person in a science museum exhibit,33.352,0.9759,0.2109,0.1939,0
h7_jpeg_robust,sd35,none,image_213.png,A person in a woodworking shop,33.352,0.9759,0.2084,0.1912,0
h7_jpeg_robust,sd35,75,image_213.png,A person in a science museum exhibit,32.486,0.9481,0.2109,0.1922,0
h7_jpeg_robust,sd35,75,image_213.png,A person in a woodworking shop,32.486,0.9481,0.2084,0.1893,0
h7_jpeg_robust,sd35,70,image_213.png,A person in a science museum exhibit,32.373,0.9448,0.2109,0.1918,0
h7_jpeg_robust,sd35,70,image_213.png,A person in a woodworking shop,32.373,0.9448,0.2084,0.1889,0
